exporter_iso3,importer_iso3,hormuz_share
ABW,BEL,0.0
ABW,KOR,0.0
ABW,NLD,0.0
ABW,SAU,0.0
AFG,BFA,0.0
AFG,BHR,0.0
AFG,CAN,0.0
AFG,GBR,0.0
AFG,MOZ,0.0
AFG,PAK,0.0
AFG,POL,0.0
AFG,UZB,0.0
AGO,BEL,0.0
AGO,BFA,0.0
AGO,BGR,0.0
AGO,BIH,0.0
AGO,BRA,0.0
AGO,CAN,0.0
AGO,CHN,0.0
AGO,CZE,0.0
AGO,DEU,0.0
AGO,DOM,0.0
AGO,ESP,0.0
AGO,FRA,0.0
AGO,GBR,0.0
AGO,GIB,0.0
AGO,GRC,0.0
AGO,HRV,0.0
AGO,IDN,0.0
AGO,IND,0.0
AGO,ISR,0.0
AGO,ITA,0.0
AGO,MAR,0.0
AGO,MUS,0.0
AGO,MYS,0.0
AGO,NAM,0.0
AGO,NLD,0.0
AGO,POL,0.0
AGO,PRT,0.0
AGO,S19,0.0
AGO,SGP,0.0
AGO,SRB,0.0
AGO,THA,0.0
AGO,TUR,0.0
AGO,USA,0.0
AGO,VNM,0.0
AGO,ZAF,0.0
AIA,PER,0.0
AIA,PRY,0.0
ALB,AUT,0.0
ALB,BEL,0.0
ALB,BGR,0.0
ALB,BHR,0.0
ALB,BIH,0.0
ALB,BLZ,0.0
ALB,CAN,0.0
ALB,CHE,0.0
ALB,CHN,0.0
ALB,CIV,0.0
ALB,CYP,0.0
ALB,CZE,0.0
ALB,DEU,0.0
ALB,DNK,0.0
ALB,ECU,0.0
ALB,ESP,0.0
ALB,EST,0.0
ALB,FIN,0.0
ALB,FRA,0.0
ALB,GBR,0.0
ALB,GRC,0.0
ALB,HRV,0.0
ALB,IRL,0.0
ALB,ISR,0.0
ALB,ITA,0.0
ALB,LKA,0.0
ALB,LTU,0.0
ALB,LUX,0.0
ALB,MAR,0.0
ALB,MKD,0.0
ALB,MLT,0.0
ALB,MNE,0.0
ALB,NLD,0.0
ALB,PAN,0.0
ALB,POL,0.0
ALB,PRT,0.0
ALB,ROU,0.0
ALB,SAU,0.0
ALB,SEN,0.0
ALB,SRB,0.0
ALB,SVK,0.0
ALB,SVN,0.0
ALB,SWE,0.0
ALB,THA,0.0
ALB,TUN,0.0
ALB,TUR,0.0
ALB,UKR,0.0
ALB,UZB,0.0
ALB,ZAF,0.0
AND,CAN,0.0
AND,ESP,0.0
AND,FRA,0.0
AND,ITA,0.0
AND,POL,0.0
AND,SLV,0.0
ARE,AGO,1.0
ARE,ARG,1.0
ARE,ARM,1.0
ARE,AUS,1.0
ARE,AUT,1.0
ARE,AZE,1.0
ARE,BEL,1.0
ARE,BEN,1.0
ARE,BFA,1.0
ARE,BGR,1.0
ARE,BHR,1.0
ARE,BIH,1.0
ARE,BLZ,1.0
ARE,BOL,1.0
ARE,BRA,1.0
ARE,BRB,1.0
ARE,BRN,1.0
ARE,CAF,1.0
ARE,CAN,1.0
ARE,CHE,1.0
ARE,CHL,1.0
ARE,CHN,0.5
ARE,CIV,1.0
ARE,COL,1.0
ARE,CRI,1.0
ARE,CYP,1.0
ARE,DEU,1.0
ARE,DNK,1.0
ARE,DOM,1.0
ARE,ECU,1.0
ARE,EGY,1.0
ARE,ESP,1.0
ARE,FIN,1.0
ARE,FJI,1.0
ARE,FRA,1.0
ARE,GBR,1.0
ARE,GMB,1.0
ARE,GRC,1.0
ARE,GTM,1.0
ARE,HKG,1.0
ARE,HND,1.0
ARE,HUN,1.0
ARE,IDN,1.0
ARE,IND,0.5
ARE,IRL,1.0
ARE,ISL,1.0
ARE,ISR,1.0
ARE,ITA,1.0
ARE,JPN,0.5
ARE,KAZ,1.0
ARE,KEN,1.0
ARE,KGZ,1.0
ARE,KHM,1.0
ARE,KOR,0.5
ARE,KWT,1.0
ARE,LKA,1.0
ARE,LSO,1.0
ARE,LTU,1.0
ARE,LUX,1.0
ARE,LVA,1.0
ARE,MAR,1.0
ARE,MDA,1.0
ARE,MDG,1.0
ARE,MDV,1.0
ARE,MEX,1.0
ARE,MKD,1.0
ARE,MLT,1.0
ARE,MMR,1.0
ARE,MOZ,1.0
ARE,MRT,1.0
ARE,MUS,1.0
ARE,MWI,1.0
ARE,MYS,1.0
ARE,NAM,1.0
ARE,NER,1.0
ARE,NGA,1.0
ARE,NIC,1.0
ARE,NLD,1.0
ARE,NOR,1.0
ARE,NZL,1.0
ARE,PAK,1.0
ARE,PAN,1.0
ARE,PER,1.0
ARE,PHL,1.0
ARE,POL,1.0
ARE,PRT,1.0
ARE,PRY,1.0
ARE,QAT,1.0
ARE,ROU,1.0
ARE,S19,1.0
ARE,SAU,1.0
ARE,SEN,1.0
ARE,SGP,1.0
ARE,SLV,1.0
ARE,SRB,1.0
ARE,SVK,1.0
ARE,SVN,1.0
ARE,SWE,1.0
ARE,SYC,1.0
ARE,THA,1.0
ARE,TUN,1.0
ARE,TUR,1.0
ARE,TZA,1.0
ARE,UGA,1.0
ARE,UKR,1.0
ARE,URY,1.0
ARE,USA,1.0
ARE,UZB,1.0
ARE,ZAF,1.0
ARE,ZMB,1.0
ARE,ZWE,1.0
ARG,AUS,0.0
ARG,BEL,0.0
ARG,BFA,0.0
ARG,BGR,0.0
ARG,BLZ,0.0
ARG,BOL,0.0
ARG,BRA,0.0
ARG,CAN,0.0
ARG,CHL,0.0
ARG,CHN,0.0
ARG,COL,0.0
ARG,DEU,0.0
ARG,DOM,0.0
ARG,ECU,0.0
ARG,ESP,0.0
ARG,FRA,0.0
ARG,GTM,0.0
ARG,HND,0.0
ARG,HUN,0.0
ARG,IND,0.0
ARG,ISL,0.0
ARG,ITA,0.0
ARG,KEN,0.0
ARG,KOR,0.0
ARG,MYS,0.0
ARG,NER,0.0
ARG,NGA,0.0
ARG,NIC,0.0
ARG,NLD,0.0
ARG,PAN,0.0
ARG,PER,0.0
ARG,PRY,0.0
ARG,SEN,0.0
ARG,SGP,0.0
ARG,SWE,0.0
ARG,THA,0.0
ARG,TUR,0.0
ARG,TZA,0.0
ARG,UGA,0.0
ARG,URY,0.0
ARG,USA,0.0
ARG,ZAF,0.0
ARG,ZMB,0.0
ARM,BGR,0.0
ARM,BLR,0.0
ARM,CAN,0.0
ARM,CZE,0.0
ARM,DEU,0.0
ARM,FRA,0.0
ARM,GEO,0.0
ARM,IRN,0.0
ARM,RUS,0.0
ARM,ZAF,0.0
ASM,IDN,0.0
ASM,NER,0.0
ASM,SEN,0.0
ATG,BHS,0.0
ATG,BMU,0.0
ATG,DOM,0.0
ATG,FRA,0.0
ATG,ITA,0.0
ATG,MUS,0.0
ATG,NLD,0.0
ATG,SEN,0.0
ATG,USA,0.0
ATG,ZAF,0.0
AUS,ARE,0.0
AUS,ARG,0.0
AUS,AUT,0.0
AUS,AZE,0.0
AUS,BEL,0.0
AUS,BFA,0.0
AUS,BGR,0.0
AUS,BHR,0.0
AUS,BIH,0.0
AUS,BRA,0.0
AUS,BRN,0.0
AUS,CAN,0.0
AUS,CCK,0.0
AUS,CHE,0.0
AUS,CHL,0.0
AUS,CHN,0.0
AUS,CIV,0.0
AUS,COK,0.0
AUS,COL,0.0
AUS,CXR,0.0
AUS,CYP,0.0
AUS,CZE,0.0
AUS,DEU,0.0
AUS,DNK,0.0
AUS,ECU,0.0
AUS,EGY,0.0
AUS,ESP,0.0
AUS,EST,0.0
AUS,FIN,0.0
AUS,FJI,0.0
AUS,FRA,0.0
AUS,GAB,0.0
AUS,GBR,0.0
AUS,GEO,0.0
AUS,GHA,0.0
AUS,GRC,0.0
AUS,HKG,0.0
AUS,HRV,0.0
AUS,HUN,0.0
AUS,IDN,0.0
AUS,IND,0.0
AUS,IRL,0.0
AUS,ISL,0.0
AUS,ISR,0.0
AUS,ITA,0.0
AUS,JPN,0.0
AUS,KEN,0.0
AUS,KHM,0.0
AUS,KIR,0.0
AUS,KOR,0.0
AUS,KWT,0.0
AUS,LAO,0.0
AUS,LKA,0.0
AUS,LUX,0.0
AUS,MAR,0.0
AUS,MDA,0.0
AUS,MDV,0.0
AUS,MEX,0.0
AUS,MHL,0.0
AUS,MMR,0.0
AUS,MNE,0.0
AUS,MNG,0.0
AUS,MUS,0.0
AUS,MYS,0.0
AUS,NAM,0.0
AUS,NCL,0.0
AUS,NFK,0.0
AUS,NGA,0.0
AUS,NIC,0.0
AUS,NLD,0.0
AUS,NOR,0.0
AUS,NPL,0.0
AUS,NRU,0.0
AUS,NZL,0.0
AUS,PAK,0.0
AUS,PER,0.0
AUS,PHL,0.0
AUS,PNG,0.0
AUS,POL,0.0
AUS,PRT,0.0
AUS,PYF,0.0
AUS,S19,0.0
AUS,SAU,0.0
AUS,SEN,0.0
AUS,SGP,0.0
AUS,SLB,0.0
AUS,SLV,0.0
AUS,SRB,0.0
AUS,SVK,0.0
AUS,SVN,0.0
AUS,SWE,0.0
AUS,THA,0.0
AUS,TLS,0.0
AUS,TON,0.0
AUS,TUN,0.0
AUS,TUR,0.0
AUS,TUV,0.0
AUS,TZA,0.0
AUS,UGA,0.0
AUS,URY,0.0
AUS,USA,0.0
AUS,VNM,0.0
AUS,VUT,0.0
AUS,WLF,0.0
AUS,WSM,0.0
AUS,ZAF,0.0
AUS,ZMB,0.0
AUT,ALB,0.0
AUT,AND,0.0
AUT,ARE,0.0
AUT,ARG,0.0
AUT,ARM,0.0
AUT,AUS,0.0
AUT,AZE,0.0
AUT,BEL,0.0
AUT,BFA,0.0
AUT,BGD,0.0
AUT,BGR,0.0
AUT,BHR,0.0
AUT,BHS,0.0
AUT,BIH,0.0
AUT,BLR,0.0
AUT,BOL,0.0
AUT,BRA,0.0
AUT,CAN,0.0
AUT,CHE,0.0
AUT,CHL,0.0
AUT,CHN,0.0
AUT,COD,0.0
AUT,COL,0.0
AUT,CRI,0.0
AUT,CUB,0.0
AUT,CYP,0.0
AUT,CZE,0.0
AUT,DEU,0.0
AUT,DJI,0.0
AUT,DMA,0.0
AUT,DNK,0.0
AUT,DOM,0.0
AUT,DZA,0.0
AUT,ECU,0.0
AUT,EGY,0.0
AUT,ERI,0.0
AUT,ESP,0.0
AUT,EST,0.0
AUT,FIN,0.0
AUT,FRA,0.0
AUT,GBR,0.0
AUT,GEO,0.0
AUT,GHA,0.0
AUT,GIN,0.0
AUT,GRC,0.0
AUT,GTM,0.0
AUT,HKG,0.0
AUT,HND,0.0
AUT,HRV,0.0
AUT,HUN,0.0
AUT,IDN,0.0
AUT,IND,0.0
AUT,IRL,0.0
AUT,IRN,0.0
AUT,IRQ,0.0
AUT,ISL,0.0
AUT,ISR,0.0
AUT,ITA,0.0
AUT,JAM,0.0
AUT,JOR,0.0
AUT,JPN,0.0
AUT,KAZ,0.0
AUT,KEN,0.0
AUT,KGZ,0.0
AUT,KOR,0.0
AUT,KWT,0.0
AUT,LAO,0.0
AUT,LBN,0.0
AUT,LBY,0.0
AUT,LKA,0.0
AUT,LTU,0.0
AUT,LUX,0.0
AUT,LVA,0.0
AUT,MAC,0.0
AUT,MAR,0.0
AUT,MDA,0.0
AUT,MDG,0.0
AUT,MDV,0.0
AUT,MEX,0.0
AUT,MKD,0.0
AUT,MLT,0.0
AUT,MNE,0.0
AUT,MRT,0.0
AUT,MUS,0.0
AUT,MYS,0.0
AUT,NAM,0.0
AUT,NCL,0.0
AUT,NGA,0.0
AUT,NIC,0.0
AUT,NLD,0.0
AUT,NOR,0.0
AUT,NPL,0.0
AUT,NZL,0.0
AUT,OMN,0.0
AUT,PAK,0.0
AUT,PAN,0.0
AUT,PER,0.0
AUT,PHL,0.0
AUT,POL,0.0
AUT,PRT,0.0
AUT,PSE,0.0
AUT,QAT,0.0
AUT,ROU,0.0
AUT,RWA,0.0
AUT,S19,0.0
AUT,SAU,0.0
AUT,SEN,0.0
AUT,SGP,0.0
AUT,SLV,0.0
AUT,SMR,0.0
AUT,SRB,0.0
AUT,SVK,0.0
AUT,SVN,0.0
AUT,SWE,0.0
AUT,SXM,0.0
AUT,SYC,0.0
AUT,THA,0.0
AUT,TJK,0.0
AUT,TKM,0.0
AUT,TTO,0.0
AUT,TUN,0.0
AUT,TUR,0.0
AUT,TZA,0.0
AUT,UGA,0.0
AUT,UKR,0.0
AUT,URY,0.0
AUT,USA,0.0
AUT,UZB,0.0
AUT,VEN,0.0
AUT,VNM,0.0
AUT,YEM,0.0
AUT,ZAF,0.0
AUT,ZMB,0.0
AUT,ZWE,0.0
AZE,ABW,0.0
AZE,AFG,0.0
AZE,ALB,0.0
AZE,ARE,0.0
AZE,ARG,0.0
AZE,AUS,0.0
AZE,AUT,0.0
AZE,BEL,0.0
AZE,BGR,0.0
AZE,BHR,0.0
AZE,BLR,0.0
AZE,BMU,0.0
AZE,BRA,0.0
AZE,CAN,0.0
AZE,CHE,0.0
AZE,CHN,0.0
AZE,COL,0.0
AZE,CYM,0.0
AZE,CYP,0.0
AZE,CZE,0.0
AZE,DEU,0.0
AZE,DNK,0.0
AZE,DOM,0.0
AZE,DZA,0.0
AZE,ECU,0.0
AZE,EGY,0.0
AZE,ESP,0.0
AZE,EST,0.0
AZE,FIN,0.0
AZE,FRA,0.0
AZE,GBR,0.0
AZE,GEO,0.0
AZE,GMB,0.0
AZE,GRC,0.0
AZE,HRV,0.0
AZE,HUN,0.0
AZE,IDN,0.0
AZE,IND,0.0
AZE,IRL,0.0
AZE,IRN,0.0
AZE,IRQ,0.0
AZE,ISL,0.0
AZE,ISR,0.0
AZE,ITA,0.0
AZE,JOR,0.0
AZE,KAZ,0.0
AZE,KEN,0.0
AZE,KGZ,0.0
AZE,KOR,0.0
AZE,KWT,0.0
AZE,LBN,0.0
AZE,LBY,0.0
AZE,LTU,0.0
AZE,LUX,0.0
AZE,LVA,0.0
AZE,MAR,0.0
AZE,MDA,0.0
AZE,MLT,0.0
AZE,MNG,0.0
AZE,NGA,0.0
AZE,NLD,0.0
AZE,NOR,0.0
AZE,NZL,0.0
AZE,PAK,0.0
AZE,PER,0.0
AZE,POL,0.0
AZE,PRT,0.0
AZE,QAT,0.0
AZE,ROU,0.0
AZE,RUS,0.0
AZE,S19,0.0
AZE,SAU,0.0
AZE,SGP,0.0
AZE,SMR,0.0
AZE,SRB,0.0
AZE,SVK,0.0
AZE,SVN,0.0
AZE,THA,0.0
AZE,TJK,0.0
AZE,TKM,0.0
AZE,TUN,0.0
AZE,TUR,0.0
AZE,UKR,0.0
AZE,URY,0.0
AZE,USA,0.0
AZE,UZB,0.0
AZE,VNM,0.0
AZE,YEM,0.0
AZE,ZAF,0.0
BDI,MYS,0.0
BEL,ABW,0.0
BEL,AFG,0.0
BEL,AGO,0.0
BEL,ALB,0.0
BEL,AND,0.0
BEL,ARE,0.0
BEL,ARG,0.0
BEL,ARM,0.0
BEL,ATG,0.0
BEL,AUS,0.0
BEL,AUT,0.0
BEL,AZE,0.0
BEL,BDI,0.0
BEL,BEN,0.0
BEL,BES,0.0
BEL,BFA,0.0
BEL,BGD,0.0
BEL,BGR,0.0
BEL,BHR,0.0
BEL,BHS,0.0
BEL,BIH,0.0
BEL,BLR,0.0
BEL,BLZ,0.0
BEL,BOL,0.0
BEL,BRA,0.0
BEL,BRB,0.0
BEL,BRN,0.0
BEL,BWA,0.0
BEL,CAF,0.0
BEL,CAN,0.0
BEL,CHE,0.0
BEL,CHL,0.0
BEL,CHN,0.0
BEL,CIV,0.0
BEL,CMR,0.0
BEL,COD,0.0
BEL,COG,0.0
BEL,COL,0.0
BEL,COM,0.0
BEL,CPV,0.0
BEL,CRI,0.0
BEL,CUB,0.0
BEL,CUW,0.0
BEL,CYP,0.0
BEL,CZE,0.0
BEL,DEU,0.0
BEL,DJI,0.0
BEL,DNK,0.0
BEL,DOM,0.0
BEL,DZA,0.0
BEL,ECU,0.0
BEL,EGY,0.0
BEL,ESP,0.0
BEL,EST,0.0
BEL,ETH,0.0
BEL,FIN,0.0
BEL,FRA,0.0
BEL,GAB,0.0
BEL,GBR,0.0
BEL,GEO,0.0
BEL,GHA,0.0
BEL,GIB,0.0
BEL,GIN,0.0
BEL,GMB,0.0
BEL,GNB,0.0
BEL,GNQ,0.0
BEL,GRC,0.0
BEL,GRL,0.0
BEL,GTM,0.0
BEL,GUY,0.0
BEL,HKG,0.0
BEL,HND,0.0
BEL,HRV,0.0
BEL,HTI,0.0
BEL,HUN,0.0
BEL,IDN,0.0
BEL,IND,0.0
BEL,IRL,0.0
BEL,IRN,0.0
BEL,IRQ,0.0
BEL,ISL,0.0
BEL,ISR,0.0
BEL,ITA,0.0
BEL,JAM,0.0
BEL,JOR,0.0
BEL,JPN,0.0
BEL,KAZ,0.0
BEL,KEN,0.0
BEL,KGZ,0.0
BEL,KHM,0.0
BEL,KOR,0.0
BEL,KWT,0.0
BEL,LBN,0.0
BEL,LBR,0.0
BEL,LBY,0.0
BEL,LKA,0.0
BEL,LTU,0.0
BEL,LUX,0.0
BEL,LVA,0.0
BEL,MAR,0.0
BEL,MDA,0.0
BEL,MDG,0.0
BEL,MDV,0.0
BEL,MEX,0.0
BEL,MKD,0.0
BEL,MLI,0.0
BEL,MLT,0.0
BEL,MMR,0.0
BEL,MNE,0.0
BEL,MNG,0.0
BEL,MOZ,0.0
BEL,MRT,0.0
BEL,MUS,0.0
BEL,MWI,0.0
BEL,MYS,0.0
BEL,NAM,0.0
BEL,NCL,0.0
BEL,NER,0.0
BEL,NGA,0.0
BEL,NIC,0.0
BEL,NLD,0.0
BEL,NOR,0.0
BEL,NPL,0.0
BEL,NZL,0.0
BEL,OMN,0.0
BEL,PAK,0.0
BEL,PAN,0.0
BEL,PER,0.0
BEL,PHL,0.0
BEL,PNG,0.0
BEL,POL,0.0
BEL,PRT,0.0
BEL,PRY,0.0
BEL,PSE,0.0
BEL,PYF,0.0
BEL,QAT,0.0
BEL,ROU,0.0
BEL,RWA,0.0
BEL,S19,0.0
BEL,SAU,0.0
BEL,SDN,0.0
BEL,SEN,0.0
BEL,SGP,0.0
BEL,SLE,0.0
BEL,SLV,0.0
BEL,SRB,0.0
BEL,SSD,0.0
BEL,SUR,0.0
BEL,SVK,0.0
BEL,SVN,0.0
BEL,SWE,0.0
BEL,SWZ,0.0
BEL,SXM,0.0
BEL,SYC,0.0
BEL,SYR,0.0
BEL,TCD,0.0
BEL,TGO,0.0
BEL,THA,0.0
BEL,TJK,0.0
BEL,TKM,0.0
BEL,TTO,0.0
BEL,TUN,0.0
BEL,TUR,0.0
BEL,TZA,0.0
BEL,UGA,0.0
BEL,UKR,0.0
BEL,URY,0.0
BEL,USA,0.0
BEL,UZB,0.0
BEL,VEN,0.0
BEL,VNM,0.0
BEL,WLF,0.0
BEL,YEM,0.0
BEL,ZAF,0.0
BEL,ZMB,0.0
BEL,ZWE,0.0
BEN,BEL,0.0
BEN,BFA,0.0
BEN,BHS,0.0
BEN,CAN,0.0
BEN,CHN,0.0
BEN,CIV,0.0
BEN,DEU,0.0
BEN,DNK,0.0
BEN,ESP,0.0
BEN,FRA,0.0
BEN,IND,0.0
BEN,ISL,0.0
BEN,KOR,0.0
BEN,KWT,0.0
BEN,MAR,0.0
BEN,MLI,0.0
BEN,MYS,0.0
BEN,NER,0.0
BEN,NGA,0.0
BEN,NLD,0.0
BEN,RUS,0.0
BEN,SGP,0.0
BEN,TGO,0.0
BES,BEL,0.0
BES,FRA,0.0
BES,NLD,0.0
BFA,ABW,0.0
BFA,BEL,0.0
BFA,BEN,0.0
BFA,CAF,0.0
BFA,CAN,0.0
BFA,CHE,0.0
BFA,CHN,0.0
BFA,CIV,0.0
BFA,CMR,0.0
BFA,DEU,0.0
BFA,DZA,0.0
BFA,EGY,0.0
BFA,ETH,0.0
BFA,FRA,0.0
BFA,GAB,0.0
BFA,GHA,0.0
BFA,IDN,0.0
BFA,IRN,0.0
BFA,ISL,0.0
BFA,ITA,0.0
BFA,KEN,0.0
BFA,KGZ,0.0
BFA,LBR,0.0
BFA,LBY,0.0
BFA,LTU,0.0
BFA,LUX,0.0
BFA,MAR,0.0
BFA,MDA,0.0
BFA,MLI,0.0
BFA,MLT,0.0
BFA,MOZ,0.0
BFA,MRT,0.0
BFA,NER,0.0
BFA,NGA,0.0
BFA,NLD,0.0
BFA,POL,0.0
BFA,PRK,0.0
BFA,RUS,0.0
BFA,SAU,0.0
BFA,SDN,0.0
BFA,SEN,0.0
BFA,SMR,0.0
BFA,SWE,0.0
BFA,TGO,0.0
BFA,TUN,0.0
BFA,TUR,0.0
BFA,TZA,0.0
BFA,UKR,0.0
BFA,USA,0.0
BFA,ZAF,0.0
BGD,AUT,0.0
BGD,BEL,0.0
BGD,CAN,0.0
BGD,CHE,0.0
BGD,DNK,0.0
BGD,FRA,0.0
BGD,GBR,0.0
BGD,GTM,0.0
BGD,IND,0.0
BGD,ISL,0.0
BGD,JPN,0.0
BGD,KGZ,0.0
BGD,KOR,0.0
BGD,LUX,0.0
BGD,MYS,0.0
BGD,NLD,0.0
BGD,SGP,0.0
BGD,SRB,0.0
BGD,THA,0.0
BGR,AGO,0.0
BGR,ALB,0.0
BGR,ARE,0.0
BGR,ARM,0.0
BGR,ATG,0.0
BGR,AUS,0.0
BGR,AUT,0.0
BGR,AZE,0.0
BGR,BEL,0.0
BGR,BFA,0.0
BGR,BHR,0.0
BGR,BIH,0.0
BGR,BLR,0.0
BGR,BLZ,0.0
BGR,CHE,0.0
BGR,CHN,0.0
BGR,CIV,0.0
BGR,COD,0.0
BGR,CUB,0.0
BGR,CYP,0.0
BGR,CZE,0.0
BGR,DEU,0.0
BGR,DNK,0.0
BGR,DZA,0.0
BGR,EGY,0.0
BGR,ESP,0.0
BGR,EST,0.0
BGR,FIN,0.0
BGR,FRA,0.0
BGR,GBR,0.0
BGR,GEO,0.0
BGR,GHA,0.0
BGR,GIB,0.0
BGR,GRC,0.0
BGR,GTM,0.0
BGR,HKG,0.0
BGR,HND,0.0
BGR,HRV,0.0
BGR,HUN,0.0
BGR,IDN,0.0
BGR,IRL,0.0
BGR,IRN,0.0
BGR,IRQ,0.0
BGR,ISL,0.0
BGR,ISR,0.0
BGR,ITA,0.0
BGR,KAZ,0.0
BGR,KGZ,0.0
BGR,LBN,0.0
BGR,LTU,0.0
BGR,LUX,0.0
BGR,LVA,0.0
BGR,MAR,0.0
BGR,MDA,0.0
BGR,MHL,0.0
BGR,MKD,0.0
BGR,MLT,0.0
BGR,MNE,0.0
BGR,MUS,0.0
BGR,NAM,0.0
BGR,NIC,0.0
BGR,NLD,0.0
BGR,NOR,0.0
BGR,NZL,0.0
BGR,OMN,0.0
BGR,PAN,0.0
BGR,PER,0.0
BGR,PLW,0.0
BGR,POL,0.0
BGR,PRT,0.0
BGR,ROU,0.0
BGR,S19,0.0
BGR,SAU,0.0
BGR,SEN,0.0
BGR,SGP,0.0
BGR,SLV,0.0
BGR,SRB,0.0
BGR,SVK,0.0
BGR,SVN,0.0
BGR,SWE,0.0
BGR,THA,0.0
BGR,TUN,0.0
BGR,TUR,0.0
BGR,UKR,0.0
BGR,USA,0.0
BGR,UZB,0.0
BGR,ZAF,0.0
BGR,ZMB,0.0
BHR,ARE,1.0
BHR,ARG,1.0
BHR,AUS,1.0
BHR,BEL,1.0
BHR,BGD,1.0
BHR,BIH,1.0
BHR,BRA,1.0
BHR,CAN,1.0
BHR,CHE,1.0
BHR,CHN,1.0
BHR,DEU,1.0
BHR,DOM,1.0
BHR,EGY,1.0
BHR,ESP,1.0
BHR,FRA,1.0
BHR,GBR,1.0
BHR,HKG,1.0
BHR,IDN,1.0
BHR,IND,1.0
BHR,ISR,1.0
BHR,ITA,1.0
BHR,JPN,1.0
BHR,KEN,1.0
BHR,KOR,1.0
BHR,LKA,1.0
BHR,LTU,1.0
BHR,MAR,1.0
BHR,MDG,1.0
BHR,MEX,1.0
BHR,MOZ,1.0
BHR,MYS,1.0
BHR,NAM,1.0
BHR,NLD,1.0
BHR,PAK,1.0
BHR,PHL,1.0
BHR,POL,1.0
BHR,PRY,1.0
BHR,QAT,1.0
BHR,SAU,1.0
BHR,SEN,1.0
BHR,SGP,1.0
BHR,THA,1.0
BHR,TUN,1.0
BHR,TUR,1.0
BHR,TZA,1.0
BHR,UGA,1.0
BHR,USA,1.0
BHR,ZAF,1.0
BHR,ZMB,1.0
BHR,ZWE,1.0
BHS,BEL,0.0
BHS,BFA,0.0
BHS,BMU,0.0
BHS,BRA,0.0
BHS,CAN,0.0
BHS,CYP,0.0
BHS,DOM,0.0
BHS,ESP,0.0
BHS,GTM,0.0
BHS,HND,0.0
BHS,IND,0.0
BHS,KOR,0.0
BHS,NAM,0.0
BHS,NLD,0.0
BHS,SAU,0.0
BHS,SGP,0.0
BHS,TZA,0.0
BHS,USA,0.0
BHS,ZAF,0.0
BHS,ZMB,0.0
BHS,ZWE,0.0
BIH,ALB,0.0
BIH,ARE,0.0
BIH,AUT,0.0
BIH,BEL,0.0
BIH,BGR,0.0
BIH,BLR,0.0
BIH,CHN,0.0
BIH,CYP,0.0
BIH,CZE,0.0
BIH,DEU,0.0
BIH,ESP,0.0
BIH,EST,0.0
BIH,FRA,0.0
BIH,GRC,0.0
BIH,HRV,0.0
BIH,HUN,0.0
BIH,IRL,0.0
BIH,ITA,0.0
BIH,KOR,0.0
BIH,LBY,0.0
BIH,LVA,0.0
BIH,MDA,0.0
BIH,MKD,0.0
BIH,MNE,0.0
BIH,MUS,0.0
BIH,NAM,0.0
BIH,NLD,0.0
BIH,PER,0.0
BIH,POL,0.0
BIH,SGP,0.0
BIH,SRB,0.0
BIH,SVK,0.0
BIH,SVN,0.0
BIH,SWE,0.0
BIH,TUR,0.0
BIH,VNM,0.0
BLM,CZE,0.0
BLM,FRA,0.0
BLM,NLD,0.0
BLR,ARM,0.0
BLR,AZE,0.0
BLR,CHN,0.0
BLR,DEU,0.0
BLR,GTM,0.0
BLR,KAZ,0.0
BLR,KGZ,0.0
BLR,LTU,0.0
BLR,LVA,0.0
BLR,TUN,0.0
BLR,TUR,0.0
BLR,USA,0.0
BLR,UZB,0.0
BLZ,GTM,0.0
BLZ,MEX,0.0
BLZ,SLV,0.0
BLZ,USA,0.0
BMU,CAN,0.0
BMU,ISL,0.0
BMU,NLD,0.0
BMU,USA,0.0
BMU,ZAF,0.0
BOL,ARG,0.0
BOL,AUT,0.0
BOL,BGR,0.0
BOL,BRA,0.0
BOL,CAN,0.0
BOL,CHE,0.0
BOL,CHL,0.0
BOL,COL,0.0
BOL,DOM,0.0
BOL,ECU,0.0
BOL,ESP,0.0
BOL,FRA,0.0
BOL,GBR,0.0
BOL,MEX,0.0
BOL,MLT,0.0
BOL,MYS,0.0
BOL,PAN,0.0
BOL,PER,0.0
BOL,PRY,0.0
BOL,URY,0.0
BOL,USA,0.0
BOL,VEN,0.0
BRA,ABW,0.0
BRA,AGO,0.0
BRA,AIA,0.0
BRA,AND,0.0
BRA,ARE,0.0
BRA,ARG,0.0
BRA,ARM,0.0
BRA,ATG,0.0
BRA,AUS,0.0
BRA,AUT,0.0
BRA,AZE,0.0
BRA,BEL,0.0
BRA,BES,0.0
BRA,BFA,0.0
BRA,BGD,0.0
BRA,BGR,0.0
BRA,BHR,0.0
BRA,BHS,0.0
BRA,BLZ,0.0
BRA,BMU,0.0
BRA,BOL,0.0
BRA,BRB,0.0
BRA,BWA,0.0
BRA,CAN,0.0
BRA,CHE,0.0
BRA,CHL,0.0
BRA,CHN,0.0
BRA,CIV,0.0
BRA,CMR,0.0
BRA,COD,0.0
BRA,COG,0.0
BRA,COK,0.0
BRA,COL,0.0
BRA,COM,0.0
BRA,CPV,0.0
BRA,CRI,0.0
BRA,CUB,0.0
BRA,CUW,0.0
BRA,CYM,0.0
BRA,CYP,0.0
BRA,CZE,0.0
BRA,DEU,0.0
BRA,DJI,0.0
BRA,DNK,0.0
BRA,DOM,0.0
BRA,DZA,0.0
BRA,ECU,0.0
BRA,EGY,0.0
BRA,ESP,0.0
BRA,EST,0.0
BRA,ETH,0.0
BRA,FIN,0.0
BRA,FLK,0.0
BRA,FRA,0.0
BRA,GAB,0.0
BRA,GBR,0.0
BRA,GEO,0.0
BRA,GHA,0.0
BRA,GIB,0.0
BRA,GIN,0.0
BRA,GMB,0.0
BRA,GNB,0.0
BRA,GRC,0.0
BRA,GRD,0.0
BRA,GTM,0.0
BRA,GUM,0.0
BRA,GUY,0.0
BRA,HKG,0.0
BRA,HND,0.0
BRA,HRV,0.0
BRA,HTI,0.0
BRA,HUN,0.0
BRA,IDN,0.0
BRA,IND,0.0
BRA,IRL,0.0
BRA,ISL,0.0
BRA,ISR,0.0
BRA,ITA,0.0
BRA,JAM,0.0
BRA,JPN,0.0
BRA,KEN,0.0
BRA,KNA,0.0
BRA,KOR,0.0
BRA,KWT,0.0
BRA,LBN,0.0
BRA,LBR,0.0
BRA,LBY,0.0
BRA,LCA,0.0
BRA,LKA,0.0
BRA,LTU,0.0
BRA,LUX,0.0
BRA,LVA,0.0
BRA,MAC,0.0
BRA,MAR,0.0
BRA,MEX,0.0
BRA,MHL,0.0
BRA,MLT,0.0
BRA,MNE,0.0
BRA,MNP,0.0
BRA,MOZ,0.0
BRA,MSR,0.0
BRA,MUS,0.0
BRA,MYS,0.0
BRA,NAM,0.0
BRA,NGA,0.0
BRA,NIC,0.0
BRA,NLD,0.0
BRA,NOR,0.0
BRA,NZL,0.0
BRA,PAK,0.0
BRA,PAN,0.0
BRA,PER,0.0
BRA,PHL,0.0
BRA,PLW,0.0
BRA,PNG,0.0
BRA,POL,0.0
BRA,PRT,0.0
BRA,PRY,0.0
BRA,QAT,0.0
BRA,ROU,0.0
BRA,RUS,0.0
BRA,S19,0.0
BRA,SAU,0.0
BRA,SEN,0.0
BRA,SGP,0.0
BRA,SLB,0.0
BRA,SLE,0.0
BRA,SLV,0.0
BRA,SMR,0.0
BRA,SRB,0.0
BRA,SUR,0.0
BRA,SVN,0.0
BRA,SWE,0.0
BRA,SXM,0.0
BRA,TGO,0.0
BRA,THA,0.0
BRA,TTO,0.0
BRA,TUR,0.0
BRA,TZA,0.0
BRA,UGA,0.0
BRA,UKR,0.0
BRA,URY,0.0
BRA,USA,0.0
BRA,VCT,0.0
BRA,VEN,0.0
BRA,VNM,0.0
BRA,ZAF,0.0
BRA,ZMB,0.0
BRA,ZWE,0.0
BRB,BEL,0.0
BRB,BHS,0.0
BRB,BMU,0.0
BRB,CYM,0.0
BRB,DNK,0.0
BRB,GBR,0.0
BRB,GRC,0.0
BRB,HND,0.0
BRB,IRL,0.0
BRB,JAM,0.0
BRB,LCA,0.0
BRB,SWE,0.0
BRB,USA,0.0
BRB,VCT,0.0
BRB,VGB,0.0
BRB,ZAF,0.0
BRN,AUS,0.0
BRN,CHN,0.0
BRN,CUW,0.0
BRN,CZE,0.0
BRN,DEU,0.0
BRN,IDN,0.0
BRN,IND,0.0
BRN,JPN,0.0
BRN,KHM,0.0
BRN,KOR,0.0
BRN,MYS,0.0
BRN,NLD,0.0
BRN,NZL,0.0
BRN,PHL,0.0
BRN,POL,0.0
BRN,S19,0.0
BRN,SGP,0.0
BRN,THA,0.0
BRN,USA,0.0
BRN,VNM,0.0
BTN,SWE,0.0
BWA,AGO,0.0
BWA,ISR,0.0
BWA,KEN,0.0
BWA,LSO,0.0
BWA,NAM,0.0
BWA,ZAF,0.0
BWA,ZWE,0.0
CAF,ARE,0.0
CAF,CMR,0.0
CAF,KEN,0.0
CAN,AGO,0.0
CAN,AIA,0.0
CAN,ALB,0.0
CAN,ARE,0.0
CAN,ARG,0.0
CAN,ARM,0.0
CAN,AUS,0.0
CAN,AUT,0.0
CAN,AZE,0.0
CAN,BEL,0.0
CAN,BEN,0.0
CAN,BES,0.0
CAN,BFA,0.0
CAN,BGD,0.0
CAN,BGR,0.0
CAN,BHR,0.0
CAN,BHS,0.0
CAN,BIH,0.0
CAN,BLZ,0.0
CAN,BMU,0.0
CAN,BOL,0.0
CAN,BRA,0.0
CAN,BRB,0.0
CAN,BRN,0.0
CAN,CHE,0.0
CAN,CHL,0.0
CAN,CHN,0.0
CAN,CIV,0.0
CAN,CMR,0.0
CAN,COD,0.0
CAN,COG,0.0
CAN,COL,0.0
CAN,CRI,0.0
CAN,CUB,0.0
CAN,CUW,0.0
CAN,CZE,0.0
CAN,DEU,0.0
CAN,DNK,0.0
CAN,DOM,0.0
CAN,DZA,0.0
CAN,ECU,0.0
CAN,EGY,0.0
CAN,ESP,0.0
CAN,EST,0.0
CAN,FIN,0.0
CAN,FJI,0.0
CAN,FRA,0.0
CAN,GBR,0.0
CAN,GHA,0.0
CAN,GIB,0.0
CAN,GIN,0.0
CAN,GRC,0.0
CAN,GRL,0.0
CAN,GTM,0.0
CAN,GUY,0.0
CAN,HKG,0.0
CAN,HND,0.0
CAN,HRV,0.0
CAN,HTI,0.0
CAN,HUN,0.0
CAN,IDN,0.0
CAN,IND,0.0
CAN,IRL,0.0
CAN,IRQ,0.0
CAN,ISL,0.0
CAN,ISR,0.0
CAN,ITA,0.0
CAN,JAM,0.0
CAN,JOR,0.0
CAN,JPN,0.0
CAN,KAZ,0.0
CAN,KEN,0.0
CAN,KGZ,0.0
CAN,KHM,0.0
CAN,KOR,0.0
CAN,KWT,0.0
CAN,LBN,0.0
CAN,LBY,0.0
CAN,LCA,0.0
CAN,LKA,0.0
CAN,LTU,0.0
CAN,LUX,0.0
CAN,LVA,0.0
CAN,MAC,0.0
CAN,MAR,0.0
CAN,MDA,0.0
CAN,MDG,0.0
CAN,MDV,0.0
CAN,MEX,0.0
CAN,MKD,0.0
CAN,MLT,0.0
CAN,MMR,0.0
CAN,MNE,0.0
CAN,MNG,0.0
CAN,MOZ,0.0
CAN,MRT,0.0
CAN,MUS,0.0
CAN,MYS,0.0
CAN,NAM,0.0
CAN,NGA,0.0
CAN,NIC,0.0
CAN,NLD,0.0
CAN,NOR,0.0
CAN,NZL,0.0
CAN,OMN,0.0
CAN,PAK,0.0
CAN,PAN,0.0
CAN,PER,0.0
CAN,PHL,0.0
CAN,PNG,0.0
CAN,POL,0.0
CAN,PRT,0.0
CAN,PRY,0.0
CAN,QAT,0.0
CAN,ROU,0.0
CAN,S19,0.0
CAN,SAU,0.0
CAN,SEN,0.0
CAN,SGP,0.0
CAN,SLV,0.0
CAN,SPM,0.0
CAN,SRB,0.0
CAN,SUR,0.0
CAN,SVK,0.0
CAN,SVN,0.0
CAN,SWE,0.0
CAN,TCA,0.0
CAN,TCD,0.0
CAN,THA,0.0
CAN,TKM,0.0
CAN,TTO,0.0
CAN,TUN,0.0
CAN,TUR,0.0
CAN,TZA,0.0
CAN,UGA,0.0
CAN,UKR,0.0
CAN,URY,0.0
CAN,USA,0.0
CAN,UZB,0.0
CAN,VEN,0.0
CAN,VNM,0.0
CAN,VUT,0.0
CAN,ZAF,0.0
CAN,ZMB,0.0
CAN,ZWE,0.0
CHE,ABW,0.0
CHE,AGO,0.0
CHE,ALB,0.0
CHE,AND,0.0
CHE,ARE,0.0
CHE,ARG,0.0
CHE,ARM,0.0
CHE,AUS,0.0
CHE,AUT,0.0
CHE,AZE,0.0
CHE,BEL,0.0
CHE,BEN,0.0
CHE,BFA,0.0
CHE,BGD,0.0
CHE,BGR,0.0
CHE,BHR,0.0
CHE,BIH,0.0
CHE,BLR,0.0
CHE,BMU,0.0
CHE,BOL,0.0
CHE,BRA,0.0
CHE,BWA,0.0
CHE,CAN,0.0
CHE,CHL,0.0
CHE,CHN,0.0
CHE,CIV,0.0
CHE,CMR,0.0
CHE,COL,0.0
CHE,CRI,0.0
CHE,CUW,0.0
CHE,CYM,0.0
CHE,CYP,0.0
CHE,CZE,0.0
CHE,DEU,0.0
CHE,DNK,0.0
CHE,DOM,0.0
CHE,DZA,0.0
CHE,ECU,0.0
CHE,EGY,0.0
CHE,ESP,0.0
CHE,EST,0.0
CHE,ETH,0.0
CHE,FIN,0.0
CHE,FJI,0.0
CHE,FRA,0.0
CHE,GAB,0.0
CHE,GBR,0.0
CHE,GEO,0.0
CHE,GHA,0.0
CHE,GIN,0.0
CHE,GMB,0.0
CHE,GRC,0.0
CHE,GTM,0.0
CHE,GUM,0.0
CHE,HKG,0.0
CHE,HND,0.0
CHE,HRV,0.0
CHE,HUN,0.0
CHE,IDN,0.0
CHE,IND,0.0
CHE,IRL,0.0
CHE,IRQ,0.0
CHE,ISL,0.0
CHE,ISR,0.0
CHE,ITA,0.0
CHE,JOR,0.0
CHE,JPN,0.0
CHE,KAZ,0.0
CHE,KEN,0.0
CHE,KHM,0.0
CHE,KOR,0.0
CHE,KWT,0.0
CHE,LBN,0.0
CHE,LBY,0.0
CHE,LKA,0.0
CHE,LTU,0.0
CHE,LUX,0.0
CHE,LVA,0.0
CHE,MAR,0.0
CHE,MDA,0.0
CHE,MDG,0.0
CHE,MDV,0.0
CHE,MEX,0.0
CHE,MKD,0.0
CHE,MLT,0.0
CHE,MMR,0.0
CHE,MNE,0.0
CHE,MNG,0.0
CHE,MOZ,0.0
CHE,MUS,0.0
CHE,MWI,0.0
CHE,MYS,0.0
CHE,NAM,0.0
CHE,NCL,0.0
CHE,NER,0.0
CHE,NGA,0.0
CHE,NIC,0.0
CHE,NLD,0.0
CHE,NOR,0.0
CHE,NPL,0.0
CHE,NZL,0.0
CHE,OMN,0.0
CHE,PAK,0.0
CHE,PAN,0.0
CHE,PER,0.0
CHE,PHL,0.0
CHE,POL,0.0
CHE,PRT,0.0
CHE,PRY,0.0
CHE,PYF,0.0
CHE,QAT,0.0
CHE,ROU,0.0
CHE,RUS,0.0
CHE,S19,0.0
CHE,SAU,0.0
CHE,SEN,0.0
CHE,SGP,0.0
CHE,SLE,0.0
CHE,SLV,0.0
CHE,SMR,0.0
CHE,SRB,0.0
CHE,SVK,0.0
CHE,SVN,0.0
CHE,SWE,0.0
CHE,SYC,0.0
CHE,TCD,0.0
CHE,TGO,0.0
CHE,THA,0.0
CHE,TUN,0.0
CHE,TUR,0.0
CHE,TZA,0.0
CHE,UGA,0.0
CHE,UKR,0.0
CHE,URY,0.0
CHE,USA,0.0
CHE,UZB,0.0
CHE,VEN,0.0
CHE,VNM,0.0
CHE,ZAF,0.0
CHE,ZMB,0.0
CHE,ZWE,0.0
CHL,AIA,0.0
CHL,ARG,0.0
CHL,AUS,0.0
CHL,AUT,0.0
CHL,BEL,0.0
CHL,BGR,0.0
CHL,BOL,0.0
CHL,BRA,0.0
CHL,CAN,0.0
CHL,COL,0.0
CHL,CRI,0.0
CHL,CUB,0.0
CHL,DEU,0.0
CHL,DOM,0.0
CHL,ECU,0.0
CHL,ESP,0.0
CHL,FRA,0.0
CHL,GTM,0.0
CHL,IND,0.0
CHL,IRL,0.0
CHL,ISL,0.0
CHL,KEN,0.0
CHL,KOR,0.0
CHL,MDG,0.0
CHL,MEX,0.0
CHL,MUS,0.0
CHL,MYS,0.0
CHL,NGA,0.0
CHL,NIC,0.0
CHL,NLD,0.0
CHL,PAN,0.0
CHL,PER,0.0
CHL,PRY,0.0
CHL,SLV,0.0
CHL,THA,0.0
CHL,TZA,0.0
CHL,UGA,0.0
CHL,URY,0.0
CHL,USA,0.0
CHL,ZAF,0.0
CHN,ABW,0.0
CHN,AFG,0.0
CHN,AGO,0.0
CHN,ALB,0.0
CHN,AND,0.0
CHN,ARE,0.0
CHN,ARG,0.0
CHN,ARM,0.0
CHN,ATG,0.0
CHN,AUS,0.0
CHN,AUT,0.0
CHN,AZE,0.0
CHN,BDI,0.0
CHN,BEL,0.0
CHN,BEN,0.0
CHN,BFA,0.0
CHN,BGD,0.0
CHN,BGR,0.0
CHN,BHR,0.0
CHN,BHS,0.0
CHN,BIH,0.0
CHN,BLR,0.0
CHN,BLZ,0.0
CHN,BMU,0.0
CHN,BOL,0.0
CHN,BRA,0.0
CHN,BRB,0.0
CHN,BRN,0.0
CHN,CAF,0.0
CHN,CAN,0.0
CHN,CHE,0.0
CHN,CHL,0.0
CHN,CIV,0.0
CHN,CMR,0.0
CHN,COD,0.0
CHN,COG,0.0
CHN,COK,0.0
CHN,COL,0.0
CHN,COM,0.0
CHN,CPV,0.0
CHN,CRI,0.0
CHN,CUB,0.0
CHN,CUW,0.0
CHN,CYM,0.0
CHN,CYP,0.0
CHN,CZE,0.0
CHN,DEU,0.0
CHN,DJI,0.0
CHN,DNK,0.0
CHN,DOM,0.0
CHN,DZA,0.0
CHN,ECU,0.0
CHN,EGY,0.0
CHN,ERI,0.0
CHN,ESP,0.0
CHN,EST,0.0
CHN,ETH,0.0
CHN,FIN,0.0
CHN,FJI,0.0
CHN,FRA,0.0
CHN,FSM,0.0
CHN,GAB,0.0
CHN,GBR,0.0
CHN,GHA,0.0
CHN,GIB,0.0
CHN,GIN,0.0
CHN,GMB,0.0
CHN,GNB,0.0
CHN,GNQ,0.0
CHN,GRC,0.0
CHN,GTM,0.0
CHN,GUY,0.0
CHN,HKG,0.0
CHN,HND,0.0
CHN,HRV,0.0
CHN,HTI,0.0
CHN,HUN,0.0
CHN,IDN,0.0
CHN,IND,0.0
CHN,IRL,0.0
CHN,IRN,0.0
CHN,IRQ,0.0
CHN,ISL,0.0
CHN,ISR,0.0
CHN,ITA,0.0
CHN,JAM,0.0
CHN,JOR,0.0
CHN,JPN,0.0
CHN,KAZ,0.0
CHN,KEN,0.0
CHN,KGZ,0.0
CHN,KHM,0.0
CHN,KIR,0.0
CHN,KNA,0.0
CHN,KOR,0.0
CHN,KWT,0.0
CHN,LAO,0.0
CHN,LBN,0.0
CHN,LBR,0.0
CHN,LBY,0.0
CHN,LCA,0.0
CHN,LKA,0.0
CHN,LSO,0.0
CHN,LTU,0.0
CHN,LUX,0.0
CHN,LVA,0.0
CHN,MAC,0.0
CHN,MAR,0.0
CHN,MDA,0.0
CHN,MDG,0.0
CHN,MDV,0.0
CHN,MEX,0.0
CHN,MHL,0.0
CHN,MKD,0.0
CHN,MLI,0.0
CHN,MLT,0.0
CHN,MMR,0.0
CHN,MNE,0.0
CHN,MNG,0.0
CHN,MOZ,0.0
CHN,MRT,0.0
CHN,MUS,0.0
CHN,MWI,0.0
CHN,MYS,0.0
CHN,NAM,0.0
CHN,NCL,0.0
CHN,NER,0.0
CHN,NGA,0.0
CHN,NIC,0.0
CHN,NLD,0.0
CHN,NOR,0.0
CHN,NPL,0.0
CHN,NRU,0.0
CHN,NZL,0.0
CHN,OMN,0.0
CHN,PAK,0.0
CHN,PAN,0.0
CHN,PER,0.0
CHN,PHL,0.0
CHN,PLW,0.0
CHN,PNG,0.0
CHN,POL,0.0
CHN,PRK,0.0
CHN,PRT,0.0
CHN,PRY,0.0
CHN,PSE,0.0
CHN,PYF,0.0
CHN,QAT,0.0
CHN,ROU,0.0
CHN,RUS,0.0
CHN,RWA,0.0
CHN,S19,0.0
CHN,SAU,0.0
CHN,SDN,0.0
CHN,SEN,0.0
CHN,SGP,0.0
CHN,SLB,0.0
CHN,SLE,0.0
CHN,SLV,0.0
CHN,SMR,0.0
CHN,SOM,0.0
CHN,SRB,0.0
CHN,SSD,0.0
CHN,STP,0.0
CHN,SUR,0.0
CHN,SVK,0.0
CHN,SVN,0.0
CHN,SWE,0.0
CHN,SWZ,0.0
CHN,SYC,0.0
CHN,SYR,0.0
CHN,TCA,0.0
CHN,TCD,0.0
CHN,TGO,0.0
CHN,THA,0.0
CHN,TJK,0.0
CHN,TKM,0.0
CHN,TON,0.0
CHN,TTO,0.0
CHN,TUN,0.0
CHN,TUR,0.0
CHN,TUV,0.0
CHN,TZA,0.0
CHN,UGA,0.0
CHN,UKR,0.0
CHN,URY,0.0
CHN,USA,0.0
CHN,UZB,0.0
CHN,VCT,0.0
CHN,VEN,0.0
CHN,VNM,0.0
CHN,VUT,0.0
CHN,WSM,0.0
CHN,YEM,0.0
CHN,ZAF,0.0
CHN,ZMB,0.0
CHN,ZWE,0.0
CIV,AGO,0.0
CIV,BEL,0.0
CIV,BEN,0.0
CIV,BFA,0.0
CIV,BRA,0.0
CIV,CAF,0.0
CIV,CAN,0.0
CIV,CMR,0.0
CIV,COD,0.0
CIV,COG,0.0
CIV,DEU,0.0
CIV,ESP,0.0
CIV,FRA,0.0
CIV,GAB,0.0
CIV,GBR,0.0
CIV,GHA,0.0
CIV,GIN,0.0
CIV,GMB,0.0
CIV,GNQ,0.0
CIV,GRC,0.0
CIV,IRL,0.0
CIV,ITA,0.0
CIV,LBN,0.0
CIV,LBR,0.0
CIV,MAR,0.0
CIV,MLI,0.0
CIV,MLT,0.0
CIV,MRT,0.0
CIV,NAM,0.0
CIV,NER,0.0
CIV,NGA,0.0
CIV,NLD,0.0
CIV,NOR,0.0
CIV,POL,0.0
CIV,PRT,0.0
CIV,ROU,0.0
CIV,SEN,0.0
CIV,SGP,0.0
CIV,SLE,0.0
CIV,SWE,0.0
CIV,TGO,0.0
CIV,ZAF,0.0
CMR,AUS,0.0
CMR,BEL,0.0
CMR,CAF,0.0
CMR,CHN,0.0
CMR,CYP,0.0
CMR,DEU,0.0
CMR,ESP,0.0
CMR,FRA,0.0
CMR,GBR,0.0
CMR,GRC,0.0
CMR,IND,0.0
CMR,ITA,0.0
CMR,JPN,0.0
CMR,KOR,0.0
CMR,MAR,0.0
CMR,MYS,0.0
CMR,NLD,0.0
CMR,PAK,0.0
CMR,SEN,0.0
CMR,SGP,0.0
CMR,SWE,0.0
CMR,USA,0.0
COD,AGO,0.0
COD,BEL,0.0
COD,BFA,0.0
COD,BRA,0.0
COD,CHN,0.0
COD,CZE,0.0
COD,FRA,0.0
COD,IND,0.0
COD,LUX,0.0
COD,MUS,0.0
COD,NAM,0.0
COD,NLD,0.0
COD,SGP,0.0
COD,UGA,0.0
COG,AGO,0.0
COG,BEL,0.0
COG,BFA,0.0
COG,BRA,0.0
COG,CAF,0.0
COG,CHN,0.0
COG,ESP,0.0
COG,FRA,0.0
COG,GBR,0.0
COG,IND,0.0
COG,ITA,0.0
COG,MUS,0.0
COG,MYS,0.0
COG,NAM,0.0
COG,NLD,0.0
COG,NOR,0.0
COG,PAK,0.0
COG,ROU,0.0
COG,SGP,0.0
COG,THA,0.0
COG,TZA,0.0
COK,NZL,0.0
COK,ZAF,0.0
COL,ABW,0.0
COL,AIA,0.0
COL,ARE,0.0
COL,ARG,0.0
COL,ATG,0.0
COL,BEL,0.0
COL,BES,0.0
COL,BHS,0.0
COL,BLZ,0.0
COL,BOL,0.0
COL,BRA,0.0
COL,BRB,0.0
COL,BRN,0.0
COL,CAN,0.0
COL,CHE,0.0
COL,CHL,0.0
COL,CHN,0.0
COL,CIV,0.0
COL,CRI,0.0
COL,CUB,0.0
COL,CUW,0.0
COL,DEU,0.0
COL,DOM,0.0
COL,DZA,0.0
COL,ECU,0.0
COL,EGY,0.0
COL,ESP,0.0
COL,FIN,0.0
COL,FRA,0.0
COL,GBR,0.0
COL,GIN,0.0
COL,GRD,0.0
COL,GTM,0.0
COL,GUY,0.0
COL,HND,0.0
COL,HTI,0.0
COL,IDN,0.0
COL,IND,0.0
COL,ISL,0.0
COL,ITA,0.0
COL,JAM,0.0
COL,KOR,0.0
COL,LCA,0.0
COL,LTU,0.0
COL,MAR,0.0
COL,MEX,0.0
COL,MHL,0.0
COL,MLT,0.0
COL,NIC,0.0
COL,NLD,0.0
COL,NOR,0.0
COL,PAN,0.0
COL,PER,0.0
COL,PHL,0.0
COL,POL,0.0
COL,PRT,0.0
COL,PRY,0.0
COL,QAT,0.0
COL,SGP,0.0
COL,SLV,0.0
COL,SUR,0.0
COL,SWE,0.0
COL,TCA,0.0
COL,TTO,0.0
COL,TUR,0.0
COL,URY,0.0
COL,USA,0.0
COL,VCT,0.0
COL,VEN,0.0
COL,VGB,0.0
COL,VNM,0.0
COM,BEL,0.0
COM,FRA,0.0
COM,GRC,0.0
COM,KEN,0.0
COM,NLD,0.0
COM,TZA,0.0
CPV,AGO,0.0
CPV,BEL,0.0
CPV,ESP,0.0
CPV,FRA,0.0
CPV,NLD,0.0
CPV,PRT,0.0
CRI,ALB,0.0
CRI,ARM,0.0
CRI,AUS,0.0
CRI,BEL,0.0
CRI,BGR,0.0
CRI,BHR,0.0
CRI,BLZ,0.0
CRI,BRA,0.0
CRI,CAN,0.0
CRI,CHE,0.0
CRI,CHL,0.0
CRI,CHN,0.0
CRI,COL,0.0
CRI,CZE,0.0
CRI,DEU,0.0
CRI,DNK,0.0
CRI,DOM,0.0
CRI,ECU,0.0
CRI,FRA,0.0
CRI,GBR,0.0
CRI,GTM,0.0
CRI,HND,0.0
CRI,IRL,0.0
CRI,JAM,0.0
CRI,JPN,0.0
CRI,KOR,0.0
CRI,KWT,0.0
CRI,MDA,0.0
CRI,MYS,0.0
CRI,NGA,0.0
CRI,NIC,0.0
CRI,NLD,0.0
CRI,NOR,0.0
CRI,NZL,0.0
CRI,PAN,0.0
CRI,PER,0.0
CRI,POL,0.0
CRI,S19,0.0
CRI,SGP,0.0
CRI,SLE,0.0
CRI,SLV,0.0
CRI,THA,0.0
CRI,TUR,0.0
CRI,USA,0.0
CRI,VEN,0.0
CRI,ZAF,0.0
CUB,BEL,0.0
CUB,CAN,0.0
CUB,ESP,0.0
CUW,ARM,0.0
CUW,BEL,0.0
CUW,BRB,0.0
CUW,DEU,0.0
CUW,DOM,0.0
CUW,GTM,0.0
CUW,HND,0.0
CUW,NGA,0.0
CUW,NLD,0.0
CUW,PRY,0.0
CUW,ZAF,0.0
CXR,IRL,0.0
CXR,POL,0.0
CYM,BEL,0.0
CYM,BLZ,0.0
CYM,BRB,0.0
CYM,FRA,0.0
CYM,NAM,0.0
CYM,TZA,0.0
CYM,ZAF,0.0
CYP,ARE,0.0
CYP,AUS,0.0
CYP,BEL,0.0
CYP,BRB,0.0
CYP,CHE,0.0
CYP,CHL,0.0
CYP,COL,0.0
CYP,CZE,0.0
CYP,DEU,0.0
CYP,EGY,0.0
CYP,ESP,0.0
CYP,FRA,0.0
CYP,GEO,0.0
CYP,GRC,0.0
CYP,HRV,0.0
CYP,HUN,0.0
CYP,IDN,0.0
CYP,IRL,0.0
CYP,ISR,0.0
CYP,ITA,0.0
CYP,JOR,0.0
CYP,LBN,0.0
CYP,LBR,0.0
CYP,LBY,0.0
CYP,LVA,0.0
CYP,MAR,0.0
CYP,MLT,0.0
CYP,NAM,0.0
CYP,NGA,0.0
CYP,NLD,0.0
CYP,PER,0.0
CYP,POL,0.0
CYP,ROU,0.0
CYP,SDN,0.0
CYP,SGP,0.0
CYP,THA,0.0
CYP,TUN,0.0
CYP,TUR,0.0
CYP,UKR,0.0
CYP,USA,0.0
CYP,ZAF,0.0
CZE,ALB,0.0
CZE,ARE,0.0
CZE,ARG,0.0
CZE,ARM,0.0
CZE,AUS,0.0
CZE,AUT,0.0
CZE,AZE,0.0
CZE,BEL,0.0
CZE,BGR,0.0
CZE,BHR,0.0
CZE,BIH,0.0
CZE,BLR,0.0
CZE,BOL,0.0
CZE,BRA,0.0
CZE,CAN,0.0
CZE,CHE,0.0
CZE,CHL,0.0
CZE,CHN,0.0
CZE,COD,0.0
CZE,COL,0.0
CZE,CRI,0.0
CZE,CYP,0.0
CZE,DEU,0.0
CZE,DNK,0.0
CZE,DOM,0.0
CZE,ECU,0.0
CZE,EGY,0.0
CZE,ESP,0.0
CZE,EST,0.0
CZE,FIN,0.0
CZE,FRA,0.0
CZE,GBR,0.0
CZE,GEO,0.0
CZE,GRC,0.0
CZE,GTM,0.0
CZE,HKG,0.0
CZE,HND,0.0
CZE,HRV,0.0
CZE,HUN,0.0
CZE,IDN,0.0
CZE,IND,0.0
CZE,IRL,0.0
CZE,IRQ,0.0
CZE,ISL,0.0
CZE,ISR,0.0
CZE,ITA,0.0
CZE,JOR,0.0
CZE,JPN,0.0
CZE,KAZ,0.0
CZE,KGZ,0.0
CZE,KOR,0.0
CZE,KWT,0.0
CZE,LBN,0.0
CZE,LTU,0.0
CZE,LUX,0.0
CZE,LVA,0.0
CZE,MAR,0.0
CZE,MDA,0.0
CZE,MDV,0.0
CZE,MEX,0.0
CZE,MKD,0.0
CZE,MLT,0.0
CZE,MNE,0.0
CZE,MNG,0.0
CZE,MUS,0.0
CZE,MYS,0.0
CZE,NGA,0.0
CZE,NIC,0.0
CZE,NLD,0.0
CZE,NOR,0.0
CZE,NPL,0.0
CZE,NZL,0.0
CZE,OMN,0.0
CZE,PAK,0.0
CZE,PER,0.0
CZE,PHL,0.0
CZE,POL,0.0
CZE,PRT,0.0
CZE,PRY,0.0
CZE,QAT,0.0
CZE,ROU,0.0
CZE,RUS,0.0
CZE,S19,0.0
CZE,SAU,0.0
CZE,SEN,0.0
CZE,SGP,0.0
CZE,SLE,0.0
CZE,SLV,0.0
CZE,SRB,0.0
CZE,SVK,0.0
CZE,SVN,0.0
CZE,SWE,0.0
CZE,TGO,0.0
CZE,THA,0.0
CZE,TJK,0.0
CZE,TKM,0.0
CZE,TTO,0.0
CZE,TUN,0.0
CZE,TUR,0.0
CZE,TZA,0.0
CZE,UKR,0.0
CZE,URY,0.0
CZE,USA,0.0
CZE,UZB,0.0
CZE,VNM,0.0
CZE,ZAF,0.0
DEU,ABW,0.0
DEU,AFG,0.0
DEU,AGO,0.0
DEU,ALB,0.0
DEU,ARE,0.0
DEU,ARG,0.0
DEU,ARM,0.0
DEU,ATF,0.0
DEU,ATG,0.0
DEU,AUS,0.0
DEU,AUT,0.0
DEU,AZE,0.0
DEU,BDI,0.0
DEU,BEL,0.0
DEU,BEN,0.0
DEU,BES,0.0
DEU,BFA,0.0
DEU,BGD,0.0
DEU,BGR,0.0
DEU,BHR,0.0
DEU,BHS,0.0
DEU,BIH,0.0
DEU,BLR,0.0
DEU,BLZ,0.0
DEU,BMU,0.0
DEU,BOL,0.0
DEU,BRA,0.0
DEU,BRB,0.0
DEU,BRN,0.0
DEU,BWA,0.0
DEU,CAN,0.0
DEU,CHE,0.0
DEU,CHL,0.0
DEU,CHN,0.0
DEU,CIV,0.0
DEU,CMR,0.0
DEU,COD,0.0
DEU,COG,0.0
DEU,COL,0.0
DEU,COM,0.0
DEU,CPV,0.0
DEU,CRI,0.0
DEU,CUB,0.0
DEU,CUW,0.0
DEU,CYM,0.0
DEU,CYP,0.0
DEU,CZE,0.0
DEU,DJI,0.0
DEU,DMA,0.0
DEU,DNK,0.0
DEU,DOM,0.0
DEU,DZA,0.0
DEU,ECU,0.0
DEU,EGY,0.0
DEU,ESP,0.0
DEU,EST,0.0
DEU,ETH,0.0
DEU,FIN,0.0
DEU,FJI,0.0
DEU,FRA,0.0
DEU,GAB,0.0
DEU,GBR,0.0
DEU,GEO,0.0
DEU,GHA,0.0
DEU,GIB,0.0
DEU,GIN,0.0
DEU,GMB,0.0
DEU,GNQ,0.0
DEU,GRC,0.0
DEU,GRD,0.0
DEU,GRL,0.0
DEU,GTM,0.0
DEU,GUY,0.0
DEU,HKG,0.0
DEU,HND,0.0
DEU,HRV,0.0
DEU,HTI,0.0
DEU,HUN,0.0
DEU,IDN,0.0
DEU,IND,0.0
DEU,IRL,0.0
DEU,IRN,0.0
DEU,IRQ,0.0
DEU,ISL,0.0
DEU,ISR,0.0
DEU,ITA,0.0
DEU,JAM,0.0
DEU,JOR,0.0
DEU,JPN,0.0
DEU,KAZ,0.0
DEU,KEN,0.0
DEU,KGZ,0.0
DEU,KHM,0.0
DEU,KOR,0.0
DEU,KWT,0.0
DEU,LAO,0.0
DEU,LBN,0.0
DEU,LBR,0.0
DEU,LBY,0.0
DEU,LCA,0.0
DEU,LKA,0.0
DEU,LSO,0.0
DEU,LTU,0.0
DEU,LUX,0.0
DEU,LVA,0.0
DEU,MAC,0.0
DEU,MAR,0.0
DEU,MDA,0.0
DEU,MDG,0.0
DEU,MDV,0.0
DEU,MEX,0.0
DEU,MKD,0.0
DEU,MLI,0.0
DEU,MLT,0.0
DEU,MMR,0.0
DEU,MNE,0.0
DEU,MNG,0.0
DEU,MOZ,0.0
DEU,MRT,0.0
DEU,MUS,0.0
DEU,MWI,0.0
DEU,MYS,0.0
DEU,NAM,0.0
DEU,NCL,0.0
DEU,NER,0.0
DEU,NGA,0.0
DEU,NIC,0.0
DEU,NLD,0.0
DEU,NOR,0.0
DEU,NPL,0.0
DEU,NZL,0.0
DEU,OMN,0.0
DEU,PAK,0.0
DEU,PAN,0.0
DEU,PER,0.0
DEU,PHL,0.0
DEU,POL,0.0
DEU,PRT,0.0
DEU,PRY,0.0
DEU,PSE,0.0
DEU,PYF,0.0
DEU,QAT,0.0
DEU,ROU,0.0
DEU,RUS,0.0
DEU,RWA,0.0
DEU,S19,0.0
DEU,SAU,0.0
DEU,SDN,0.0
DEU,SEN,0.0
DEU,SGP,0.0
DEU,SLE,0.0
DEU,SLV,0.0
DEU,SMR,0.0
DEU,SOM,0.0
DEU,SRB,0.0
DEU,SUR,0.0
DEU,SVK,0.0
DEU,SVN,0.0
DEU,SWE,0.0
DEU,SXM,0.0
DEU,SYC,0.0
DEU,SYR,0.0
DEU,TCD,0.0
DEU,TGO,0.0
DEU,THA,0.0
DEU,TJK,0.0
DEU,TKM,0.0
DEU,TTO,0.0
DEU,TUN,0.0
DEU,TUR,0.0
DEU,TZA,0.0
DEU,UGA,0.0
DEU,UKR,0.0
DEU,URY,0.0
DEU,USA,0.0
DEU,UZB,0.0
DEU,VCT,0.0
DEU,VEN,0.0
DEU,VNM,0.0
DEU,YEM,0.0
DEU,ZAF,0.0
DEU,ZMB,0.0
DEU,ZWE,0.0
DJI,BEL,0.0
DJI,IND,0.0
DJI,SGP,0.0
DJI,UGA,0.0
DMA,BRB,0.0
DMA,ZAF,0.0
DNK,AGO,0.0
DNK,ARE,0.0
DNK,ARG,0.0
DNK,ARM,0.0
DNK,AUS,0.0
DNK,AUT,0.0
DNK,AZE,0.0
DNK,BEL,0.0
DNK,BGD,0.0
DNK,BGR,0.0
DNK,BHR,0.0
DNK,BIH,0.0
DNK,BOL,0.0
DNK,BRA,0.0
DNK,BRB,0.0
DNK,BRN,0.0
DNK,CAF,0.0
DNK,CAN,0.0
DNK,CHE,0.0
DNK,CHL,0.0
DNK,CHN,0.0
DNK,COL,0.0
DNK,CPV,0.0
DNK,CRI,0.0
DNK,CUW,0.0
DNK,CYP,0.0
DNK,CZE,0.0
DNK,DEU,0.0
DNK,DOM,0.0
DNK,DZA,0.0
DNK,ECU,0.0
DNK,EGY,0.0
DNK,ERI,0.0
DNK,ESP,0.0
DNK,EST,0.0
DNK,FIN,0.0
DNK,FRA,0.0
DNK,GBR,0.0
DNK,GEO,0.0
DNK,GHA,0.0
DNK,GIB,0.0
DNK,GIN,0.0
DNK,GNQ,0.0
DNK,GRC,0.0
DNK,GRL,0.0
DNK,GTM,0.0
DNK,GUY,0.0
DNK,HKG,0.0
DNK,HND,0.0
DNK,HRV,0.0
DNK,HUN,0.0
DNK,IDN,0.0
DNK,IND,0.0
DNK,IRL,0.0
DNK,IRN,0.0
DNK,IRQ,0.0
DNK,ISL,0.0
DNK,ISR,0.0
DNK,ITA,0.0
DNK,JOR,0.0
DNK,JPN,0.0
DNK,KAZ,0.0
DNK,KEN,0.0
DNK,KHM,0.0
DNK,KOR,0.0
DNK,KWT,0.0
DNK,LBN,0.0
DNK,LBY,0.0
DNK,LKA,0.0
DNK,LTU,0.0
DNK,LUX,0.0
DNK,LVA,0.0
DNK,MAR,0.0
DNK,MDA,0.0
DNK,MDG,0.0
DNK,MDV,0.0
DNK,MEX,0.0
DNK,MKD,0.0
DNK,MLT,0.0
DNK,MNE,0.0
DNK,MNG,0.0
DNK,MOZ,0.0
DNK,MRT,0.0
DNK,MUS,0.0
DNK,MYS,0.0
DNK,NAM,0.0
DNK,NGA,0.0
DNK,NIC,0.0
DNK,NLD,0.0
DNK,NOR,0.0
DNK,NZL,0.0
DNK,OMN,0.0
DNK,PAK,0.0
DNK,PAN,0.0
DNK,PER,0.0
DNK,PHL,0.0
DNK,POL,0.0
DNK,PRT,0.0
DNK,QAT,0.0
DNK,ROU,0.0
DNK,RUS,0.0
DNK,RWA,0.0
DNK,S19,0.0
DNK,SAU,0.0
DNK,SEN,0.0
DNK,SGP,0.0
DNK,SLE,0.0
DNK,SLV,0.0
DNK,SRB,0.0
DNK,SVK,0.0
DNK,SVN,0.0
DNK,SWE,0.0
DNK,THA,0.0
DNK,TTO,0.0
DNK,TUN,0.0
DNK,TUR,0.0
DNK,TZA,0.0
DNK,UGA,0.0
DNK,UKR,0.0
DNK,URY,0.0
DNK,USA,0.0
DNK,UZB,0.0
DNK,VNM,0.0
DNK,ZAF,0.0
DNK,ZMB,0.0
DOM,ABW,0.0
DOM,AIA,0.0
DOM,BEL,0.0
DOM,BHS,0.0
DOM,BIH,0.0
DOM,BMU,0.0
DOM,BRB,0.0
DOM,CAN,0.0
DOM,CHL,0.0
DOM,COL,0.0
DOM,CRI,0.0
DOM,CUB,0.0
DOM,CYM,0.0
DOM,CYP,0.0
DOM,DMA,0.0
DOM,ESP,0.0
DOM,FRA,0.0
DOM,GBR,0.0
DOM,GRC,0.0
DOM,GRD,0.0
DOM,GTM,0.0
DOM,GUY,0.0
DOM,HND,0.0
DOM,HTI,0.0
DOM,JAM,0.0
DOM,LCA,0.0
DOM,MEX,0.0
DOM,NIC,0.0
DOM,NLD,0.0
DOM,PAN,0.0
DOM,SGP,0.0
DOM,SLV,0.0
DOM,SUR,0.0
DOM,TCA,0.0
DOM,TTO,0.0
DOM,TUR,0.0
DOM,USA,0.0
DOM,VGB,0.0
DZA,ALB,0.0
DZA,ARG,0.0
DZA,AUS,0.0
DZA,AUT,0.0
DZA,BEL,0.0
DZA,BEN,0.0
DZA,BFA,0.0
DZA,BGR,0.0
DZA,BIH,0.0
DZA,BRA,0.0
DZA,CAN,0.0
DZA,CHE,0.0
DZA,CHN,0.0
DZA,CIV,0.0
DZA,CYP,0.0
DZA,CZE,0.0
DZA,DEU,0.0
DZA,EGY,0.0
DZA,ESP,0.0
DZA,FRA,0.0
DZA,GBR,0.0
DZA,GRC,0.0
DZA,HRV,0.0
DZA,IDN,0.0
DZA,IND,0.0
DZA,IRL,0.0
DZA,ITA,0.0
DZA,JPN,0.0
DZA,KEN,0.0
DZA,KOR,0.0
DZA,LKA,0.0
DZA,LTU,0.0
DZA,MDA,0.0
DZA,MDG,0.0
DZA,MKD,0.0
DZA,MLT,0.0
DZA,MNE,0.0
DZA,MRT,0.0
DZA,NER,0.0
DZA,NLD,0.0
DZA,NOR,0.0
DZA,POL,0.0
DZA,PRT,0.0
DZA,ROU,0.0
DZA,SEN,0.0
DZA,SGP,0.0
DZA,SRB,0.0
DZA,SVN,0.0
DZA,THA,0.0
DZA,TUN,0.0
DZA,TUR,0.0
DZA,UGA,0.0
DZA,UKR,0.0
DZA,USA,0.0
DZA,ZAF,0.0
ECU,ARG,0.0
ECU,ARM,0.0
ECU,AUT,0.0
ECU,BEL,0.0
ECU,BHS,0.0
ECU,BOL,0.0
ECU,BRA,0.0
ECU,BRB,0.0
ECU,CAN,0.0
ECU,CHL,0.0
ECU,CHN,0.0
ECU,COL,0.0
ECU,CRI,0.0
ECU,DNK,0.0
ECU,ESP,0.0
ECU,FRA,0.0
ECU,GTM,0.0
ECU,HND,0.0
ECU,IDN,0.0
ECU,IND,0.0
ECU,IRL,0.0
ECU,ISL,0.0
ECU,JPN,0.0
ECU,KOR,0.0
ECU,MDA,0.0
ECU,MDV,0.0
ECU,MEX,0.0
ECU,MHL,0.0
ECU,MYS,0.0
ECU,NIC,0.0
ECU,NLD,0.0
ECU,NOR,0.0
ECU,PAN,0.0
ECU,PER,0.0
ECU,PHL,0.0
ECU,POL,0.0
ECU,RUS,0.0
ECU,SGP,0.0
ECU,SLV,0.0
ECU,USA,0.0
ECU,VEN,0.0
EGY,AGO,0.0
EGY,ALB,0.0
EGY,ARE,0.0
EGY,ARG,0.0
EGY,ARM,0.0
EGY,AUS,0.0
EGY,AUT,0.0
EGY,AZE,0.0
EGY,BDI,0.0
EGY,BEL,0.0
EGY,BEN,0.0
EGY,BFA,0.0
EGY,BGR,0.0
EGY,BHR,0.0
EGY,BIH,0.0
EGY,BLR,0.0
EGY,BOL,0.0
EGY,BRA,0.0
EGY,CAN,0.0
EGY,CHE,0.0
EGY,CHN,0.0
EGY,CIV,0.0
EGY,CMR,0.0
EGY,COL,0.0
EGY,CRI,0.0
EGY,CYP,0.0
EGY,CZE,0.0
EGY,DEU,0.0
EGY,DJI,0.0
EGY,DNK,0.0
EGY,DOM,0.0
EGY,DZA,0.0
EGY,ERI,0.0
EGY,ESP,0.0
EGY,EST,0.0
EGY,ETH,0.0
EGY,FRA,0.0
EGY,GAB,0.0
EGY,GBR,0.0
EGY,GEO,0.0
EGY,GHA,0.0
EGY,GIN,0.0
EGY,GRC,0.0
EGY,GTM,0.0
EGY,HND,0.0
EGY,HRV,0.0
EGY,HUN,0.0
EGY,IDN,0.0
EGY,IND,0.0
EGY,IRQ,0.0
EGY,ISL,0.0
EGY,ISR,0.0
EGY,ITA,0.0
EGY,JOR,0.0
EGY,JPN,0.0
EGY,KAZ,0.0
EGY,KEN,0.0
EGY,KGZ,0.0
EGY,KOR,0.0
EGY,KWT,0.0
EGY,LBN,0.0
EGY,LBY,0.0
EGY,LTU,0.0
EGY,LUX,0.0
EGY,MAR,0.0
EGY,MDA,0.0
EGY,MDG,0.0
EGY,MKD,0.0
EGY,MLI,0.0
EGY,MLT,0.0
EGY,MRT,0.0
EGY,MYS,0.0
EGY,NAM,0.0
EGY,NER,0.0
EGY,NGA,0.0
EGY,NLD,0.0
EGY,NOR,0.0
EGY,NZL,0.0
EGY,OMN,0.0
EGY,PAN,0.0
EGY,PER,0.0
EGY,POL,0.0
EGY,PRT,0.0
EGY,PRY,0.0
EGY,PSE,0.0
EGY,ROU,0.0
EGY,RWA,0.0
EGY,S19,0.0
EGY,SAU,0.0
EGY,SDN,0.0
EGY,SEN,0.0
EGY,SGP,0.0
EGY,SLE,0.0
EGY,SLV,0.0
EGY,SOM,0.0
EGY,SRB,0.0
EGY,SVK,0.0
EGY,SVN,0.0
EGY,SWE,0.0
EGY,SYR,0.0
EGY,TGO,0.0
EGY,THA,0.0
EGY,TUN,0.0
EGY,TUR,0.0
EGY,TZA,0.0
EGY,UGA,0.0
EGY,UKR,0.0
EGY,USA,0.0
EGY,UZB,0.0
EGY,VEN,0.0
EGY,ZAF,0.0
EGY,ZMB,0.0
EGY,ZWE,0.0
ERI,BMU,0.0
ERI,ZAF,0.0
ERI,ZMB,0.0
ESP,AFG,0.0
ESP,AGO,0.0
ESP,ALB,0.0
ESP,AND,0.0
ESP,ARE,0.0
ESP,ARG,0.0
ESP,ARM,0.0
ESP,AUS,0.0
ESP,AUT,0.0
ESP,AZE,0.0
ESP,BEL,0.0
ESP,BEN,0.0
ESP,BFA,0.0
ESP,BGD,0.0
ESP,BGR,0.0
ESP,BHR,0.0
ESP,BHS,0.0
ESP,BIH,0.0
ESP,BLR,0.0
ESP,BOL,0.0
ESP,BRA,0.0
ESP,BRN,0.0
ESP,CAF,0.0
ESP,CAN,0.0
ESP,CHE,0.0
ESP,CHL,0.0
ESP,CHN,0.0
ESP,CIV,0.0
ESP,CMR,0.0
ESP,COD,0.0
ESP,COG,0.0
ESP,COL,0.0
ESP,COM,0.0
ESP,CPV,0.0
ESP,CRI,0.0
ESP,CUB,0.0
ESP,CYP,0.0
ESP,CZE,0.0
ESP,DEU,0.0
ESP,DJI,0.0
ESP,DNK,0.0
ESP,DOM,0.0
ESP,DZA,0.0
ESP,ECU,0.0
ESP,EGY,0.0
ESP,EST,0.0
ESP,ETH,0.0
ESP,FIN,0.0
ESP,FRA,0.0
ESP,GAB,0.0
ESP,GBR,0.0
ESP,GEO,0.0
ESP,GHA,0.0
ESP,GIB,0.0
ESP,GIN,0.0
ESP,GMB,0.0
ESP,GNB,0.0
ESP,GNQ,0.0
ESP,GRC,0.0
ESP,GTM,0.0
ESP,GUY,0.0
ESP,HKG,0.0
ESP,HND,0.0
ESP,HRV,0.0
ESP,HUN,0.0
ESP,IDN,0.0
ESP,IND,0.0
ESP,IRL,0.0
ESP,IRN,0.0
ESP,IRQ,0.0
ESP,ISL,0.0
ESP,ISR,0.0
ESP,ITA,0.0
ESP,JAM,0.0
ESP,JOR,0.0
ESP,JPN,0.0
ESP,KAZ,0.0
ESP,KEN,0.0
ESP,KGZ,0.0
ESP,KHM,0.0
ESP,KOR,0.0
ESP,KWT,0.0
ESP,LBN,0.0
ESP,LBR,0.0
ESP,LBY,0.0
ESP,LKA,0.0
ESP,LSO,0.0
ESP,LTU,0.0
ESP,LUX,0.0
ESP,LVA,0.0
ESP,MAR,0.0
ESP,MDA,0.0
ESP,MDG,0.0
ESP,MDV,0.0
ESP,MEX,0.0
ESP,MHL,0.0
ESP,MKD,0.0
ESP,MLI,0.0
ESP,MLT,0.0
ESP,MNE,0.0
ESP,MNG,0.0
ESP,MOZ,0.0
ESP,MRT,0.0
ESP,MUS,0.0
ESP,MWI,0.0
ESP,MYS,0.0
ESP,NAM,0.0
ESP,NCL,0.0
ESP,NER,0.0
ESP,NGA,0.0
ESP,NIC,0.0
ESP,NLD,0.0
ESP,NOR,0.0
ESP,NPL,0.0
ESP,NZL,0.0
ESP,OMN,0.0
ESP,PAK,0.0
ESP,PAN,0.0
ESP,PER,0.0
ESP,PHL,0.0
ESP,POL,0.0
ESP,PRT,0.0
ESP,PRY,0.0
ESP,PYF,0.0
ESP,QAT,0.0
ESP,ROU,0.0
ESP,S19,0.0
ESP,SAU,0.0
ESP,SEN,0.0
ESP,SGP,0.0
ESP,SLE,0.0
ESP,SLV,0.0
ESP,SRB,0.0
ESP,SVK,0.0
ESP,SVN,0.0
ESP,SWE,0.0
ESP,SYC,0.0
ESP,TCD,0.0
ESP,TGO,0.0
ESP,THA,0.0
ESP,TJK,0.0
ESP,TKM,0.0
ESP,TTO,0.0
ESP,TUN,0.0
ESP,TUR,0.0
ESP,TZA,0.0
ESP,UGA,0.0
ESP,UKR,0.0
ESP,URY,0.0
ESP,USA,0.0
ESP,UZB,0.0
ESP,VEN,0.0
ESP,VNM,0.0
ESP,YEM,0.0
ESP,ZAF,0.0
ESP,ZMB,0.0
ESP,ZWE,0.0
EST,ARE,0.0
EST,ARG,0.0
EST,AUS,0.0
EST,AUT,0.0
EST,AZE,0.0
EST,BEL,0.0
EST,BFA,0.0
EST,BGR,0.0
EST,BHS,0.0
EST,BLR,0.0
EST,CAN,0.0
EST,CHE,0.0
EST,CHN,0.0
EST,COG,0.0
EST,CYM,0.0
EST,CYP,0.0
EST,CZE,0.0
EST,DEU,0.0
EST,DNK,0.0
EST,EGY,0.0
EST,ESP,0.0
EST,FIN,0.0
EST,FJI,0.0
EST,FRA,0.0
EST,GAB,0.0
EST,GBR,0.0
EST,GEO,0.0
EST,GIB,0.0
EST,GTM,0.0
EST,HKG,0.0
EST,HRV,0.0
EST,HUN,0.0
EST,IDN,0.0
EST,IND,0.0
EST,IRL,0.0
EST,ISL,0.0
EST,ISR,0.0
EST,ITA,0.0
EST,JOR,0.0
EST,JPN,0.0
EST,KAZ,0.0
EST,KGZ,0.0
EST,KNA,0.0
EST,KOR,0.0
EST,LKA,0.0
EST,LTU,0.0
EST,LVA,0.0
EST,MDA,0.0
EST,MLT,0.0
EST,MUS,0.0
EST,MYS,0.0
EST,NAM,0.0
EST,NGA,0.0
EST,NLD,0.0
EST,NOR,0.0
EST,NZL,0.0
EST,PAK,0.0
EST,PAN,0.0
EST,POL,0.0
EST,PRT,0.0
EST,PRY,0.0
EST,ROU,0.0
EST,RUS,0.0
EST,SAU,0.0
EST,SGP,0.0
EST,SRB,0.0
EST,SVK,0.0
EST,SVN,0.0
EST,SWE,0.0
EST,TTO,0.0
EST,TUR,0.0
EST,TZA,0.0
EST,UKR,0.0
EST,USA,0.0
EST,UZB,0.0
EST,ZAF,0.0
ETH,CAN,0.0
ETH,ITA,0.0
ETH,KEN,0.0
ETH,LSO,0.0
ETH,ZAF,0.0
FIN,AGO,0.0
FIN,ARE,0.0
FIN,ARG,0.0
FIN,ARM,0.0
FIN,AUS,0.0
FIN,AUT,0.0
FIN,AZE,0.0
FIN,BEL,0.0
FIN,BGR,0.0
FIN,BHR,0.0
FIN,BHS,0.0
FIN,BIH,0.0
FIN,BRA,0.0
FIN,BRN,0.0
FIN,CAN,0.0
FIN,CHE,0.0
FIN,CHL,0.0
FIN,CHN,0.0
FIN,CIV,0.0
FIN,CMR,0.0
FIN,COL,0.0
FIN,CYP,0.0
FIN,CZE,0.0
FIN,DEU,0.0
FIN,DNK,0.0
FIN,DOM,0.0
FIN,DZA,0.0
FIN,ECU,0.0
FIN,EGY,0.0
FIN,ESP,0.0
FIN,EST,0.0
FIN,FRA,0.0
FIN,GBR,0.0
FIN,GEO,0.0
FIN,GRC,0.0
FIN,GRL,0.0
FIN,HKG,0.0
FIN,HND,0.0
FIN,HRV,0.0
FIN,HUN,0.0
FIN,IDN,0.0
FIN,IND,0.0
FIN,IRL,0.0
FIN,ISL,0.0
FIN,ISR,0.0
FIN,ITA,0.0
FIN,JPN,0.0
FIN,KAZ,0.0
FIN,KEN,0.0
FIN,KGZ,0.0
FIN,KOR,0.0
FIN,KWT,0.0
FIN,LTU,0.0
FIN,LUX,0.0
FIN,LVA,0.0
FIN,MAR,0.0
FIN,MDA,0.0
FIN,MEX,0.0
FIN,MKD,0.0
FIN,MLT,0.0
FIN,MNE,0.0
FIN,MNG,0.0
FIN,MOZ,0.0
FIN,MUS,0.0
FIN,MYS,0.0
FIN,NAM,0.0
FIN,NGA,0.0
FIN,NIC,0.0
FIN,NLD,0.0
FIN,NOR,0.0
FIN,NZL,0.0
FIN,OMN,0.0
FIN,PAK,0.0
FIN,PAN,0.0
FIN,PER,0.0
FIN,PHL,0.0
FIN,POL,0.0
FIN,PRT,0.0
FIN,PRY,0.0
FIN,QAT,0.0
FIN,ROU,0.0
FIN,S19,0.0
FIN,SAU,0.0
FIN,SEN,0.0
FIN,SGP,0.0
FIN,SRB,0.0
FIN,SVK,0.0
FIN,SVN,0.0
FIN,SWE,0.0
FIN,THA,0.0
FIN,TUN,0.0
FIN,TUR,0.0
FIN,TZA,0.0
FIN,UKR,0.0
FIN,URY,0.0
FIN,USA,0.0
FIN,UZB,0.0
FIN,VNM,0.0
FIN,ZAF,0.0
FIN,ZMB,0.0
FIN,ZWE,0.0
FJI,ASM,0.0
FJI,AUS,0.0
FJI,COK,0.0
FJI,FRA,0.0
FJI,ISL,0.0
FJI,KIR,0.0
FJI,MHL,0.0
FJI,NFK,0.0
FJI,NLD,0.0
FJI,NRU,0.0
FJI,NZL,0.0
FJI,SGP,0.0
FJI,TON,0.0
FJI,TUV,0.0
FJI,USA,0.0
FJI,VUT,0.0
FJI,WLF,0.0
FJI,WSM,0.0
FLK,CAN,0.0
FLK,IRL,0.0
FRA,ABW,0.0
FRA,AGO,0.0
FRA,ALB,0.0
FRA,AND,0.0
FRA,ARE,0.0
FRA,ARG,0.0
FRA,ARM,0.0
FRA,ATF,0.0
FRA,ATG,0.0
FRA,AUS,0.0
FRA,AUT,0.0
FRA,AZE,0.0
FRA,BDI,0.0
FRA,BEL,0.0
FRA,BEN,0.0
FRA,BES,0.0
FRA,BFA,0.0
FRA,BGD,0.0
FRA,BGR,0.0
FRA,BHR,0.0
FRA,BHS,0.0
FRA,BIH,0.0
FRA,BLM,0.0
FRA,BLR,0.0
FRA,BLZ,0.0
FRA,BMU,0.0
FRA,BOL,0.0
FRA,BRA,0.0
FRA,BRB,0.0
FRA,BRN,0.0
FRA,BWA,0.0
FRA,CAF,0.0
FRA,CAN,0.0
FRA,CHE,0.0
FRA,CHL,0.0
FRA,CHN,0.0
FRA,CIV,0.0
FRA,CMR,0.0
FRA,COD,0.0
FRA,COG,0.0
FRA,COL,0.0
FRA,COM,0.0
FRA,CPV,0.0
FRA,CRI,0.0
FRA,CUB,0.0
FRA,CUW,0.0
FRA,CYM,0.0
FRA,CYP,0.0
FRA,CZE,0.0
FRA,DEU,0.0
FRA,DJI,0.0
FRA,DMA,0.0
FRA,DNK,0.0
FRA,DOM,0.0
FRA,DZA,0.0
FRA,ECU,0.0
FRA,EGY,0.0
FRA,ERI,0.0
FRA,ESP,0.0
FRA,EST,0.0
FRA,ETH,0.0
FRA,FIN,0.0
FRA,FJI,0.0
FRA,GAB,0.0
FRA,GBR,0.0
FRA,GEO,0.0
FRA,GHA,0.0
FRA,GIB,0.0
FRA,GIN,0.0
FRA,GMB,0.0
FRA,GNQ,0.0
FRA,GRC,0.0
FRA,GTM,0.0
FRA,GUM,0.0
FRA,GUY,0.0
FRA,HKG,0.0
FRA,HND,0.0
FRA,HRV,0.0
FRA,HTI,0.0
FRA,HUN,0.0
FRA,IDN,0.0
FRA,IND,0.0
FRA,IRL,0.0
FRA,IRQ,0.0
FRA,ISL,0.0
FRA,ISR,0.0
FRA,ITA,0.0
FRA,JAM,0.0
FRA,JOR,0.0
FRA,JPN,0.0
FRA,KAZ,0.0
FRA,KEN,0.0
FRA,KGZ,0.0
FRA,KHM,0.0
FRA,KOR,0.0
FRA,KWT,0.0
FRA,LAO,0.0
FRA,LBN,0.0
FRA,LBR,0.0
FRA,LBY,0.0
FRA,LCA,0.0
FRA,LKA,0.0
FRA,LTU,0.0
FRA,LUX,0.0
FRA,LVA,0.0
FRA,MAC,0.0
FRA,MAR,0.0
FRA,MDA,0.0
FRA,MDG,0.0
FRA,MDV,0.0
FRA,MEX,0.0
FRA,MKD,0.0
FRA,MLI,0.0
FRA,MLT,0.0
FRA,MMR,0.0
FRA,MNE,0.0
FRA,MNG,0.0
FRA,MNP,0.0
FRA,MOZ,0.0
FRA,MRT,0.0
FRA,MUS,0.0
FRA,MWI,0.0
FRA,MYS,0.0
FRA,NAM,0.0
FRA,NCL,0.0
FRA,NER,0.0
FRA,NGA,0.0
FRA,NIC,0.0
FRA,NLD,0.0
FRA,NOR,0.0
FRA,NPL,0.0
FRA,NZL,0.0
FRA,OMN,0.0
FRA,PAK,0.0
FRA,PAN,0.0
FRA,PER,0.0
FRA,PHL,0.0
FRA,POL,0.0
FRA,PRT,0.0
FRA,PRY,0.0
FRA,PSE,0.0
FRA,PYF,0.0
FRA,QAT,0.0
FRA,ROU,0.0
FRA,RWA,0.0
FRA,S19,0.0
FRA,SAU,0.0
FRA,SEN,0.0
FRA,SGP,0.0
FRA,SLE,0.0
FRA,SLV,0.0
FRA,SOM,0.0
FRA,SPM,0.0
FRA,SRB,0.0
FRA,SUR,0.0
FRA,SVK,0.0
FRA,SVN,0.0
FRA,SWE,0.0
FRA,SYC,0.0
FRA,TCD,0.0
FRA,TGO,0.0
FRA,THA,0.0
FRA,TJK,0.0
FRA,TKM,0.0
FRA,TTO,0.0
FRA,TUN,0.0
FRA,TUR,0.0
FRA,TZA,0.0
FRA,UGA,0.0
FRA,UKR,0.0
FRA,URY,0.0
FRA,USA,0.0
FRA,UZB,0.0
FRA,VEN,0.0
FRA,VNM,0.0
FRA,WLF,0.0
FRA,YEM,0.0
FRA,ZAF,0.0
FRA,ZMB,0.0
FRA,ZWE,0.0
FSM,KOR,0.0
FSM,MOZ,0.0
GAB,AGO,0.0
GAB,BEL,0.0
GAB,BFA,0.0
GAB,BRA,0.0
GAB,CHN,0.0
GAB,DEU,0.0
GAB,ESP,0.0
GAB,FRA,0.0
GAB,GBR,0.0
GAB,IDN,0.0
GAB,IND,0.0
GAB,ITA,0.0
GAB,MYS,0.0
GAB,NLD,0.0
GAB,ROU,0.0
GAB,THA,0.0
GAB,USA,0.0
GAB,ZAF,0.0
GBR,AGO,0.0
GBR,ALB,0.0
GBR,AND,0.0
GBR,ARE,0.0
GBR,ARG,0.0
GBR,ARM,0.0
GBR,ATG,0.0
GBR,AUS,0.0
GBR,AUT,0.0
GBR,AZE,0.0
GBR,BEL,0.0
GBR,BEN,0.0
GBR,BFA,0.0
GBR,BGD,0.0
GBR,BGR,0.0
GBR,BHR,0.0
GBR,BHS,0.0
GBR,BIH,0.0
GBR,BLZ,0.0
GBR,BMU,0.0
GBR,BOL,0.0
GBR,BRA,0.0
GBR,BRB,0.0
GBR,BRN,0.0
GBR,CAF,0.0
GBR,CAN,0.0
GBR,CHE,0.0
GBR,CHL,0.0
GBR,CHN,0.0
GBR,CIV,0.0
GBR,CMR,0.0
GBR,COD,0.0
GBR,COG,0.0
GBR,COL,0.0
GBR,CRI,0.0
GBR,CUW,0.0
GBR,CYP,0.0
GBR,CZE,0.0
GBR,DEU,0.0
GBR,DNK,0.0
GBR,DOM,0.0
GBR,DZA,0.0
GBR,ECU,0.0
GBR,EGY,0.0
GBR,ESP,0.0
GBR,EST,0.0
GBR,ETH,0.0
GBR,FIN,0.0
GBR,FJI,0.0
GBR,FLK,0.0
GBR,FRA,0.0
GBR,GAB,0.0
GBR,GEO,0.0
GBR,GHA,0.0
GBR,GIB,0.0
GBR,GIN,0.0
GBR,GMB,0.0
GBR,GNQ,0.0
GBR,GRC,0.0
GBR,GRD,0.0
GBR,GRL,0.0
GBR,GTM,0.0
GBR,GUY,0.0
GBR,HKG,0.0
GBR,HND,0.0
GBR,HRV,0.0
GBR,HUN,0.0
GBR,IDN,0.0
GBR,IND,0.0
GBR,IRL,0.0
GBR,IRN,0.0
GBR,IRQ,0.0
GBR,ISL,0.0
GBR,ISR,0.0
GBR,ITA,0.0
GBR,JAM,0.0
GBR,JOR,0.0
GBR,JPN,0.0
GBR,KAZ,0.0
GBR,KEN,0.0
GBR,KGZ,0.0
GBR,KHM,0.0
GBR,KNA,0.0
GBR,KOR,0.0
GBR,KWT,0.0
GBR,LBN,0.0
GBR,LBR,0.0
GBR,LBY,0.0
GBR,LCA,0.0
GBR,LKA,0.0
GBR,LTU,0.0
GBR,LUX,0.0
GBR,LVA,0.0
GBR,MAC,0.0
GBR,MAR,0.0
GBR,MDA,0.0
GBR,MDG,0.0
GBR,MDV,0.0
GBR,MEX,0.0
GBR,MHL,0.0
GBR,MKD,0.0
GBR,MLT,0.0
GBR,MMR,0.0
GBR,MNE,0.0
GBR,MNG,0.0
GBR,MOZ,0.0
GBR,MRT,0.0
GBR,MSR,0.0
GBR,MUS,0.0
GBR,MWI,0.0
GBR,MYS,0.0
GBR,NAM,0.0
GBR,NCL,0.0
GBR,NER,0.0
GBR,NGA,0.0
GBR,NIC,0.0
GBR,NLD,0.0
GBR,NOR,0.0
GBR,NZL,0.0
GBR,OMN,0.0
GBR,PAK,0.0
GBR,PAN,0.0
GBR,PER,0.0
GBR,PHL,0.0
GBR,PNG,0.0
GBR,POL,0.0
GBR,PRT,0.0
GBR,PRY,0.0
GBR,PYF,0.0
GBR,QAT,0.0
GBR,ROU,0.0
GBR,RWA,0.0
GBR,S19,0.0
GBR,SAU,0.0
GBR,SEN,0.0
GBR,SGP,0.0
GBR,SHN,0.0
GBR,SLE,0.0
GBR,SLV,0.0
GBR,SMR,0.0
GBR,SRB,0.0
GBR,SVK,0.0
GBR,SVN,0.0
GBR,SWE,0.0
GBR,SYC,0.0
GBR,TGO,0.0
GBR,THA,0.0
GBR,TKM,0.0
GBR,TTO,0.0
GBR,TUN,0.0
GBR,TUR,0.0
GBR,TZA,0.0
GBR,UGA,0.0
GBR,UKR,0.0
GBR,URY,0.0
GBR,USA,0.0
GBR,UZB,0.0
GBR,VGB,0.0
GBR,VNM,0.0
GBR,ZAF,0.0
GBR,ZMB,0.0
GBR,ZWE,0.0
GEO,ARM,0.0
GEO,AUS,0.0
GEO,AUT,0.0
GEO,AZE,0.0
GEO,BFA,0.0
GEO,BGR,0.0
GEO,BHR,0.0
GEO,CIV,0.0
GEO,COL,0.0
GEO,CZE,0.0
GEO,ECU,0.0
GEO,ESP,0.0
GEO,FIN,0.0
GEO,FRA,0.0
GEO,GBR,0.0
GEO,GRC,0.0
GEO,IND,0.0
GEO,ISR,0.0
GEO,KAZ,0.0
GEO,KGZ,0.0
GEO,KHM,0.0
GEO,LTU,0.0
GEO,MDA,0.0
GEO,NLD,0.0
GEO,ROU,0.0
GEO,SGP,0.0
GEO,SRB,0.0
GEO,THA,0.0
GEO,TUR,0.0
GEO,UKR,0.0
GEO,UZB,0.0
GEO,ZAF,0.0
GEO,ZMB,0.0
GHA,AUT,0.0
GHA,BEL,0.0
GHA,BEN,0.0
GHA,BFA,0.0
GHA,BGR,0.0
GHA,BRA,0.0
GHA,CAN,0.0
GHA,CHN,0.0
GHA,CIV,0.0
GHA,CYP,0.0
GHA,DEU,0.0
GHA,DNK,0.0
GHA,ESP,0.0
GHA,FRA,0.0
GHA,GBR,0.0
GHA,GRC,0.0
GHA,IND,0.0
GHA,ISL,0.0
GHA,ITA,0.0
GHA,LUX,0.0
GHA,MAR,0.0
GHA,NAM,0.0
GHA,NER,0.0
GHA,NLD,0.0
GHA,PRT,0.0
GHA,SEN,0.0
GHA,SGP,0.0
GHA,THA,0.0
GHA,TUR,0.0
GHA,USA,0.0
GHA,ZAF,0.0
GHA,ZWE,0.0
GIB,BEL,0.0
GIB,DEU,0.0
GIB,DNK,0.0
GIB,EGY,0.0
GIB,ESP,0.0
GIB,FRA,0.0
GIB,GRC,0.0
GIB,IND,0.0
GIB,ITA,0.0
GIB,KOR,0.0
GIB,MAR,0.0
GIB,NLD,0.0
GIB,SAU,0.0
GIB,SGP,0.0
GIB,TUR,0.0
GIN,BEL,0.0
GIN,BMU,0.0
GIN,CAN,0.0
GIN,CIV,0.0
GIN,EGY,0.0
GIN,FRA,0.0
GIN,IND,0.0
GIN,NLD,0.0
GIN,SEN,0.0
GIN,TUR,0.0
GMB,BEL,0.0
GMB,CZE,0.0
GMB,FRA,0.0
GMB,GIN,0.0
GMB,GNB,0.0
GMB,ITA,0.0
GMB,MLI,0.0
GMB,NLD,0.0
GMB,SEN,0.0
GNQ,BEL,0.0
GNQ,BFA,0.0
GNQ,BRA,0.0
GNQ,CAF,0.0
GNQ,CHL,0.0
GNQ,CHN,0.0
GNQ,DEU,0.0
GNQ,DOM,0.0
GNQ,ESP,0.0
GNQ,FRA,0.0
GNQ,GBR,0.0
GNQ,IDN,0.0
GNQ,IND,0.0
GNQ,IRL,0.0
GNQ,ITA,0.0
GNQ,JPN,0.0
GNQ,KOR,0.0
GNQ,MAR,0.0
GNQ,NGA,0.0
GNQ,NLD,0.0
GNQ,PHL,0.0
GNQ,POL,0.0
GNQ,PRT,0.0
GNQ,S19,0.0
GNQ,SEN,0.0
GNQ,SGP,0.0
GNQ,SLV,0.0
GNQ,THA,0.0
GNQ,UKR,0.0
GNQ,USA,0.0
GNQ,ZAF,0.0
GRC,ABW,0.0
GRC,AGO,0.0
GRC,ALB,0.0
GRC,ARE,0.0
GRC,ARG,0.0
GRC,ARM,0.0
GRC,ATG,0.0
GRC,AUS,0.0
GRC,AUT,0.0
GRC,AZE,0.0
GRC,BEL,0.0
GRC,BFA,0.0
GRC,BGD,0.0
GRC,BGR,0.0
GRC,BHR,0.0
GRC,BHS,0.0
GRC,BIH,0.0
GRC,BLR,0.0
GRC,BLZ,0.0
GRC,BMU,0.0
GRC,BRA,0.0
GRC,BRB,0.0
GRC,CAF,0.0
GRC,CAN,0.0
GRC,CHE,0.0
GRC,CHL,0.0
GRC,CHN,0.0
GRC,CIV,0.0
GRC,CMR,0.0
GRC,COD,0.0
GRC,COG,0.0
GRC,COK,0.0
GRC,COL,0.0
GRC,COM,0.0
GRC,CPV,0.0
GRC,CRI,0.0
GRC,CUB,0.0
GRC,CYM,0.0
GRC,CYP,0.0
GRC,CZE,0.0
GRC,DEU,0.0
GRC,DJI,0.0
GRC,DNK,0.0
GRC,DOM,0.0
GRC,DZA,0.0
GRC,EGY,0.0
GRC,ESP,0.0
GRC,EST,0.0
GRC,ETH,0.0
GRC,FIN,0.0
GRC,FJI,0.0
GRC,FLK,0.0
GRC,FRA,0.0
GRC,GAB,0.0
GRC,GBR,0.0
GRC,GEO,0.0
GRC,GHA,0.0
GRC,GIB,0.0
GRC,GIN,0.0
GRC,GMB,0.0
GRC,GNB,0.0
GRC,GTM,0.0
GRC,HKG,0.0
GRC,HRV,0.0
GRC,HUN,0.0
GRC,IDN,0.0
GRC,IND,0.0
GRC,IOT,0.0
GRC,IRL,0.0
GRC,IRQ,0.0
GRC,ISL,0.0
GRC,ISR,0.0
GRC,ITA,0.0
GRC,JOR,0.0
GRC,JPN,0.0
GRC,KAZ,0.0
GRC,KEN,0.0
GRC,KNA,0.0
GRC,KOR,0.0
GRC,KWT,0.0
GRC,LBN,0.0
GRC,LBR,0.0
GRC,LBY,0.0
GRC,LTU,0.0
GRC,LUX,0.0
GRC,LVA,0.0
GRC,MAR,0.0
GRC,MDA,0.0
GRC,MDG,0.0
GRC,MEX,0.0
GRC,MHL,0.0
GRC,MKD,0.0
GRC,MLI,0.0
GRC,MLT,0.0
GRC,MNE,0.0
GRC,MNG,0.0
GRC,MRT,0.0
GRC,MUS,0.0
GRC,MYS,0.0
GRC,NGA,0.0
GRC,NLD,0.0
GRC,NOR,0.0
GRC,NPL,0.0
GRC,NZL,0.0
GRC,OMN,0.0
GRC,PAK,0.0
GRC,PAN,0.0
GRC,PER,0.0
GRC,PHL,0.0
GRC,PLW,0.0
GRC,POL,0.0
GRC,PRT,0.0
GRC,QAT,0.0
GRC,ROU,0.0
GRC,S19,0.0
GRC,SAU,0.0
GRC,SEN,0.0
GRC,SGP,0.0
GRC,SHN,0.0
GRC,SLE,0.0
GRC,SMR,0.0
GRC,SRB,0.0
GRC,SUR,0.0
GRC,SVK,0.0
GRC,SVN,0.0
GRC,SWE,0.0
GRC,SYC,0.0
GRC,TGO,0.0
GRC,THA,0.0
GRC,TKM,0.0
GRC,TUN,0.0
GRC,TUR,0.0
GRC,TUV,0.0
GRC,TZA,0.0
GRC,UKR,0.0
GRC,USA,0.0
GRC,UZB,0.0
GRC,VCT,0.0
GRC,VNM,0.0
GRC,VUT,0.0
GRC,ZAF,0.0
GRD,AUS,0.0
GRD,BEL,0.0
GRD,BRB,0.0
GRD,CAN,0.0
GRD,NLD,0.0
GRL,CAN,0.0
GRL,DNK,0.0
GRL,ISL,0.0
GRL,NLD,0.0
GRL,SGP,0.0
GRL,SWE,0.0
GTM,ATG,0.0
GTM,BEL,0.0
GTM,BLZ,0.0
GTM,CAN,0.0
GTM,CHN,0.0
GTM,COL,0.0
GTM,CRI,0.0
GTM,DEU,0.0
GTM,DNK,0.0
GTM,DOM,0.0
GTM,ESP,0.0
GTM,FRA,0.0
GTM,GUY,0.0
GTM,HKG,0.0
GTM,HND,0.0
GTM,ISL,0.0
GTM,LBR,0.0
GTM,MEX,0.0
GTM,MHL,0.0
GTM,MLT,0.0
GTM,NIC,0.0
GTM,NLD,0.0
GTM,PAN,0.0
GTM,PER,0.0
GTM,PRT,0.0
GTM,SLV,0.0
GTM,USA,0.0
GTM,VCT,0.0
GTM,VEN,0.0
GTM,WLF,0.0
GUM,KOR,0.0
GUM,NLD,0.0
GUM,SGP,0.0
GUY,AUT,0.0
GUY,BEL,0.0
GUY,BGR,0.0
GUY,BRA,0.0
GUY,CAN,0.0
GUY,CHN,0.0
GUY,COL,0.0
GUY,CZE,0.0
GUY,DEU,0.0
GUY,ESP,0.0
GUY,FIN,0.0
GUY,FRA,0.0
GUY,GBR,0.0
GUY,GRC,0.0
GUY,HRV,0.0
GUY,HUN,0.0
GUY,IND,0.0
GUY,ITA,0.0
GUY,NLD,0.0
GUY,POL,0.0
GUY,ROU,0.0
GUY,SGP,0.0
GUY,SVK,0.0
GUY,SWE,0.0
GUY,USA,0.0
HKG,AGO,0.0
HKG,ARE,0.0
HKG,ARG,0.0
HKG,AUS,0.0
HKG,AUT,0.0
HKG,BEL,0.0
HKG,BGD,0.0
HKG,BLZ,0.0
HKG,BRA,0.0
HKG,BRB,0.0
HKG,BRN,0.0
HKG,CAN,0.0
HKG,CHN,0.0
HKG,CIV,0.0
HKG,COL,0.0
HKG,CRI,0.0
HKG,DEU,0.0
HKG,ECU,0.0
HKG,EGY,0.0
HKG,ESP,0.0
HKG,EST,0.0
HKG,FJI,0.0
HKG,FRA,0.0
HKG,GBR,0.0
HKG,GHA,0.0
HKG,GIN,0.0
HKG,GRC,0.0
HKG,GTM,0.0
HKG,GUM,0.0
HKG,HUN,0.0
HKG,IDN,0.0
HKG,IND,0.0
HKG,IRN,0.0
HKG,ISL,0.0
HKG,ISR,0.0
HKG,JPN,0.0
HKG,KAZ,0.0
HKG,KEN,0.0
HKG,KGZ,0.0
HKG,KHM,0.0
HKG,KOR,0.0
HKG,LKA,0.0
HKG,MAC,0.0
HKG,MDG,0.0
HKG,MLT,0.0
HKG,MMR,0.0
HKG,MNG,0.0
HKG,MOZ,0.0
HKG,MRT,0.0
HKG,MYS,0.0
HKG,NAM,0.0
HKG,NLD,0.0
HKG,NZL,0.0
HKG,OMN,0.0
HKG,PAK,0.0
HKG,PAN,0.0
HKG,PER,0.0
HKG,PHL,0.0
HKG,PNG,0.0
HKG,PRT,0.0
HKG,ROU,0.0
HKG,RUS,0.0
HKG,S19,0.0
HKG,SAU,0.0
HKG,SGP,0.0
HKG,SLV,0.0
HKG,SWE,0.0
HKG,SYC,0.0
HKG,THA,0.0
HKG,TLS,0.0
HKG,TUR,0.0
HKG,TZA,0.0
HKG,USA,0.0
HKG,UZB,0.0
HKG,VNM,0.0
HKG,VUT,0.0
HKG,ZAF,0.0
HKG,ZMB,0.0
HKG,ZWE,0.0
HND,BEL,0.0
HND,BGR,0.0
HND,BLZ,0.0
HND,CAN,0.0
HND,CRI,0.0
HND,DEU,0.0
HND,DOM,0.0
HND,GTM,0.0
HND,MEX,0.0
HND,NIC,0.0
HND,NLD,0.0
HND,SLV,0.0
HND,USA,0.0
HRV,ALB,0.0
HRV,ARE,0.0
HRV,AUS,0.0
HRV,AUT,0.0
HRV,AZE,0.0
HRV,BEL,0.0
HRV,BGR,0.0
HRV,BIH,0.0
HRV,CAN,0.0
HRV,CHE,0.0
HRV,CHL,0.0
HRV,CHN,0.0
HRV,CYP,0.0
HRV,CZE,0.0
HRV,DEU,0.0
HRV,DNK,0.0
HRV,ESP,0.0
HRV,EST,0.0
HRV,FIN,0.0
HRV,FRA,0.0
HRV,GBR,0.0
HRV,GIB,0.0
HRV,GRC,0.0
HRV,GUY,0.0
HRV,HUN,0.0
HRV,IRL,0.0
HRV,ISL,0.0
HRV,ISR,0.0
HRV,ITA,0.0
HRV,KGZ,0.0
HRV,KOR,0.0
HRV,LTU,0.0
HRV,LUX,0.0
HRV,LVA,0.0
HRV,MAR,0.0
HRV,MDA,0.0
HRV,MKD,0.0
HRV,MLT,0.0
HRV,MNE,0.0
HRV,MYS,0.0
HRV,NGA,0.0
HRV,NLD,0.0
HRV,NOR,0.0
HRV,POL,0.0
HRV,PRT,0.0
HRV,QAT,0.0
HRV,ROU,0.0
HRV,S19,0.0
HRV,SEN,0.0
HRV,SRB,0.0
HRV,SVK,0.0
HRV,SVN,0.0
HRV,SWE,0.0
HRV,SYC,0.0
HRV,TUN,0.0
HRV,TUR,0.0
HRV,UKR,0.0
HTI,AUT,0.0
HTI,BEL,0.0
HTI,BGR,0.0
HTI,CAN,0.0
HTI,CZE,0.0
HTI,DEU,0.0
HTI,DOM,0.0
HTI,FRA,0.0
HTI,LTU,0.0
HUN,ALB,0.0
HUN,ARE,0.0
HUN,ARG,0.0
HUN,ARM,0.0
HUN,AUS,0.0
HUN,AUT,0.0
HUN,AZE,0.0
HUN,BEL,0.0
HUN,BGR,0.0
HUN,BHR,0.0
HUN,BIH,0.0
HUN,BLR,0.0
HUN,BMU,0.0
HUN,BRA,0.0
HUN,BRB,0.0
HUN,BRN,0.0
HUN,BWA,0.0
HUN,CAN,0.0
HUN,CHE,0.0
HUN,CHL,0.0
HUN,CHN,0.0
HUN,COD,0.0
HUN,COK,0.0
HUN,CPV,0.0
HUN,CYP,0.0
HUN,CZE,0.0
HUN,DEU,0.0
HUN,DNK,0.0
HUN,DOM,0.0
HUN,DZA,0.0
HUN,ECU,0.0
HUN,EGY,0.0
HUN,ESP,0.0
HUN,EST,0.0
HUN,FIN,0.0
HUN,FRA,0.0
HUN,GBR,0.0
HUN,GEO,0.0
HUN,GHA,0.0
HUN,GIB,0.0
HUN,GRC,0.0
HUN,GTM,0.0
HUN,HKG,0.0
HUN,HRV,0.0
HUN,IDN,0.0
HUN,IND,0.0
HUN,IRL,0.0
HUN,IRQ,0.0
HUN,ISL,0.0
HUN,ISR,0.0
HUN,ITA,0.0
HUN,JAM,0.0
HUN,JOR,0.0
HUN,JPN,0.0
HUN,KAZ,0.0
HUN,KEN,0.0
HUN,KGZ,0.0
HUN,KOR,0.0
HUN,KWT,0.0
HUN,LBN,0.0
HUN,LBY,0.0
HUN,LCA,0.0
HUN,LKA,0.0
HUN,LTU,0.0
HUN,LUX,0.0
HUN,LVA,0.0
HUN,MAR,0.0
HUN,MDA,0.0
HUN,MDV,0.0
HUN,MKD,0.0
HUN,MLT,0.0
HUN,MNE,0.0
HUN,MNG,0.0
HUN,MUS,0.0
HUN,MYS,0.0
HUN,NGA,0.0
HUN,NLD,0.0
HUN,NOR,0.0
HUN,NZL,0.0
HUN,OMN,0.0
HUN,PAK,0.0
HUN,PER,0.0
HUN,PHL,0.0
HUN,POL,0.0
HUN,PRT,0.0
HUN,PYF,0.0
HUN,QAT,0.0
HUN,ROU,0.0
HUN,RUS,0.0
HUN,S19,0.0
HUN,SAU,0.0
HUN,SGP,0.0
HUN,SRB,0.0
HUN,SVK,0.0
HUN,SVN,0.0
HUN,SWE,0.0
HUN,SYC,0.0
HUN,TGO,0.0
HUN,THA,0.0
HUN,TJK,0.0
HUN,TKM,0.0
HUN,TUN,0.0
HUN,TUR,0.0
HUN,TZA,0.0
HUN,UKR,0.0
HUN,USA,0.0
HUN,UZB,0.0
HUN,VNM,0.0
HUN,ZAF,0.0
HUN,ZWE,0.0
IDN,ARE,0.0
IDN,ARG,0.0
IDN,ARM,0.0
IDN,AUS,0.0
IDN,AUT,0.0
IDN,AZE,0.0
IDN,BEL,0.0
IDN,BGD,0.0
IDN,BHR,0.0
IDN,BIH,0.0
IDN,BRA,0.0
IDN,BRN,0.0
IDN,CAN,0.0
IDN,CHE,0.0
IDN,CHL,0.0
IDN,CHN,0.0
IDN,CIV,0.0
IDN,COL,0.0
IDN,CRI,0.0
IDN,CYM,0.0
IDN,CZE,0.0
IDN,DEU,0.0
IDN,DNK,0.0
IDN,DZA,0.0
IDN,ECU,0.0
IDN,EGY,0.0
IDN,ESP,0.0
IDN,EST,0.0
IDN,FJI,0.0
IDN,FRA,0.0
IDN,GBR,0.0
IDN,GRC,0.0
IDN,GTM,0.0
IDN,GUM,0.0
IDN,HKG,0.0
IDN,HND,0.0
IDN,IND,0.0
IDN,IRL,0.0
IDN,IRN,0.0
IDN,IRQ,0.0
IDN,ISL,0.0
IDN,ISR,0.0
IDN,ITA,0.0
IDN,JPN,0.0
IDN,KAZ,0.0
IDN,KEN,0.0
IDN,KHM,0.0
IDN,KOR,0.0
IDN,KWT,0.0
IDN,LBN,0.0
IDN,LBR,0.0
IDN,LBY,0.0
IDN,LKA,0.0
IDN,LTU,0.0
IDN,MAR,0.0
IDN,MDG,0.0
IDN,MDV,0.0
IDN,MEX,0.0
IDN,MHL,0.0
IDN,MKD,0.0
IDN,MMR,0.0
IDN,MUS,0.0
IDN,MWI,0.0
IDN,MYS,0.0
IDN,NAM,0.0
IDN,NGA,0.0
IDN,NIC,0.0
IDN,NLD,0.0
IDN,NOR,0.0
IDN,NPL,0.0
IDN,NZL,0.0
IDN,OMN,0.0
IDN,PAK,0.0
IDN,PER,0.0
IDN,PHL,0.0
IDN,PNG,0.0
IDN,POL,0.0
IDN,QAT,0.0
IDN,RUS,0.0
IDN,S19,0.0
IDN,SAU,0.0
IDN,SGP,0.0
IDN,SLB,0.0
IDN,SLV,0.0
IDN,SRB,0.0
IDN,SUR,0.0
IDN,SVK,0.0
IDN,SVN,0.0
IDN,SWE,0.0
IDN,SYC,0.0
IDN,THA,0.0
IDN,TLS,0.0
IDN,TTO,0.0
IDN,TUN,0.0
IDN,TUR,0.0
IDN,TZA,0.0
IDN,UGA,0.0
IDN,UKR,0.0
IDN,USA,0.0
IDN,VNM,0.0
IDN,YEM,0.0
IDN,ZAF,0.0
IND,AFG,0.0
IND,AGO,0.0
IND,ALB,0.0
IND,ARE,0.0
IND,ARG,0.0
IND,ARM,0.0
IND,AUS,0.0
IND,AUT,0.0
IND,AZE,0.0
IND,BDI,0.0
IND,BEL,0.0
IND,BEN,0.0
IND,BFA,0.0
IND,BGD,0.0
IND,BGR,0.0
IND,BHR,0.0
IND,BHS,0.0
IND,BLZ,0.0
IND,BOL,0.0
IND,BRA,0.0
IND,BRB,0.0
IND,BRN,0.0
IND,BTN,0.0
IND,BWA,0.0
IND,CAF,0.0
IND,CAN,0.0
IND,CHE,0.0
IND,CHL,0.0
IND,CHN,0.0
IND,CIV,0.0
IND,CMR,0.0
IND,COD,0.0
IND,COG,0.0
IND,COL,0.0
IND,COM,0.0
IND,CRI,0.0
IND,CUB,0.0
IND,CYP,0.0
IND,CZE,0.0
IND,DEU,0.0
IND,DJI,0.0
IND,DNK,0.0
IND,DOM,0.0
IND,DZA,0.0
IND,ECU,0.0
IND,EGY,0.0
IND,ESP,0.0
IND,EST,0.0
IND,ETH,0.0
IND,FIN,0.0
IND,FJI,0.0
IND,FRA,0.0
IND,GAB,0.0
IND,GBR,0.0
IND,GEO,0.0
IND,GHA,0.0
IND,GIN,0.0
IND,GMB,0.0
IND,GNB,0.0
IND,GNQ,0.0
IND,GRC,0.0
IND,GTM,0.0
IND,GUY,0.0
IND,HKG,0.0
IND,HND,0.0
IND,HRV,0.0
IND,HTI,0.0
IND,HUN,0.0
IND,IDN,0.0
IND,IRL,0.0
IND,IRN,0.0
IND,IRQ,0.0
IND,ISL,0.0
IND,ISR,0.0
IND,ITA,0.0
IND,JAM,0.0
IND,JOR,0.0
IND,JPN,0.0
IND,KAZ,0.0
IND,KEN,0.0
IND,KHM,0.0
IND,KOR,0.0
IND,KWT,0.0
IND,LBN,0.0
IND,LBR,0.0
IND,LBY,0.0
IND,LKA,0.0
IND,LSO,0.0
IND,LTU,0.0
IND,LUX,0.0
IND,LVA,0.0
IND,MAR,0.0
IND,MDA,0.0
IND,MDG,0.0
IND,MDV,0.0
IND,MEX,0.0
IND,MKD,0.0
IND,MLI,0.0
IND,MLT,0.0
IND,MMR,0.0
IND,MNE,0.0
IND,MNG,0.0
IND,MOZ,0.0
IND,MRT,0.0
IND,MUS,0.0
IND,MWI,0.0
IND,MYS,0.0
IND,NAM,0.0
IND,NER,0.0
IND,NGA,0.0
IND,NIC,0.0
IND,NLD,0.0
IND,NOR,0.0
IND,NPL,0.0
IND,NZL,0.0
IND,OMN,0.0
IND,PAK,0.0
IND,PAN,0.0
IND,PER,0.0
IND,PHL,0.0
IND,PNG,0.0
IND,POL,0.0
IND,PRT,0.0
IND,PRY,0.0
IND,PYF,0.0
IND,QAT,0.0
IND,ROU,0.0
IND,RUS,0.0
IND,RWA,0.0
IND,S19,0.0
IND,SAU,0.0
IND,SDN,0.0
IND,SEN,0.0
IND,SGP,0.0
IND,SLE,0.0
IND,SLV,0.0
IND,SOM,0.0
IND,SRB,0.0
IND,SSD,0.0
IND,SUR,0.0
IND,SVK,0.0
IND,SVN,0.0
IND,SWE,0.0
IND,SYC,0.0
IND,SYR,0.0
IND,TCD,0.0
IND,TGO,0.0
IND,THA,0.0
IND,TKM,0.0
IND,TON,0.0
IND,TTO,0.0
IND,TUN,0.0
IND,TUR,0.0
IND,TZA,0.0
IND,UGA,0.0
IND,UKR,0.0
IND,URY,0.0
IND,USA,0.0
IND,UZB,0.0
IND,VEN,0.0
IND,VNM,0.0
IND,YEM,0.0
IND,ZAF,0.0
IND,ZMB,0.0
IND,ZWE,0.0
IOT,SGP,0.0
IRL,AGO,0.0
IRL,ARE,0.0
IRL,AUS,0.0
IRL,AUT,0.0
IRL,BEL,0.0
IRL,BHR,0.0
IRL,BOL,0.0
IRL,BRA,0.0
IRL,BRB,0.0
IRL,CAN,0.0
IRL,CHE,0.0
IRL,CHL,0.0
IRL,CHN,0.0
IRL,COL,0.0
IRL,CRI,0.0
IRL,CYP,0.0
IRL,CZE,0.0
IRL,DEU,0.0
IRL,DNK,0.0
IRL,DOM,0.0
IRL,EGY,0.0
IRL,ESP,0.0
IRL,EST,0.0
IRL,FIN,0.0
IRL,FRA,0.0
IRL,GAB,0.0
IRL,GBR,0.0
IRL,GHA,0.0
IRL,GRC,0.0
IRL,GTM,0.0
IRL,HKG,0.0
IRL,HND,0.0
IRL,HRV,0.0
IRL,HUN,0.0
IRL,IDN,0.0
IRL,IND,0.0
IRL,ISL,0.0
IRL,ISR,0.0
IRL,ITA,0.0
IRL,JOR,0.0
IRL,JPN,0.0
IRL,KAZ,0.0
IRL,KEN,0.0
IRL,KGZ,0.0
IRL,KOR,0.0
IRL,KWT,0.0
IRL,LTU,0.0
IRL,LUX,0.0
IRL,LVA,0.0
IRL,MAC,0.0
IRL,MAR,0.0
IRL,MDV,0.0
IRL,MEX,0.0
IRL,MLT,0.0
IRL,MNG,0.0
IRL,NAM,0.0
IRL,NCL,0.0
IRL,NGA,0.0
IRL,NLD,0.0
IRL,NOR,0.0
IRL,NZL,0.0
IRL,OMN,0.0
IRL,PAK,0.0
IRL,PAN,0.0
IRL,PER,0.0
IRL,PHL,0.0
IRL,POL,0.0
IRL,PRT,0.0
IRL,QAT,0.0
IRL,ROU,0.0
IRL,S19,0.0
IRL,SAU,0.0
IRL,SGP,0.0
IRL,SLV,0.0
IRL,SRB,0.0
IRL,SVK,0.0
IRL,SVN,0.0
IRL,SWE,0.0
IRL,THA,0.0
IRL,TTO,0.0
IRL,TUN,0.0
IRL,TUR,0.0
IRL,USA,0.0
IRL,UZB,0.0
IRL,VNM,0.0
IRL,ZAF,0.0
IRL,ZMB,0.0
IRN,ARM,1.0
IRN,AZE,1.0
IRN,BFA,1.0
IRN,BGR,1.0
IRN,BHR,1.0
IRN,CAN,1.0
IRN,CHE,1.0
IRN,CHN,1.0
IRN,CIV,1.0
IRN,FRA,1.0
IRN,IND,1.0
IRN,IRL,1.0
IRN,KAZ,1.0
IRN,KEN,1.0
IRN,KGZ,1.0
IRN,KOR,1.0
IRN,MDV,1.0
IRN,MKD,1.0
IRN,MMR,1.0
IRN,MYS,1.0
IRN,PAK,1.0
IRN,ROU,1.0
IRN,S19,1.0
IRN,SRB,1.0
IRN,TUR,1.0
IRN,TZA,1.0
IRN,UGA,1.0
IRN,UZB,1.0
IRN,ZMB,1.0
IRQ,ARM,1.0
IRQ,AUT,1.0
IRQ,AZE,1.0
IRQ,BEL,1.0
IRQ,BFA,1.0
IRQ,BGR,1.0
IRQ,BHR,1.0
IRQ,BIH,1.0
IRQ,BRA,1.0
IRQ,CHN,1.0
IRQ,DEU,1.0
IRQ,DOM,1.0
IRQ,EGY,1.0
IRQ,ESP,1.0
IRQ,FRA,1.0
IRQ,GRC,1.0
IRQ,IDN,1.0
IRQ,IND,1.0
IRQ,ITA,1.0
IRQ,JPN,1.0
IRQ,KOR,1.0
IRQ,KWT,1.0
IRQ,LKA,1.0
IRQ,MDG,1.0
IRQ,MKD,1.0
IRQ,MYS,1.0
IRQ,NLD,1.0
IRQ,PAK,1.0
IRQ,PHL,1.0
IRQ,QAT,1.0
IRQ,S19,1.0
IRQ,SAU,1.0
IRQ,SGP,1.0
IRQ,SRB,1.0
IRQ,THA,1.0
IRQ,TUR,1.0
IRQ,TZA,1.0
IRQ,UGA,1.0
IRQ,USA,1.0
IRQ,UZB,1.0
IRQ,ZAF,1.0
ISL,ABW,0.0
ISL,ARE,0.0
ISL,ATG,0.0
ISL,AUS,0.0
ISL,AUT,0.0
ISL,BEL,0.0
ISL,BGR,0.0
ISL,BHR,0.0
ISL,BHS,0.0
ISL,BRB,0.0
ISL,CAN,0.0
ISL,CCK,0.0
ISL,CHE,0.0
ISL,CHL,0.0
ISL,COG,0.0
ISL,CPV,0.0
ISL,CUB,0.0
ISL,CYM,0.0
ISL,CYP,0.0
ISL,CZE,0.0
ISL,DEU,0.0
ISL,DNK,0.0
ISL,ECU,0.0
ISL,ESP,0.0
ISL,EST,0.0
ISL,FIN,0.0
ISL,FRA,0.0
ISL,GBR,0.0
ISL,GRC,0.0
ISL,GRL,0.0
ISL,HRV,0.0
ISL,IND,0.0
ISL,IRL,0.0
ISL,ITA,0.0
ISL,JPN,0.0
ISL,KNA,0.0
ISL,LBN,0.0
ISL,LBR,0.0
ISL,LBY,0.0
ISL,LTU,0.0
ISL,LUX,0.0
ISL,LVA,0.0
ISL,MAR,0.0
ISL,MDG,0.0
ISL,MDV,0.0
ISL,MLT,0.0
ISL,MMR,0.0
ISL,MYS,0.0
ISL,NGA,0.0
ISL,NLD,0.0
ISL,NOR,0.0
ISL,OMN,0.0
ISL,PAK,0.0
ISL,PAN,0.0
ISL,PHL,0.0
ISL,POL,0.0
ISL,PRT,0.0
ISL,SAU,0.0
ISL,SGP,0.0
ISL,SLV,0.0
ISL,SRB,0.0
ISL,SWE,0.0
ISL,TCA,0.0
ISL,TUR,0.0
ISL,UKR,0.0
ISL,URY,0.0
ISL,USA,0.0
ISL,UZB,0.0
ISL,VGB,0.0
ISL,VUT,0.0
ISL,YEM,0.0
ISR,ALB,0.0
ISR,ARG,0.0
ISR,ARM,0.0
ISR,AUS,0.0
ISR,AUT,0.0
ISR,AZE,0.0
ISR,BEL,0.0
ISR,BGR,0.0
ISR,BRA,0.0
ISR,CAN,0.0
ISR,CHE,0.0
ISR,CHL,0.0
ISR,CHN,0.0
ISR,COL,0.0
ISR,CRI,0.0
ISR,CYP,0.0
ISR,CZE,0.0
ISR,DEU,0.0
ISR,ECU,0.0
ISR,EGY,0.0
ISR,ESP,0.0
ISR,FRA,0.0
ISR,GBR,0.0
ISR,GRC,0.0
ISR,GTM,0.0
ISR,HND,0.0
ISR,HUN,0.0
ISR,IDN,0.0
ISR,IND,0.0
ISR,IRL,0.0
ISR,ITA,0.0
ISR,JPN,0.0
ISR,KAZ,0.0
ISR,KEN,0.0
ISR,KGZ,0.0
ISR,KOR,0.0
ISR,LKA,0.0
ISR,MAR,0.0
ISR,MDA,0.0
ISR,MKD,0.0
ISR,MLT,0.0
ISR,MNE,0.0
ISR,MUS,0.0
ISR,NAM,0.0
ISR,NGA,0.0
ISR,NIC,0.0
ISR,NLD,0.0
ISR,NOR,0.0
ISR,NZL,0.0
ISR,PAN,0.0
ISR,PER,0.0
ISR,PHL,0.0
ISR,POL,0.0
ISR,PRT,0.0
ISR,PRY,0.0
ISR,ROU,0.0
ISR,S19,0.0
ISR,SGP,0.0
ISR,SLV,0.0
ISR,SRB,0.0
ISR,SVK,0.0
ISR,SVN,0.0
ISR,SWE,0.0
ISR,THA,0.0
ISR,TUR,0.0
ISR,TZA,0.0
ISR,UGA,0.0
ISR,UKR,0.0
ISR,URY,0.0
ISR,USA,0.0
ISR,ZAF,0.0
ITA,AGO,0.0
ITA,ALB,0.0
ITA,ARE,0.0
ITA,ARG,0.0
ITA,ARM,0.0
ITA,ATG,0.0
ITA,AUS,0.0
ITA,AUT,0.0
ITA,AZE,0.0
ITA,BEL,0.0
ITA,BEN,0.0
ITA,BFA,0.0
ITA,BGD,0.0
ITA,BGR,0.0
ITA,BHR,0.0
ITA,BHS,0.0
ITA,BIH,0.0
ITA,BLR,0.0
ITA,BMU,0.0
ITA,BOL,0.0
ITA,BRA,0.0
ITA,BRB,0.0
ITA,BRN,0.0
ITA,BTN,0.0
ITA,CAF,0.0
ITA,CAN,0.0
ITA,CHE,0.0
ITA,CHL,0.0
ITA,CHN,0.0
ITA,CIV,0.0
ITA,CMR,0.0
ITA,COD,0.0
ITA,COG,0.0
ITA,COL,0.0
ITA,CPV,0.0
ITA,CRI,0.0
ITA,CUB,0.0
ITA,CYM,0.0
ITA,CYP,0.0
ITA,CZE,0.0
ITA,DEU,0.0
ITA,DNK,0.0
ITA,DOM,0.0
ITA,DZA,0.0
ITA,ECU,0.0
ITA,EGY,0.0
ITA,ESP,0.0
ITA,EST,0.0
ITA,ETH,0.0
ITA,FIN,0.0
ITA,FJI,0.0
ITA,FRA,0.0
ITA,GAB,0.0
ITA,GBR,0.0
ITA,GEO,0.0
ITA,GHA,0.0
ITA,GIB,0.0
ITA,GIN,0.0
ITA,GNB,0.0
ITA,GRC,0.0
ITA,GTM,0.0
ITA,HKG,0.0
ITA,HND,0.0
ITA,HRV,0.0
ITA,HTI,0.0
ITA,HUN,0.0
ITA,IDN,0.0
ITA,IND,0.0
ITA,IRL,0.0
ITA,IRN,0.0
ITA,IRQ,0.0
ITA,ISL,0.0
ITA,ISR,0.0
ITA,JAM,0.0
ITA,JOR,0.0
ITA,JPN,0.0
ITA,KAZ,0.0
ITA,KEN,0.0
ITA,KGZ,0.0
ITA,KHM,0.0
ITA,KOR,0.0
ITA,KWT,0.0
ITA,LBN,0.0
ITA,LBR,0.0
ITA,LBY,0.0
ITA,LKA,0.0
ITA,LTU,0.0
ITA,LUX,0.0
ITA,LVA,0.0
ITA,MAC,0.0
ITA,MAR,0.0
ITA,MDA,0.0
ITA,MDG,0.0
ITA,MDV,0.0
ITA,MEX,0.0
ITA,MHL,0.0
ITA,MKD,0.0
ITA,MLT,0.0
ITA,MMR,0.0
ITA,MNE,0.0
ITA,MNG,0.0
ITA,MOZ,0.0
ITA,MRT,0.0
ITA,MUS,0.0
ITA,MYS,0.0
ITA,NAM,0.0
ITA,NCL,0.0
ITA,NER,0.0
ITA,NGA,0.0
ITA,NIC,0.0
ITA,NLD,0.0
ITA,NOR,0.0
ITA,NRU,0.0
ITA,NZL,0.0
ITA,OMN,0.0
ITA,PAK,0.0
ITA,PAN,0.0
ITA,PER,0.0
ITA,PHL,0.0
ITA,POL,0.0
ITA,PRT,0.0
ITA,PRY,0.0
ITA,PSE,0.0
ITA,QAT,0.0
ITA,ROU,0.0
ITA,RUS,0.0
ITA,RWA,0.0
ITA,S19,0.0
ITA,SAU,0.0
ITA,SEN,0.0
ITA,SGP,0.0
ITA,SLE,0.0
ITA,SLV,0.0
ITA,SMR,0.0
ITA,SRB,0.0
ITA,SVK,0.0
ITA,SVN,0.0
ITA,SWE,0.0
ITA,SYC,0.0
ITA,SYR,0.0
ITA,TGO,0.0
ITA,THA,0.0
ITA,TJK,0.0
ITA,TKM,0.0
ITA,TTO,0.0
ITA,TUN,0.0
ITA,TUR,0.0
ITA,TZA,0.0
ITA,UGA,0.0
ITA,UKR,0.0
ITA,URY,0.0
ITA,USA,0.0
ITA,UZB,0.0
ITA,VEN,0.0
ITA,VNM,0.0
ITA,YEM,0.0
ITA,ZAF,0.0
ITA,ZMB,0.0
ITA,ZWE,0.0
JAM,BEL,0.0
JAM,BHS,0.0
JAM,BRB,0.0
JAM,CAN,0.0
JAM,COL,0.0
JAM,DOM,0.0
JAM,FRA,0.0
JAM,NLD,0.0
JAM,SGP,0.0
JAM,USA,0.0
JOR,BEL,0.0
JOR,CAN,0.0
JOR,CIV,0.0
JOR,FRA,0.0
JOR,IND,0.0
JOR,ISL,0.0
JOR,ISR,0.0
JOR,ITA,0.0
JOR,KOR,0.0
JOR,NLD,0.0
JOR,SAU,0.0
JOR,SVK,0.0
JOR,SWE,0.0
JOR,TUR,0.0
JPN,AGO,0.0
JPN,ALB,0.0
JPN,ARE,0.0
JPN,ARG,0.0
JPN,ARM,0.0
JPN,AUS,0.0
JPN,AUT,0.0
JPN,AZE,0.0
JPN,BEL,0.0
JPN,BFA,0.0
JPN,BGD,0.0
JPN,BGR,0.0
JPN,BHR,0.0
JPN,BHS,0.0
JPN,BIH,0.0
JPN,BLR,0.0
JPN,BLZ,0.0
JPN,BMU,0.0
JPN,BOL,0.0
JPN,BRA,0.0
JPN,BRB,0.0
JPN,BRN,0.0
JPN,BTN,0.0
JPN,CAF,0.0
JPN,CAN,0.0
JPN,CHE,0.0
JPN,CHL,0.0
JPN,CHN,0.0
JPN,CIV,0.0
JPN,COL,0.0
JPN,CRI,0.0
JPN,CYP,0.0
JPN,CZE,0.0
JPN,DEU,0.0
JPN,DJI,0.0
JPN,DNK,0.0
JPN,DOM,0.0
JPN,ECU,0.0
JPN,EGY,0.0
JPN,ESP,0.0
JPN,EST,0.0
JPN,ETH,0.0
JPN,FIN,0.0
JPN,FJI,0.0
JPN,FRA,0.0
JPN,FSM,0.0
JPN,GBR,0.0
JPN,GEO,0.0
JPN,GRC,0.0
JPN,GTM,0.0
JPN,HKG,0.0
JPN,HND,0.0
JPN,HRV,0.0
JPN,HUN,0.0
JPN,IDN,0.0
JPN,IND,0.0
JPN,IRL,0.0
JPN,IRQ,0.0
JPN,ISL,0.0
JPN,ISR,0.0
JPN,ITA,0.0
JPN,JAM,0.0
JPN,JOR,0.0
JPN,KAZ,0.0
JPN,KEN,0.0
JPN,KGZ,0.0
JPN,KHM,0.0
JPN,KOR,0.0
JPN,KWT,0.0
JPN,LBN,0.0
JPN,LBR,0.0
JPN,LBY,0.0
JPN,LKA,0.0
JPN,LTU,0.0
JPN,LUX,0.0
JPN,LVA,0.0
JPN,MAC,0.0
JPN,MAR,0.0
JPN,MDA,0.0
JPN,MDG,0.0
JPN,MDV,0.0
JPN,MEX,0.0
JPN,MHL,0.0
JPN,MKD,0.0
JPN,MLT,0.0
JPN,MMR,0.0
JPN,MNE,0.0
JPN,MNG,0.0
JPN,MOZ,0.0
JPN,MRT,0.0
JPN,MUS,0.0
JPN,MWI,0.0
JPN,MYS,0.0
JPN,NAM,0.0
JPN,NCL,0.0
JPN,NER,0.0
JPN,NGA,0.0
JPN,NIC,0.0
JPN,NLD,0.0
JPN,NOR,0.0
JPN,NPL,0.0
JPN,NZL,0.0
JPN,OMN,0.0
JPN,PAK,0.0
JPN,PAN,0.0
JPN,PER,0.0
JPN,PHL,0.0
JPN,PLW,0.0
JPN,PNG,0.0
JPN,POL,0.0
JPN,PRT,0.0
JPN,PRY,0.0
JPN,QAT,0.0
JPN,ROU,0.0
JPN,RUS,0.0
JPN,S19,0.0
JPN,SAU,0.0
JPN,SEN,0.0
JPN,SGP,0.0
JPN,SLB,0.0
JPN,SLV,0.0
JPN,SRB,0.0
JPN,SVK,0.0
JPN,SVN,0.0
JPN,SWE,0.0
JPN,SWZ,0.0
JPN,SYC,0.0
JPN,THA,0.0
JPN,TJK,0.0
JPN,TKM,0.0
JPN,TLS,0.0
JPN,TTO,0.0
JPN,TUN,0.0
JPN,TUR,0.0
JPN,TZA,0.0
JPN,UGA,0.0
JPN,UKR,0.0
JPN,URY,0.0
JPN,USA,0.0
JPN,UZB,0.0
JPN,VEN,0.0
JPN,VNM,0.0
JPN,WSM,0.0
JPN,YEM,0.0
JPN,ZAF,0.0
JPN,ZMB,0.0
JPN,ZWE,0.0
KAZ,AFG,0.0
KAZ,ALB,0.0
KAZ,ARE,0.0
KAZ,ARM,0.0
KAZ,AUT,0.0
KAZ,AZE,0.0
KAZ,BEL,0.0
KAZ,BGR,0.0
KAZ,BHS,0.0
KAZ,BLR,0.0
KAZ,BRN,0.0
KAZ,CHE,0.0
KAZ,CHN,0.0
KAZ,CIV,0.0
KAZ,CZE,0.0
KAZ,DEU,0.0
KAZ,DNK,0.0
KAZ,EGY,0.0
KAZ,ESP,0.0
KAZ,EST,0.0
KAZ,FIN,0.0
KAZ,FRA,0.0
KAZ,GBR,0.0
KAZ,GEO,0.0
KAZ,GRC,0.0
KAZ,HRV,0.0
KAZ,HUN,0.0
KAZ,IDN,0.0
KAZ,IND,0.0
KAZ,ISR,0.0
KAZ,ITA,0.0
KAZ,KGZ,0.0
KAZ,KOR,0.0
KAZ,LKA,0.0
KAZ,LTU,0.0
KAZ,LVA,0.0
KAZ,MAR,0.0
KAZ,MDA,0.0
KAZ,MKD,0.0
KAZ,MLT,0.0
KAZ,MNG,0.0
KAZ,MYS,0.0
KAZ,NLD,0.0
KAZ,PAK,0.0
KAZ,POL,0.0
KAZ,QAT,0.0
KAZ,ROU,0.0
KAZ,RUS,0.0
KAZ,SEN,0.0
KAZ,SGP,0.0
KAZ,SRB,0.0
KAZ,SVK,0.0
KAZ,TJK,0.0
KAZ,TKM,0.0
KAZ,TUR,0.0
KAZ,UKR,0.0
KAZ,URY,0.0
KAZ,USA,0.0
KAZ,UZB,0.0
KAZ,VNM,0.0
KEN,AGO,0.0
KEN,ARE,0.0
KEN,AUS,0.0
KEN,BDI,0.0
KEN,BEL,0.0
KEN,BHR,0.0
KEN,CAF,0.0
KEN,CHE,0.0
KEN,CIV,0.0
KEN,COD,0.0
KEN,COG,0.0
KEN,COM,0.0
KEN,DEU,0.0
KEN,DNK,0.0
KEN,EGY,0.0
KEN,ETH,0.0
KEN,FRA,0.0
KEN,GAB,0.0
KEN,GHA,0.0
KEN,GNQ,0.0
KEN,IDN,0.0
KEN,IND,0.0
KEN,ISL,0.0
KEN,MAR,0.0
KEN,MDG,0.0
KEN,MHL,0.0
KEN,MLI,0.0
KEN,MOZ,0.0
KEN,MUS,0.0
KEN,MWI,0.0
KEN,NER,0.0
KEN,NGA,0.0
KEN,NLD,0.0
KEN,OMN,0.0
KEN,PAN,0.0
KEN,PRT,0.0
KEN,RWA,0.0
KEN,SAU,0.0
KEN,SDN,0.0
KEN,SEN,0.0
KEN,SGP,0.0
KEN,SOM,0.0
KEN,SSD,0.0
KEN,SWE,0.0
KEN,TCD,0.0
KEN,TUR,0.0
KEN,TZA,0.0
KEN,UGA,0.0
KEN,USA,0.0
KEN,ZAF,0.0
KEN,ZMB,0.0
KEN,ZWE,0.0
KGZ,AFG,0.0
KGZ,ARE,0.0
KGZ,AUT,0.0
KGZ,AZE,0.0
KGZ,BEL,0.0
KGZ,BFA,0.0
KGZ,BGD,0.0
KGZ,BGR,0.0
KGZ,BHR,0.0
KGZ,BLR,0.0
KGZ,BOL,0.0
KGZ,CHE,0.0
KGZ,CHN,0.0
KGZ,CYP,0.0
KGZ,DEU,0.0
KGZ,EGY,0.0
KGZ,ESP,0.0
KGZ,FRA,0.0
KGZ,GBR,0.0
KGZ,GEO,0.0
KGZ,HKG,0.0
KGZ,HRV,0.0
KGZ,HUN,0.0
KGZ,IND,0.0
KGZ,IRL,0.0
KGZ,IRN,0.0
KGZ,ISL,0.0
KGZ,ITA,0.0
KGZ,JOR,0.0
KGZ,JPN,0.0
KGZ,KAZ,0.0
KGZ,KOR,0.0
KGZ,KWT,0.0
KGZ,LBY,0.0
KGZ,LVA,0.0
KGZ,MLI,0.0
KGZ,MMR,0.0
KGZ,MNG,0.0
KGZ,NGA,0.0
KGZ,NOR,0.0
KGZ,OMN,0.0
KGZ,PAK,0.0
KGZ,POL,0.0
KGZ,QAT,0.0
KGZ,RUS,0.0
KGZ,S19,0.0
KGZ,SAU,0.0
KGZ,SDN,0.0
KGZ,SGP,0.0
KGZ,SMR,0.0
KGZ,SRB,0.0
KGZ,SWE,0.0
KGZ,THA,0.0
KGZ,TJK,0.0
KGZ,TKM,0.0
KGZ,TUR,0.0
KGZ,USA,0.0
KGZ,UZB,0.0
KGZ,VNM,0.0
KGZ,ZAF,0.0
KHM,AUT,0.0
KHM,CHN,0.0
KHM,GTM,0.0
KHM,IRL,0.0
KHM,ISL,0.0
KHM,KOR,0.0
KHM,MMR,0.0
KHM,POL,0.0
KHM,SGP,0.0
KHM,THA,0.0
KHM,USA,0.0
KIR,KOR,0.0
KNA,DEU,0.0
KNA,IND,0.0
KNA,NLD,0.0
KNA,ZAF,0.0
KOR,AFG,0.0
KOR,AGO,0.0
KOR,ALB,0.0
KOR,ARE,0.0
KOR,ARG,0.0
KOR,ARM,0.0
KOR,ASM,0.0
KOR,ATG,0.0
KOR,AUS,0.0
KOR,AUT,0.0
KOR,AZE,0.0
KOR,BEL,0.0
KOR,BFA,0.0
KOR,BGD,0.0
KOR,BGR,0.0
KOR,BHR,0.0
KOR,BHS,0.0
KOR,BIH,0.0
KOR,BLR,0.0
KOR,BLZ,0.0
KOR,BMU,0.0
KOR,BOL,0.0
KOR,BRA,0.0
KOR,BRB,0.0
KOR,BRN,0.0
KOR,CAF,0.0
KOR,CAN,0.0
KOR,CHE,0.0
KOR,CHL,0.0
KOR,CHN,0.0
KOR,CIV,0.0
KOR,CMR,0.0
KOR,COG,0.0
KOR,COL,0.0
KOR,CRI,0.0
KOR,CUB,0.0
KOR,CYP,0.0
KOR,CZE,0.0
KOR,DEU,0.0
KOR,DJI,0.0
KOR,DNK,0.0
KOR,DOM,0.0
KOR,DZA,0.0
KOR,ECU,0.0
KOR,EGY,0.0
KOR,ESP,0.0
KOR,EST,0.0
KOR,ETH,0.0
KOR,FIN,0.0
KOR,FJI,0.0
KOR,FRA,0.0
KOR,FSM,0.0
KOR,GBR,0.0
KOR,GEO,0.0
KOR,GHA,0.0
KOR,GIB,0.0
KOR,GIN,0.0
KOR,GRC,0.0
KOR,GTM,0.0
KOR,GUM,0.0
KOR,GUY,0.0
KOR,HKG,0.0
KOR,HND,0.0
KOR,HTI,0.0
KOR,HUN,0.0
KOR,IDN,0.0
KOR,IND,0.0
KOR,IRL,0.0
KOR,IRN,0.0
KOR,IRQ,0.0
KOR,ISL,0.0
KOR,ISR,0.0
KOR,ITA,0.0
KOR,JAM,0.0
KOR,JOR,0.0
KOR,JPN,0.0
KOR,KAZ,0.0
KOR,KEN,0.0
KOR,KGZ,0.0
KOR,KHM,0.0
KOR,KIR,0.0
KOR,KWT,0.0
KOR,LAO,0.0
KOR,LBN,0.0
KOR,LBR,0.0
KOR,LBY,0.0
KOR,LKA,0.0
KOR,LTU,0.0
KOR,LUX,0.0
KOR,LVA,0.0
KOR,MAC,0.0
KOR,MAR,0.0
KOR,MDA,0.0
KOR,MDG,0.0
KOR,MDV,0.0
KOR,MEX,0.0
KOR,MHL,0.0
KOR,MKD,0.0
KOR,MLT,0.0
KOR,MMR,0.0
KOR,MNE,0.0
KOR,MNG,0.0
KOR,MNP,0.0
KOR,MOZ,0.0
KOR,MUS,0.0
KOR,MWI,0.0
KOR,MYS,0.0
KOR,NAM,0.0
KOR,NCL,0.0
KOR,NGA,0.0
KOR,NIC,0.0
KOR,NLD,0.0
KOR,NOR,0.0
KOR,NPL,0.0
KOR,NRU,0.0
KOR,NZL,0.0
KOR,OMN,0.0
KOR,PAK,0.0
KOR,PAN,0.0
KOR,PER,0.0
KOR,PHL,0.0
KOR,PLW,0.0
KOR,PNG,0.0
KOR,POL,0.0
KOR,PRT,0.0
KOR,PRY,0.0
KOR,PYF,0.0
KOR,QAT,0.0
KOR,ROU,0.0
KOR,RUS,0.0
KOR,RWA,0.0
KOR,S19,0.0
KOR,SAU,0.0
KOR,SDN,0.0
KOR,SEN,0.0
KOR,SGP,0.0
KOR,SLB,0.0
KOR,SLE,0.0
KOR,SLV,0.0
KOR,SRB,0.0
KOR,SUR,0.0
KOR,SVK,0.0
KOR,SVN,0.0
KOR,SWE,0.0
KOR,SWZ,0.0
KOR,SYC,0.0
KOR,SYR,0.0
KOR,TGO,0.0
KOR,THA,0.0
KOR,TJK,0.0
KOR,TKM,0.0
KOR,TLS,0.0
KOR,TTO,0.0
KOR,TUN,0.0
KOR,TUR,0.0
KOR,TUV,0.0
KOR,TZA,0.0
KOR,UGA,0.0
KOR,UKR,0.0
KOR,URY,0.0
KOR,USA,0.0
KOR,UZB,0.0
KOR,VEN,0.0
KOR,VNM,0.0
KOR,VUT,0.0
KOR,WSM,0.0
KOR,YEM,0.0
KOR,ZAF,0.0
KOR,ZMB,0.0
KWT,AGO,1.0
KWT,ALB,1.0
KWT,ARE,1.0
KWT,ARG,1.0
KWT,AUS,1.0
KWT,BEL,1.0
KWT,BEN,1.0
KWT,BFA,1.0
KWT,BGD,1.0
KWT,BHR,1.0
KWT,BRA,1.0
KWT,CAN,1.0
KWT,CHN,1.0
KWT,CIV,1.0
KWT,CMR,1.0
KWT,DEU,1.0
KWT,DNK,1.0
KWT,DZA,1.0
KWT,EGY,1.0
KWT,ESP,1.0
KWT,FIN,1.0
KWT,FRA,1.0
KWT,GBR,1.0
KWT,GRC,1.0
KWT,IDN,1.0
KWT,IND,1.0
KWT,IRL,1.0
KWT,IRQ,1.0
KWT,ISL,1.0
KWT,ITA,1.0
KWT,JOR,1.0
KWT,JPN,1.0
KWT,KEN,1.0
KWT,KOR,1.0
KWT,LBY,1.0
KWT,LKA,1.0
KWT,LSO,1.0
KWT,LVA,1.0
KWT,MAR,1.0
KWT,MDA,1.0
KWT,MDG,1.0
KWT,MKD,1.0
KWT,MMR,1.0
KWT,MNE,1.0
KWT,MOZ,1.0
KWT,MUS,1.0
KWT,MWI,1.0
KWT,MYS,1.0
KWT,NAM,1.0
KWT,NER,1.0
KWT,NGA,1.0
KWT,NLD,1.0
KWT,NOR,1.0
KWT,PAK,1.0
KWT,PHL,1.0
KWT,POL,1.0
KWT,PRT,1.0
KWT,PRY,1.0
KWT,QAT,1.0
KWT,ROU,1.0
KWT,S19,1.0
KWT,SAU,1.0
KWT,SEN,1.0
KWT,SGP,1.0
KWT,SRB,1.0
KWT,SVK,1.0
KWT,SVN,1.0
KWT,SWE,1.0
KWT,SYR,1.0
KWT,THA,1.0
KWT,TUR,1.0
KWT,TZA,1.0
KWT,UGA,1.0
KWT,UKR,1.0
KWT,URY,1.0
KWT,USA,1.0
KWT,ZAF,1.0
KWT,ZMB,1.0
KWT,ZWE,1.0
LAO,HND,0.0
LAO,KOR,0.0
LAO,MMR,0.0
LAO,NAM,0.0
LAO,THA,0.0
LBN,AGO,0.0
LBN,AUT,0.0
LBN,BEL,0.0
LBN,CAF,0.0
LBN,CIV,0.0
LBN,CYP,0.0
LBN,FRA,0.0
LBN,GMB,0.0
LBN,GRC,0.0
LBN,IND,0.0
LBN,MYS,0.0
LBN,NGA,0.0
LBN,NLD,0.0
LBN,PRT,0.0
LBN,ROU,0.0
LBN,SEN,0.0
LBN,ZAF,0.0
LBR,AUS,0.0
LBR,BEL,0.0
LBR,CHL,0.0
LBR,GBR,0.0
LBR,GMB,0.0
LBR,GRC,0.0
LBR,GTM,0.0
LBR,IND,0.0
LBR,KOR,0.0
LBR,NGA,0.0
LBR,NLD,0.0
LBR,PRY,0.0
LBR,TZA,0.0
LBR,USA,0.0
LBR,ZAF,0.0
LBY,ALB,0.0
LBY,ARM,0.0
LBY,AUS,0.0
LBY,AUT,0.0
LBY,BEL,0.0
LBY,BGR,0.0
LBY,BIH,0.0
LBY,CHE,0.0
LBY,CHN,0.0
LBY,CYP,0.0
LBY,DEU,0.0
LBY,DNK,0.0
LBY,ESP,0.0
LBY,FRA,0.0
LBY,GBR,0.0
LBY,GRC,0.0
LBY,HRV,0.0
LBY,IND,0.0
LBY,ITA,0.0
LBY,MAR,0.0
LBY,MKD,0.0
LBY,MNE,0.0
LBY,MYS,0.0
LBY,NER,0.0
LBY,NLD,0.0
LBY,NOR,0.0
LBY,POL,0.0
LBY,PRT,0.0
LBY,ROU,0.0
LBY,SGP,0.0
LBY,SRB,0.0
LBY,SVK,0.0
LBY,SVN,0.0
LBY,SWE,0.0
LBY,THA,0.0
LBY,TUN,0.0
LBY,TUR,0.0
LBY,UKR,0.0
LBY,USA,0.0
LCA,BEL,0.0
LCA,BRB,0.0
LCA,DEU,0.0
LCA,USA,0.0
LKA,ARE,0.0
LKA,AUS,0.0
LKA,AUT,0.0
LKA,AZE,0.0
LKA,BEL,0.0
LKA,BGD,0.0
LKA,BRA,0.0
LKA,CHN,0.0
LKA,CIV,0.0
LKA,CYP,0.0
LKA,DJI,0.0
LKA,EGY,0.0
LKA,ESP,0.0
LKA,EST,0.0
LKA,FJI,0.0
LKA,FRA,0.0
LKA,GBR,0.0
LKA,GEO,0.0
LKA,GHA,0.0
LKA,GRC,0.0
LKA,GTM,0.0
LKA,HKG,0.0
LKA,HTI,0.0
LKA,IDN,0.0
LKA,IND,0.0
LKA,ISL,0.0
LKA,ITA,0.0
LKA,JOR,0.0
LKA,JPN,0.0
LKA,KEN,0.0
LKA,KNA,0.0
LKA,KOR,0.0
LKA,LBY,0.0
LKA,MAR,0.0
LKA,MDV,0.0
LKA,MLI,0.0
LKA,MMR,0.0
LKA,MOZ,0.0
LKA,MUS,0.0
LKA,MYS,0.0
LKA,NGA,0.0
LKA,NLD,0.0
LKA,NOR,0.0
LKA,OMN,0.0
LKA,PAK,0.0
LKA,PAN,0.0
LKA,PHL,0.0
LKA,QAT,0.0
LKA,RUS,0.0
LKA,SAU,0.0
LKA,SDN,0.0
LKA,SGP,0.0
LKA,SOM,0.0
LKA,SWZ,0.0
LKA,SYC,0.0
LKA,THA,0.0
LKA,TUR,0.0
LKA,TZA,0.0
LKA,USA,0.0
LKA,VNM,0.0
LKA,YEM,0.0
LKA,ZAF,0.0
LSO,ZAF,0.0
LTU,AFG,0.0
LTU,ALB,0.0
LTU,ARE,0.0
LTU,ARG,0.0
LTU,ARM,0.0
LTU,AUT,0.0
LTU,AZE,0.0
LTU,BEL,0.0
LTU,BEN,0.0
LTU,BFA,0.0
LTU,BGR,0.0
LTU,BIH,0.0
LTU,BLR,0.0
LTU,BOL,0.0
LTU,BRA,0.0
LTU,BRB,0.0
LTU,BRN,0.0
LTU,CAN,0.0
LTU,CHE,0.0
LTU,CHL,0.0
LTU,CHN,0.0
LTU,CIV,0.0
LTU,CMR,0.0
LTU,COD,0.0
LTU,CRI,0.0
LTU,CUB,0.0
LTU,CYP,0.0
LTU,CZE,0.0
LTU,DEU,0.0
LTU,DNK,0.0
LTU,DOM,0.0
LTU,DZA,0.0
LTU,ECU,0.0
LTU,EGY,0.0
LTU,ESP,0.0
LTU,EST,0.0
LTU,FIN,0.0
LTU,FRA,0.0
LTU,GBR,0.0
LTU,GEO,0.0
LTU,GHA,0.0
LTU,GIB,0.0
LTU,GNQ,0.0
LTU,GRC,0.0
LTU,GRD,0.0
LTU,GTM,0.0
LTU,GUY,0.0
LTU,HKG,0.0
LTU,HRV,0.0
LTU,HTI,0.0
LTU,HUN,0.0
LTU,IDN,0.0
LTU,IND,0.0
LTU,IRL,0.0
LTU,IRQ,0.0
LTU,ISL,0.0
LTU,ISR,0.0
LTU,ITA,0.0
LTU,JAM,0.0
LTU,JOR,0.0
LTU,JPN,0.0
LTU,KAZ,0.0
LTU,KEN,0.0
LTU,KGZ,0.0
LTU,KHM,0.0
LTU,KOR,0.0
LTU,KWT,0.0
LTU,LBN,0.0
LTU,LBR,0.0
LTU,LBY,0.0
LTU,LCA,0.0
LTU,LUX,0.0
LTU,LVA,0.0
LTU,MAR,0.0
LTU,MDA,0.0
LTU,MDG,0.0
LTU,MDV,0.0
LTU,MKD,0.0
LTU,MLI,0.0
LTU,MLT,0.0
LTU,MMR,0.0
LTU,MNE,0.0
LTU,MNG,0.0
LTU,MRT,0.0
LTU,MUS,0.0
LTU,MYS,0.0
LTU,NAM,0.0
LTU,NGA,0.0
LTU,NIC,0.0
LTU,NLD,0.0
LTU,NOR,0.0
LTU,NZL,0.0
LTU,OMN,0.0
LTU,PAK,0.0
LTU,PAN,0.0
LTU,PER,0.0
LTU,POL,0.0
LTU,PRT,0.0
LTU,PRY,0.0
LTU,PSE,0.0
LTU,ROU,0.0
LTU,S19,0.0
LTU,SAU,0.0
LTU,SEN,0.0
LTU,SGP,0.0
LTU,SOM,0.0
LTU,SRB,0.0
LTU,SVK,0.0
LTU,SVN,0.0
LTU,SWE,0.0
LTU,THA,0.0
LTU,TJK,0.0
LTU,TUN,0.0
LTU,TUR,0.0
LTU,UKR,0.0
LTU,URY,0.0
LTU,USA,0.0
LTU,UZB,0.0
LTU,VCT,0.0
LTU,VEN,0.0
LTU,VNM,0.0
LTU,YEM,0.0
LTU,ZAF,0.0
LUX,AGO,0.0
LUX,ARE,0.0
LUX,AUS,0.0
LUX,AUT,0.0
LUX,AZE,0.0
LUX,BEL,0.0
LUX,BFA,0.0
LUX,BGR,0.0
LUX,BHR,0.0
LUX,CAN,0.0
LUX,CHE,0.0
LUX,CHL,0.0
LUX,CHN,0.0
LUX,CIV,0.0
LUX,CMR,0.0
LUX,COL,0.0
LUX,CZE,0.0
LUX,DEU,0.0
LUX,DNK,0.0
LUX,DZA,0.0
LUX,EGY,0.0
LUX,ESP,0.0
LUX,EST,0.0
LUX,ETH,0.0
LUX,FIN,0.0
LUX,FJI,0.0
LUX,FRA,0.0
LUX,GBR,0.0
LUX,GHA,0.0
LUX,GRC,0.0
LUX,HRV,0.0
LUX,HUN,0.0
LUX,IDN,0.0
LUX,IND,0.0
LUX,IRL,0.0
LUX,IRQ,0.0
LUX,ISR,0.0
LUX,ITA,0.0
LUX,JPN,0.0
LUX,KAZ,0.0
LUX,KEN,0.0
LUX,KHM,0.0
LUX,KOR,0.0
LUX,KWT,0.0
LUX,LAO,0.0
LUX,LKA,0.0
LUX,LTU,0.0
LUX,LVA,0.0
LUX,MAR,0.0
LUX,MEX,0.0
LUX,MKD,0.0
LUX,MMR,0.0
LUX,MNG,0.0
LUX,MOZ,0.0
LUX,MUS,0.0
LUX,MYS,0.0
LUX,NGA,0.0
LUX,NLD,0.0
LUX,NOR,0.0
LUX,NZL,0.0
LUX,OMN,0.0
LUX,PAK,0.0
LUX,PHL,0.0
LUX,POL,0.0
LUX,PRT,0.0
LUX,QAT,0.0
LUX,ROU,0.0
LUX,S19,0.0
LUX,SAU,0.0
LUX,SEN,0.0
LUX,SGP,0.0
LUX,SVK,0.0
LUX,SVN,0.0
LUX,SWE,0.0
LUX,THA,0.0
LUX,TJK,0.0
LUX,TKM,0.0
LUX,TUN,0.0
LUX,TUR,0.0
LUX,TZA,0.0
LUX,UGA,0.0
LUX,UKR,0.0
LUX,USA,0.0
LUX,UZB,0.0
LUX,ZAF,0.0
LUX,ZMB,0.0
LUX,ZWE,0.0
LVA,ARE,0.0
LVA,ARG,0.0
LVA,ARM,0.0
LVA,ATG,0.0
LVA,AUT,0.0
LVA,AZE,0.0
LVA,BEL,0.0
LVA,BFA,0.0
LVA,BGD,0.0
LVA,BGR,0.0
LVA,BHS,0.0
LVA,BIH,0.0
LVA,BLR,0.0
LVA,BRB,0.0
LVA,CHE,0.0
LVA,CHN,0.0
LVA,CMR,0.0
LVA,COL,0.0
LVA,CYP,0.0
LVA,CZE,0.0
LVA,DEU,0.0
LVA,DNK,0.0
LVA,ECU,0.0
LVA,EGY,0.0
LVA,ESP,0.0
LVA,EST,0.0
LVA,FIN,0.0
LVA,FRA,0.0
LVA,GBR,0.0
LVA,GEO,0.0
LVA,GIB,0.0
LVA,GRC,0.0
LVA,HKG,0.0
LVA,HRV,0.0
LVA,HUN,0.0
LVA,IND,0.0
LVA,IRL,0.0
LVA,ISL,0.0
LVA,ISR,0.0
LVA,ITA,0.0
LVA,JPN,0.0
LVA,KAZ,0.0
LVA,KGZ,0.0
LVA,KNA,0.0
LVA,LBN,0.0
LVA,LBR,0.0
LVA,LBY,0.0
LVA,LTU,0.0
LVA,LUX,0.0
LVA,MAR,0.0
LVA,MDA,0.0
LVA,MDV,0.0
LVA,MHL,0.0
LVA,MLI,0.0
LVA,MLT,0.0
LVA,MNE,0.0
LVA,MUS,0.0
LVA,NER,0.0
LVA,NGA,0.0
LVA,NLD,0.0
LVA,NOR,0.0
LVA,PAN,0.0
LVA,PER,0.0
LVA,POL,0.0
LVA,PRT,0.0
LVA,PYF,0.0
LVA,ROU,0.0
LVA,S19,0.0
LVA,SAU,0.0
LVA,SEN,0.0
LVA,SGP,0.0
LVA,SSD,0.0
LVA,SVK,0.0
LVA,SVN,0.0
LVA,SWE,0.0
LVA,TGO,0.0
LVA,THA,0.0
LVA,TJK,0.0
LVA,TKM,0.0
LVA,TUN,0.0
LVA,TUR,0.0
LVA,UGA,0.0
LVA,UKR,0.0
LVA,USA,0.0
LVA,UZB,0.0
LVA,VCT,0.0
LVA,ZMB,0.0
MAC,CAN,0.0
MAC,FRA,0.0
MAC,HKG,0.0
MAC,KOR,0.0
MAR,AGO,0.0
MAR,ARE,0.0
MAR,AUS,0.0
MAR,BEL,0.0
MAR,BEN,0.0
MAR,BFA,0.0
MAR,BGR,0.0
MAR,CAN,0.0
MAR,CHE,0.0
MAR,CIV,0.0
MAR,CMR,0.0
MAR,COD,0.0
MAR,COG,0.0
MAR,CPV,0.0
MAR,CYP,0.0
MAR,DEU,0.0
MAR,ESP,0.0
MAR,FJI,0.0
MAR,FRA,0.0
MAR,GAB,0.0
MAR,GBR,0.0
MAR,GHA,0.0
MAR,GIN,0.0
MAR,GRC,0.0
MAR,HKG,0.0
MAR,IND,0.0
MAR,ISL,0.0
MAR,ITA,0.0
MAR,JPN,0.0
MAR,KEN,0.0
MAR,KWT,0.0
MAR,LBR,0.0
MAR,MDV,0.0
MAR,MLI,0.0
MAR,MRT,0.0
MAR,MYS,0.0
MAR,NER,0.0
MAR,NGA,0.0
MAR,NLD,0.0
MAR,NOR,0.0
MAR,PAN,0.0
MAR,PHL,0.0
MAR,POL,0.0
MAR,SEN,0.0
MAR,SGP,0.0
MAR,SLE,0.0
MAR,SOM,0.0
MAR,STP,0.0
MAR,TGO,0.0
MAR,THA,0.0
MAR,TUN,0.0
MAR,TUR,0.0
MAR,TZA,0.0
MAR,UGA,0.0
MAR,USA,0.0
MDA,AUT,0.0
MDA,BEL,0.0
MDA,BGR,0.0
MDA,BLR,0.0
MDA,DEU,0.0
MDA,GBR,0.0
MDA,HUN,0.0
MDA,KNA,0.0
MDA,LKA,0.0
MDA,LTU,0.0
MDA,NLD,0.0
MDA,POL,0.0
MDA,PRT,0.0
MDA,ROU,0.0
MDA,UKR,0.0
MDA,ZWE,0.0
MDG,AGO,0.0
MDG,ARE,0.0
MDG,AUT,0.0
MDG,BEL,0.0
MDG,BGR,0.0
MDG,BWA,0.0
MDG,CAN,0.0
MDG,CHN,0.0
MDG,CIV,0.0
MDG,COM,0.0
MDG,CZE,0.0
MDG,DEU,0.0
MDG,DJI,0.0
MDG,EGY,0.0
MDG,ESP,0.0
MDG,ETH,0.0
MDG,FRA,0.0
MDG,GAB,0.0
MDG,GBR,0.0
MDG,GHA,0.0
MDG,IND,0.0
MDG,ISL,0.0
MDG,ITA,0.0
MDG,JPN,0.0
MDG,KEN,0.0
MDG,LKA,0.0
MDG,LTU,0.0
MDG,MAR,0.0
MDG,MDV,0.0
MDG,MOZ,0.0
MDG,MRT,0.0
MDG,MUS,0.0
MDG,MWI,0.0
MDG,NAM,0.0
MDG,NLD,0.0
MDG,PHL,0.0
MDG,POL,0.0
MDG,PRT,0.0
MDG,RWA,0.0
MDG,S19,0.0
MDG,SEN,0.0
MDG,SGP,0.0
MDG,SYC,0.0
MDG,TUR,0.0
MDG,TZA,0.0
MDG,UGA,0.0
MDG,USA,0.0
MDG,ZAF,0.0
MDG,ZMB,0.0
MDG,ZWE,0.0
MDV,BEL,0.0
MDV,CAN,0.0
MDV,IND,0.0
MDV,MUS,0.0
MDV,SGP,0.0
MDV,SYC,0.0
MEX,ARG,0.0
MEX,AUS,0.0
MEX,AUT,0.0
MEX,BEL,0.0
MEX,BFA,0.0
MEX,BGR,0.0
MEX,BHR,0.0
MEX,BHS,0.0
MEX,BIH,0.0
MEX,BLZ,0.0
MEX,BOL,0.0
MEX,BRA,0.0
MEX,BRB,0.0
MEX,CAN,0.0
MEX,CHE,0.0
MEX,CHL,0.0
MEX,CHN,0.0
MEX,COL,0.0
MEX,CRI,0.0
MEX,CUB,0.0
MEX,CZE,0.0
MEX,DEU,0.0
MEX,DNK,0.0
MEX,DOM,0.0
MEX,ECU,0.0
MEX,EGY,0.0
MEX,ESP,0.0
MEX,EST,0.0
MEX,FIN,0.0
MEX,FJI,0.0
MEX,FRA,0.0
MEX,GRC,0.0
MEX,GTM,0.0
MEX,HND,0.0
MEX,IDN,0.0
MEX,IND,0.0
MEX,IRL,0.0
MEX,ITA,0.0
MEX,JAM,0.0
MEX,JPN,0.0
MEX,KAZ,0.0
MEX,KEN,0.0
MEX,KOR,0.0
MEX,MAR,0.0
MEX,MDA,0.0
MEX,MLT,0.0
MEX,MYS,0.0
MEX,NIC,0.0
MEX,NLD,0.0
MEX,NOR,0.0
MEX,NZL,0.0
MEX,PAN,0.0
MEX,PER,0.0
MEX,PHL,0.0
MEX,POL,0.0
MEX,PRT,0.0
MEX,PRY,0.0
MEX,S19,0.0
MEX,SAU,0.0
MEX,SGP,0.0
MEX,SLV,0.0
MEX,SVK,0.0
MEX,SVN,0.0
MEX,SWE,0.0
MEX,THA,0.0
MEX,TUR,0.0
MEX,URY,0.0
MEX,USA,0.0
MEX,VEN,0.0
MEX,ZAF,0.0
MHL,BEL,0.0
MHL,CHL,0.0
MHL,DOM,0.0
MHL,IND,0.0
MHL,ITA,0.0
MHL,JPN,0.0
MHL,KOR,0.0
MHL,NAM,0.0
MHL,NLD,0.0
MHL,PAK,0.0
MHL,PRY,0.0
MHL,THA,0.0
MHL,TZA,0.0
MHL,ZAF,0.0
MHL,ZMB,0.0
MKD,ALB,0.0
MKD,ARE,0.0
MKD,AUT,0.0
MKD,BEL,0.0
MKD,BFA,0.0
MKD,BGR,0.0
MKD,BIH,0.0
MKD,CHE,0.0
MKD,CHN,0.0
MKD,CIV,0.0
MKD,CZE,0.0
MKD,DEU,0.0
MKD,EGY,0.0
MKD,ESP,0.0
MKD,FRA,0.0
MKD,GBR,0.0
MKD,GRC,0.0
MKD,HKG,0.0
MKD,HRV,0.0
MKD,HUN,0.0
MKD,IDN,0.0
MKD,IND,0.0
MKD,ITA,0.0
MKD,JOR,0.0
MKD,LBN,0.0
MKD,LTU,0.0
MKD,MAR,0.0
MKD,MLT,0.0
MKD,MNE,0.0
MKD,MRT,0.0
MKD,NLD,0.0
MKD,POL,0.0
MKD,PRT,0.0
MKD,ROU,0.0
MKD,SGP,0.0
MKD,SMR,0.0
MKD,SRB,0.0
MKD,SVN,0.0
MKD,SWE,0.0
MKD,TUN,0.0
MKD,TUR,0.0
MKD,USA,0.0
MKD,ZAF,0.0
MLI,BEL,0.0
MLI,BFA,0.0
MLI,DEU,0.0
MLI,DNK,0.0
MLI,FRA,0.0
MLI,GBR,0.0
MLI,MAR,0.0
MLI,MYS,0.0
MLI,NLD,0.0
MLI,SEN,0.0
MLI,SWE,0.0
MLI,ZAF,0.0
MLT,ARE,0.0
MLT,ARM,0.0
MLT,AZE,0.0
MLT,BEL,0.0
MLT,BFA,0.0
MLT,BRA,0.0
MLT,CAN,0.0
MLT,CHE,0.0
MLT,CHN,0.0
MLT,CIV,0.0
MLT,CYP,0.0
MLT,DEU,0.0
MLT,DNK,0.0
MLT,EGY,0.0
MLT,ESP,0.0
MLT,FRA,0.0
MLT,GBR,0.0
MLT,GRC,0.0
MLT,IDN,0.0
MLT,IND,0.0
MLT,ISL,0.0
MLT,ITA,0.0
MLT,KOR,0.0
MLT,LBY,0.0
MLT,MAR,0.0
MLT,MYS,0.0
MLT,NAM,0.0
MLT,NER,0.0
MLT,NLD,0.0
MLT,QAT,0.0
MLT,ROU,0.0
MLT,SAU,0.0
MLT,SGP,0.0
MLT,SVN,0.0
MLT,SWE,0.0
MLT,TUN,0.0
MLT,TUR,0.0
MLT,TZA,0.0
MLT,UGA,0.0
MLT,USA,0.0
MLT,ZAF,0.0
MMR,CHN,0.0
MMR,HKG,0.0
MMR,IND,0.0
MMR,MYS,0.0
MMR,NLD,0.0
MMR,PAK,0.0
MMR,PHL,0.0
MMR,SGP,0.0
MMR,THA,0.0
MNE,ALB,0.0
MNE,AUT,0.0
MNE,BGR,0.0
MNE,BIH,0.0
MNE,GBR,0.0
MNE,GIB,0.0
MNE,HRV,0.0
MNE,IRL,0.0
MNE,NLD,0.0
MNE,POL,0.0
MNE,SEN,0.0
MNE,SRB,0.0
MNE,SVN,0.0
MNG,CHN,0.0
MNG,ISL,0.0
MNG,KOR,0.0
MNG,MOZ,0.0
MNG,SGP,0.0
MOZ,ARE,0.0
MOZ,BEL,0.0
MOZ,BHR,0.0
MOZ,CHN,0.0
MOZ,FRA,0.0
MOZ,HKG,0.0
MOZ,IND,0.0
MOZ,JPN,0.0
MOZ,KOR,0.0
MOZ,KWT,0.0
MOZ,LSO,0.0
MOZ,MHL,0.0
MOZ,MWI,0.0
MOZ,MYS,0.0
MOZ,NLD,0.0
MOZ,OMN,0.0
MOZ,PRT,0.0
MOZ,S19,0.0
MOZ,SAU,0.0
MOZ,SGP,0.0
MOZ,SWE,0.0
MOZ,THA,0.0
MOZ,TZA,0.0
MOZ,ZAF,0.0
MOZ,ZMB,0.0
MOZ,ZWE,0.0
MRT,ARE,0.0
MRT,BEL,0.0
MRT,CIV,0.0
MRT,COG,0.0
MRT,ESP,0.0
MRT,FRA,0.0
MRT,NIC,0.0
MRT,NLD,0.0
MRT,SEN,0.0
MRT,SGP,0.0
MRT,ZAF,0.0
MUS,ARE,0.0
MUS,AUS,0.0
MUS,BEL,0.0
MUS,COK,0.0
MUS,ESP,0.0
MUS,FRA,0.0
MUS,IND,0.0
MUS,ISL,0.0
MUS,JPN,0.0
MUS,KEN,0.0
MUS,LKA,0.0
MUS,MDG,0.0
MUS,MOZ,0.0
MUS,MRT,0.0
MUS,MWI,0.0
MUS,NAM,0.0
MUS,NLD,0.0
MUS,S19,0.0
MUS,SEN,0.0
MUS,SGP,0.0
MUS,SYC,0.0
MUS,TZA,0.0
MUS,ZAF,0.0
MUS,ZMB,0.0
MUS,ZWE,0.0
MWI,DEU,0.0
MWI,GBR,0.0
MWI,KEN,0.0
MWI,ZAF,0.0
MWI,ZWE,0.0
MYS,AGO,0.0
MYS,ARE,0.0
MYS,ARG,0.0
MYS,ARM,0.0
MYS,ASM,0.0
MYS,ATG,0.0
MYS,AUS,0.0
MYS,AUT,0.0
MYS,AZE,0.0
MYS,BEL,0.0
MYS,BEN,0.0
MYS,BFA,0.0
MYS,BGD,0.0
MYS,BGR,0.0
MYS,BHR,0.0
MYS,BHS,0.0
MYS,BLZ,0.0
MYS,BRA,0.0
MYS,BRB,0.0
MYS,BRN,0.0
MYS,CAN,0.0
MYS,CHE,0.0
MYS,CHL,0.0
MYS,CHN,0.0
MYS,CIV,0.0
MYS,COG,0.0
MYS,COL,0.0
MYS,CRI,0.0
MYS,CXR,0.0
MYS,CYP,0.0
MYS,CZE,0.0
MYS,DEU,0.0
MYS,DJI,0.0
MYS,DMA,0.0
MYS,DNK,0.0
MYS,DOM,0.0
MYS,DZA,0.0
MYS,ECU,0.0
MYS,EGY,0.0
MYS,ESP,0.0
MYS,FIN,0.0
MYS,FJI,0.0
MYS,FRA,0.0
MYS,GAB,0.0
MYS,GBR,0.0
MYS,GHA,0.0
MYS,GMB,0.0
MYS,GNQ,0.0
MYS,GRC,0.0
MYS,GTM,0.0
MYS,GUM,0.0
MYS,GUY,0.0
MYS,HKG,0.0
MYS,HND,0.0
MYS,HUN,0.0
MYS,IDN,0.0
MYS,IND,0.0
MYS,IRL,0.0
MYS,IRN,0.0
MYS,IRQ,0.0
MYS,ISL,0.0
MYS,ITA,0.0
MYS,JOR,0.0
MYS,JPN,0.0
MYS,KEN,0.0
MYS,KHM,0.0
MYS,KIR,0.0
MYS,KOR,0.0
MYS,KWT,0.0
MYS,LAO,0.0
MYS,LBN,0.0
MYS,LBR,0.0
MYS,LBY,0.0
MYS,LKA,0.0
MYS,MAR,0.0
MYS,MDV,0.0
MYS,MEX,0.0
MYS,MHL,0.0
MYS,MLI,0.0
MYS,MLT,0.0
MYS,MMR,0.0
MYS,MNG,0.0
MYS,MOZ,0.0
MYS,MUS,0.0
MYS,MWI,0.0
MYS,NAM,0.0
MYS,NCL,0.0
MYS,NER,0.0
MYS,NGA,0.0
MYS,NIC,0.0
MYS,NLD,0.0
MYS,NOR,0.0
MYS,NPL,0.0
MYS,NZL,0.0
MYS,OMN,0.0
MYS,PAK,0.0
MYS,PAN,0.0
MYS,PER,0.0
MYS,PHL,0.0
MYS,PNG,0.0
MYS,POL,0.0
MYS,PRT,0.0
MYS,PRY,0.0
MYS,PYF,0.0
MYS,QAT,0.0
MYS,ROU,0.0
MYS,RUS,0.0
MYS,S19,0.0
MYS,SAU,0.0
MYS,SDN,0.0
MYS,SEN,0.0
MYS,SGP,0.0
MYS,SLB,0.0
MYS,SLV,0.0
MYS,SOM,0.0
MYS,SRB,0.0
MYS,SUR,0.0
MYS,SVK,0.0
MYS,SWE,0.0
MYS,SYC,0.0
MYS,TGO,0.0
MYS,THA,0.0
MYS,TJK,0.0
MYS,TLS,0.0
MYS,TON,0.0
MYS,TTO,0.0
MYS,TUN,0.0
MYS,TUR,0.0
MYS,TUV,0.0
MYS,TZA,0.0
MYS,UGA,0.0
MYS,UKR,0.0
MYS,URY,0.0
MYS,USA,0.0
MYS,UZB,0.0
MYS,VEN,0.0
MYS,VNM,0.0
MYS,VUT,0.0
MYS,WSM,0.0
MYS,YEM,0.0
MYS,ZAF,0.0
MYS,ZMB,0.0
NAM,AGO,0.0
NAM,ARE,0.0
NAM,ATG,0.0
NAM,BEL,0.0
NAM,BHS,0.0
NAM,BLZ,0.0
NAM,BMU,0.0
NAM,BRB,0.0
NAM,BWA,0.0
NAM,CHE,0.0
NAM,CHN,0.0
NAM,CMR,0.0
NAM,COD,0.0
NAM,COG,0.0
NAM,COK,0.0
NAM,CYM,0.0
NAM,CYP,0.0
NAM,DEU,0.0
NAM,DMA,0.0
NAM,DNK,0.0
NAM,ESP,0.0
NAM,FLK,0.0
NAM,FRA,0.0
NAM,GBR,0.0
NAM,GIN,0.0
NAM,GNB,0.0
NAM,GRC,0.0
NAM,IND,0.0
NAM,ISR,0.0
NAM,ITA,0.0
NAM,KEN,0.0
NAM,KIR,0.0
NAM,KNA,0.0
NAM,LBR,0.0
NAM,LTU,0.0
NAM,LUX,0.0
NAM,MEX,0.0
NAM,MHL,0.0
NAM,MLT,0.0
NAM,MOZ,0.0
NAM,MRT,0.0
NAM,MUS,0.0
NAM,MWI,0.0
NAM,MYS,0.0
NAM,NGA,0.0
NAM,NLD,0.0
NAM,NOR,0.0
NAM,NRU,0.0
NAM,OMN,0.0
NAM,PAN,0.0
NAM,PHL,0.0
NAM,PLW,0.0
NAM,POL,0.0
NAM,PRT,0.0
NAM,RUS,0.0
NAM,SDN,0.0
NAM,SEN,0.0
NAM,SGP,0.0
NAM,SHN,0.0
NAM,SLE,0.0
NAM,THA,0.0
NAM,UKR,0.0
NAM,USA,0.0
NAM,VCT,0.0
NAM,VUT,0.0
NAM,ZAF,0.0
NAM,ZMB,0.0
NAM,ZWE,0.0
NCL,BEL,0.0
NCL,DEU,0.0
NCL,FRA,0.0
NCL,JPN,0.0
NCL,NLD,0.0
NCL,NZL,0.0
NCL,SGP,0.0
NER,AGO,0.0
NER,ARE,0.0
NER,BEN,0.0
NER,BFA,0.0
NER,BIH,0.0
NER,CAN,0.0
NER,CHN,0.0
NER,CIV,0.0
NER,CMR,0.0
NER,COG,0.0
NER,CZE,0.0
NER,DEU,0.0
NER,DZA,0.0
NER,ESP,0.0
NER,ETH,0.0
NER,FRA,0.0
NER,GHA,0.0
NER,GIN,0.0
NER,GMB,0.0
NER,HUN,0.0
NER,ITA,0.0
NER,KAZ,0.0
NER,KEN,0.0
NER,KGZ,0.0
NER,LBY,0.0
NER,MAR,0.0
NER,MLI,0.0
NER,MRT,0.0
NER,MYS,0.0
NER,NGA,0.0
NER,NLD,0.0
NER,PHL,0.0
NER,RUS,0.0
NER,S19,0.0
NER,SAU,0.0
NER,SEN,0.0
NER,SGP,0.0
NER,SLE,0.0
NER,SVN,0.0
NER,SYR,0.0
NER,TCD,0.0
NER,TGO,0.0
NER,TUN,0.0
NER,TUR,0.0
NER,UKR,0.0
NGA,ALB,0.0
NGA,ARE,0.0
NGA,ARG,0.0
NGA,AUS,0.0
NGA,BEL,0.0
NGA,BEN,0.0
NGA,BFA,0.0
NGA,BGD,0.0
NGA,BGR,0.0
NGA,BIH,0.0
NGA,BRA,0.0
NGA,CAF,0.0
NGA,CAN,0.0
NGA,CHE,0.0
NGA,CHN,0.0
NGA,CIV,0.0
NGA,COL,0.0
NGA,CZE,0.0
NGA,DEU,0.0
NGA,DNK,0.0
NGA,DOM,0.0
NGA,EGY,0.0
NGA,ESP,0.0
NGA,FRA,0.0
NGA,GBR,0.0
NGA,GHA,0.0
NGA,GIB,0.0
NGA,GMB,0.0
NGA,GRC,0.0
NGA,HKG,0.0
NGA,HRV,0.0
NGA,HUN,0.0
NGA,IDN,0.0
NGA,IND,0.0
NGA,IRL,0.0
NGA,ISL,0.0
NGA,ISR,0.0
NGA,ITA,0.0
NGA,JAM,0.0
NGA,JPN,0.0
NGA,KOR,0.0
NGA,KWT,0.0
NGA,LTU,0.0
NGA,LUX,0.0
NGA,MAR,0.0
NGA,MOZ,0.0
NGA,MRT,0.0
NGA,MYS,0.0
NGA,NAM,0.0
NGA,NER,0.0
NGA,NLD,0.0
NGA,NOR,0.0
NGA,PAK,0.0
NGA,PER,0.0
NGA,PHL,0.0
NGA,POL,0.0
NGA,PRT,0.0
NGA,S19,0.0
NGA,SEN,0.0
NGA,SGP,0.0
NGA,SRB,0.0
NGA,SWE,0.0
NGA,TCD,0.0
NGA,TGO,0.0
NGA,THA,0.0
NGA,TUR,0.0
NGA,URY,0.0
NGA,USA,0.0
NGA,ZAF,0.0
NIC,BEL,0.0
NIC,CAN,0.0
NIC,CHN,0.0
NIC,CRI,0.0
NIC,GTM,0.0
NIC,HND,0.0
NIC,ISL,0.0
NIC,MHL,0.0
NIC,PAN,0.0
NIC,SEN,0.0
NIC,SLV,0.0
NIC,SVK,0.0
NIC,USA,0.0
NLD,ABW,0.0
NLD,AGO,0.0
NLD,ALB,0.0
NLD,AND,0.0
NLD,ARE,0.0
NLD,ARG,0.0
NLD,ARM,0.0
NLD,ATG,0.0
NLD,AUS,0.0
NLD,AUT,0.0
NLD,AZE,0.0
NLD,BDI,0.0
NLD,BEL,0.0
NLD,BEN,0.0
NLD,BES,0.0
NLD,BFA,0.0
NLD,BGD,0.0
NLD,BGR,0.0
NLD,BHR,0.0
NLD,BHS,0.0
NLD,BIH,0.0
NLD,BLR,0.0
NLD,BLZ,0.0
NLD,BMU,0.0
NLD,BOL,0.0
NLD,BRA,0.0
NLD,BRB,0.0
NLD,BRN,0.0
NLD,CAN,0.0
NLD,CHE,0.0
NLD,CHL,0.0
NLD,CHN,0.0
NLD,CIV,0.0
NLD,CMR,0.0
NLD,COD,0.0
NLD,COG,0.0
NLD,COL,0.0
NLD,CPV,0.0
NLD,CRI,0.0
NLD,CUB,0.0
NLD,CUW,0.0
NLD,CYP,0.0
NLD,CZE,0.0
NLD,DEU,0.0
NLD,DJI,0.0
NLD,DMA,0.0
NLD,DNK,0.0
NLD,DOM,0.0
NLD,DZA,0.0
NLD,ECU,0.0
NLD,EGY,0.0
NLD,ERI,0.0
NLD,ESP,0.0
NLD,EST,0.0
NLD,ETH,0.0
NLD,FIN,0.0
NLD,FJI,0.0
NLD,FLK,0.0
NLD,FRA,0.0
NLD,GAB,0.0
NLD,GBR,0.0
NLD,GEO,0.0
NLD,GHA,0.0
NLD,GIB,0.0
NLD,GIN,0.0
NLD,GMB,0.0
NLD,GNQ,0.0
NLD,GRC,0.0
NLD,GRL,0.0
NLD,GTM,0.0
NLD,GUM,0.0
NLD,GUY,0.0
NLD,HKG,0.0
NLD,HND,0.0
NLD,HRV,0.0
NLD,HTI,0.0
NLD,HUN,0.0
NLD,IDN,0.0
NLD,IND,0.0
NLD,IRL,0.0
NLD,IRN,0.0
NLD,IRQ,0.0
NLD,ISL,0.0
NLD,ISR,0.0
NLD,ITA,0.0
NLD,JAM,0.0
NLD,JOR,0.0
NLD,JPN,0.0
NLD,KAZ,0.0
NLD,KEN,0.0
NLD,KGZ,0.0
NLD,KHM,0.0
NLD,KNA,0.0
NLD,KOR,0.0
NLD,KWT,0.0
NLD,LBN,0.0
NLD,LBR,0.0
NLD,LBY,0.0
NLD,LKA,0.0
NLD,LTU,0.0
NLD,LUX,0.0
NLD,LVA,0.0
NLD,MAR,0.0
NLD,MDA,0.0
NLD,MDG,0.0
NLD,MDV,0.0
NLD,MEX,0.0
NLD,MKD,0.0
NLD,MLI,0.0
NLD,MLT,0.0
NLD,MMR,0.0
NLD,MNE,0.0
NLD,MNG,0.0
NLD,MOZ,0.0
NLD,MRT,0.0
NLD,MUS,0.0
NLD,MWI,0.0
NLD,MYS,0.0
NLD,NAM,0.0
NLD,NCL,0.0
NLD,NER,0.0
NLD,NGA,0.0
NLD,NIC,0.0
NLD,NOR,0.0
NLD,NPL,0.0
NLD,NZL,0.0
NLD,OMN,0.0
NLD,PAK,0.0
NLD,PAN,0.0
NLD,PER,0.0
NLD,PHL,0.0
NLD,PNG,0.0
NLD,POL,0.0
NLD,PRT,0.0
NLD,PRY,0.0
NLD,PYF,0.0
NLD,QAT,0.0
NLD,ROU,0.0
NLD,RUS,0.0
NLD,RWA,0.0
NLD,S19,0.0
NLD,SAU,0.0
NLD,SEN,0.0
NLD,SGP,0.0
NLD,SLE,0.0
NLD,SLV,0.0
NLD,SMR,0.0
NLD,SOM,0.0
NLD,SRB,0.0
NLD,SUR,0.0
NLD,SVK,0.0
NLD,SVN,0.0
NLD,SWE,0.0
NLD,SXM,0.0
NLD,SYC,0.0
NLD,TCD,0.0
NLD,TGO,0.0
NLD,THA,0.0
NLD,TJK,0.0
NLD,TKM,0.0
NLD,TTO,0.0
NLD,TUN,0.0
NLD,TUR,0.0
NLD,TZA,0.0
NLD,UGA,0.0
NLD,UKR,0.0
NLD,URY,0.0
NLD,USA,0.0
NLD,UZB,0.0
NLD,VEN,0.0
NLD,VGB,0.0
NLD,VNM,0.0
NLD,YEM,0.0
NLD,ZAF,0.0
NLD,ZMB,0.0
NLD,ZWE,0.0
NOR,AGO,0.0
NOR,ARE,0.0
NOR,ARG,0.0
NOR,AUS,0.0
NOR,AUT,0.0
NOR,AZE,0.0
NOR,BEL,0.0
NOR,BEN,0.0
NOR,BFA,0.0
NOR,BGR,0.0
NOR,BIH,0.0
NOR,BRA,0.0
NOR,CAN,0.0
NOR,CHE,0.0
NOR,CHL,0.0
NOR,CHN,0.0
NOR,CIV,0.0
NOR,COL,0.0
NOR,CUW,0.0
NOR,CYP,0.0
NOR,CZE,0.0
NOR,DEU,0.0
NOR,DNK,0.0
NOR,DOM,0.0
NOR,ECU,0.0
NOR,EGY,0.0
NOR,ESP,0.0
NOR,EST,0.0
NOR,FIN,0.0
NOR,FRA,0.0
NOR,GBR,0.0
NOR,GHA,0.0
NOR,GMB,0.0
NOR,GNQ,0.0
NOR,GRC,0.0
NOR,GRL,0.0
NOR,HKG,0.0
NOR,HRV,0.0
NOR,HUN,0.0
NOR,IDN,0.0
NOR,IND,0.0
NOR,IRL,0.0
NOR,ISL,0.0
NOR,ITA,0.0
NOR,JPN,0.0
NOR,KOR,0.0
NOR,KWT,0.0
NOR,LTU,0.0
NOR,LVA,0.0
NOR,MAR,0.0
NOR,MEX,0.0
NOR,MKD,0.0
NOR,MLT,0.0
NOR,MYS,0.0
NOR,NAM,0.0
NOR,NER,0.0
NOR,NGA,0.0
NOR,NLD,0.0
NOR,NZL,0.0
NOR,PAK,0.0
NOR,PAN,0.0
NOR,PER,0.0
NOR,PHL,0.0
NOR,POL,0.0
NOR,PRT,0.0
NOR,QAT,0.0
NOR,ROU,0.0
NOR,RUS,0.0
NOR,S19,0.0
NOR,SAU,0.0
NOR,SEN,0.0
NOR,SGP,0.0
NOR,SLV,0.0
NOR,SRB,0.0
NOR,SVK,0.0
NOR,SVN,0.0
NOR,SWE,0.0
NOR,THA,0.0
NOR,TTO,0.0
NOR,TUN,0.0
NOR,TUR,0.0
NOR,UKR,0.0
NOR,USA,0.0
NOR,VNM,0.0
NOR,ZAF,0.0
NPL,GBR,0.0
NPL,ISL,0.0
NPL,KOR,0.0
NRU,FRA,0.0
NZL,ARE,0.0
NZL,ARG,0.0
NZL,ASM,0.0
NZL,AUS,0.0
NZL,BEL,0.0
NZL,BGR,0.0
NZL,BRA,0.0
NZL,CAN,0.0
NZL,CHL,0.0
NZL,CHN,0.0
NZL,COK,0.0
NZL,DEU,0.0
NZL,DNK,0.0
NZL,ESP,0.0
NZL,FJI,0.0
NZL,FRA,0.0
NZL,FSM,0.0
NZL,GBR,0.0
NZL,GHA,0.0
NZL,GIN,0.0
NZL,HKG,0.0
NZL,IDN,0.0
NZL,IND,0.0
NZL,IRL,0.0
NZL,ITA,0.0
NZL,JPN,0.0
NZL,KEN,0.0
NZL,KIR,0.0
NZL,KOR,0.0
NZL,LVA,0.0
NZL,MAC,0.0
NZL,MEX,0.0
NZL,MHL,0.0
NZL,MNG,0.0
NZL,MUS,0.0
NZL,MYS,0.0
NZL,NAM,0.0
NZL,NCL,0.0
NZL,NFK,0.0
NZL,NIU,0.0
NZL,NLD,0.0
NZL,NOR,0.0
NZL,NPL,0.0
NZL,NRU,0.0
NZL,PCN,0.0
NZL,PHL,0.0
NZL,PNG,0.0
NZL,POL,0.0
NZL,PYF,0.0
NZL,QAT,0.0
NZL,S19,0.0
NZL,SEN,0.0
NZL,SGP,0.0
NZL,SLB,0.0
NZL,SWE,0.0
NZL,THA,0.0
NZL,TON,0.0
NZL,TUV,0.0
NZL,UKR,0.0
NZL,USA,0.0
NZL,VNM,0.0
NZL,VUT,0.0
NZL,WLF,0.0
NZL,WSM,0.0
NZL,ZAF,0.0
NZL,ZMB,0.0
OMN,AGO,1.0
OMN,ALB,1.0
OMN,AUS,1.0
OMN,AZE,1.0
OMN,BEL,1.0
OMN,BHR,1.0
OMN,BRA,1.0
OMN,CAN,1.0
OMN,CHN,0.9
OMN,CIV,1.0
OMN,CYP,1.0
OMN,DEU,1.0
OMN,DNK,1.0
OMN,EGY,1.0
OMN,ESP,1.0
OMN,FRA,1.0
OMN,GBR,1.0
OMN,IDN,1.0
OMN,IND,0.9
OMN,IRL,1.0
OMN,ITA,1.0
OMN,JPN,0.9
OMN,KEN,1.0
OMN,KOR,0.9
OMN,KWT,1.0
OMN,LKA,1.0
OMN,MAR,1.0
OMN,MDA,1.0
OMN,MDG,1.0
OMN,MDV,1.0
OMN,MKD,1.0
OMN,MOZ,1.0
OMN,MUS,1.0
OMN,MYS,1.0
OMN,NAM,1.0
OMN,NLD,1.0
OMN,PAK,1.0
OMN,PHL,1.0
OMN,POL,1.0
OMN,PRY,1.0
OMN,QAT,1.0
OMN,ROU,1.0
OMN,S19,1.0
OMN,SAU,1.0
OMN,SGP,1.0
OMN,THA,1.0
OMN,TUR,1.0
OMN,TZA,1.0
OMN,UGA,1.0
OMN,UKR,1.0
OMN,URY,1.0
OMN,USA,1.0
OMN,UZB,1.0
OMN,ZAF,1.0
OMN,ZMB,1.0
PAK,AFG,0.0
PAK,AGO,0.0
PAK,ARE,0.0
PAK,BEL,0.0
PAK,BGD,0.0
PAK,BGR,0.0
PAK,BRN,0.0
PAK,CAN,0.0
PAK,CHL,0.0
PAK,CHN,0.0
PAK,CYP,0.0
PAK,DEU,0.0
PAK,ESP,0.0
PAK,FRA,0.0
PAK,GBR,0.0
PAK,GIN,0.0
PAK,GTM,0.0
PAK,HRV,0.0
PAK,IRQ,0.0
PAK,KAZ,0.0
PAK,KEN,0.0
PAK,KGZ,0.0
PAK,KOR,0.0
PAK,LKA,0.0
PAK,MNE,0.0
PAK,MOZ,0.0
PAK,MUS,0.0
PAK,MWI,0.0
PAK,MYS,0.0
PAK,NLD,0.0
PAK,NZL,0.0
PAK,PER,0.0
PAK,QAT,0.0
PAK,S19,0.0
PAK,SAU,0.0
PAK,SEN,0.0
PAK,SGP,0.0
PAK,SVN,0.0
PAK,TGO,0.0
PAK,THA,0.0
PAK,TUR,0.0
PAK,USA,0.0
PAK,UZB,0.0
PAN,ABW,0.0
PAN,ATG,0.0
PAN,AUS,0.0
PAN,BEL,0.0
PAN,BES,0.0
PAN,BGR,0.0
PAN,BIH,0.0
PAN,BLZ,0.0
PAN,BRA,0.0
PAN,BRB,0.0
PAN,CAN,0.0
PAN,CHL,0.0
PAN,CHN,0.0
PAN,COL,0.0
PAN,CRI,0.0
PAN,CUB,0.0
PAN,CUW,0.0
PAN,DNK,0.0
PAN,DOM,0.0
PAN,ECU,0.0
PAN,ESP,0.0
PAN,FIN,0.0
PAN,FRA,0.0
PAN,GRC,0.0
PAN,GTM,0.0
PAN,GUY,0.0
PAN,HND,0.0
PAN,IND,0.0
PAN,ISL,0.0
PAN,JPN,0.0
PAN,KOR,0.0
PAN,NIC,0.0
PAN,NLD,0.0
PAN,NOR,0.0
PAN,PER,0.0
PAN,PRY,0.0
PAN,SGP,0.0
PAN,SLV,0.0
PAN,SUR,0.0
PAN,THA,0.0
PAN,TZA,0.0
PAN,URY,0.0
PAN,USA,0.0
PAN,VEN,0.0
PAN,ZAF,0.0
PCN,COL,0.0
PCN,ESP,0.0
PER,ABW,0.0
PER,ARE,0.0
PER,ARG,0.0
PER,BEL,0.0
PER,BES,0.0
PER,BHS,0.0
PER,BOL,0.0
PER,BRA,0.0
PER,CAN,0.0
PER,CHL,0.0
PER,CHN,0.0
PER,COL,0.0
PER,CRI,0.0
PER,CUB,0.0
PER,DEU,0.0
PER,DOM,0.0
PER,ECU,0.0
PER,ESP,0.0
PER,FRA,0.0
PER,GBR,0.0
PER,GTM,0.0
PER,GUY,0.0
PER,HND,0.0
PER,ISL,0.0
PER,JAM,0.0
PER,JPN,0.0
PER,KOR,0.0
PER,MAR,0.0
PER,MEX,0.0
PER,NIC,0.0
PER,NLD,0.0
PER,NOR,0.0
PER,PAN,0.0
PER,PHL,0.0
PER,PRY,0.0
PER,S19,0.0
PER,SGP,0.0
PER,SLV,0.0
PER,SWE,0.0
PER,THA,0.0
PER,TUR,0.0
PER,URY,0.0
PER,USA,0.0
PER,VEN,0.0
PHL,ARE,0.0
PHL,AUS,0.0
PHL,AUT,0.0
PHL,BEL,0.0
PHL,BHR,0.0
PHL,BRA,0.0
PHL,BRN,0.0
PHL,CAN,0.0
PHL,CHL,0.0
PHL,CHN,0.0
PHL,CZE,0.0
PHL,DEU,0.0
PHL,DNK,0.0
PHL,FIN,0.0
PHL,FRA,0.0
PHL,FSM,0.0
PHL,GBR,0.0
PHL,GTM,0.0
PHL,GUM,0.0
PHL,HKG,0.0
PHL,HRV,0.0
PHL,HUN,0.0
PHL,IDN,0.0
PHL,IND,0.0
PHL,IRL,0.0
PHL,JPN,0.0
PHL,KHM,0.0
PHL,KOR,0.0
PHL,KWT,0.0
PHL,LKA,0.0
PHL,MAC,0.0
PHL,MDV,0.0
PHL,MMR,0.0
PHL,MYS,0.0
PHL,NCL,0.0
PHL,NLD,0.0
PHL,NZL,0.0
PHL,OMN,0.0
PHL,PLW,0.0
PHL,PNG,0.0
PHL,QAT,0.0
PHL,S19,0.0
PHL,SAU,0.0
PHL,SGP,0.0
PHL,SLV,0.0
PHL,THA,0.0
PHL,TUR,0.0
PHL,USA,0.0
PHL,VNM,0.0
PLW,KOR,0.0
PLW,NLD,0.0
PNG,AUS,0.0
PNG,BEL,0.0
PNG,CHN,0.0
PNG,HKG,0.0
PNG,IDN,0.0
PNG,IND,0.0
PNG,JPN,0.0
PNG,KOR,0.0
PNG,MKD,0.0
PNG,MYS,0.0
PNG,NLD,0.0
PNG,S19,0.0
PNG,SGP,0.0
POL,AGO,0.0
POL,ALB,0.0
POL,AND,0.0
POL,ARE,0.0
POL,ARG,0.0
POL,ARM,0.0
POL,ATF,0.0
POL,AUS,0.0
POL,AUT,0.0
POL,AZE,0.0
POL,BEL,0.0
POL,BGR,0.0
POL,BHR,0.0
POL,BIH,0.0
POL,BLR,0.0
POL,BMU,0.0
POL,BRA,0.0
POL,CAF,0.0
POL,CAN,0.0
POL,CHE,0.0
POL,CHL,0.0
POL,CHN,0.0
POL,CIV,0.0
POL,CMR,0.0
POL,COD,0.0
POL,COG,0.0
POL,COL,0.0
POL,CPV,0.0
POL,CRI,0.0
POL,CYP,0.0
POL,CZE,0.0
POL,DEU,0.0
POL,DNK,0.0
POL,DOM,0.0
POL,DZA,0.0
POL,ECU,0.0
POL,EGY,0.0
POL,ESP,0.0
POL,EST,0.0
POL,FIN,0.0
POL,FRA,0.0
POL,GAB,0.0
POL,GBR,0.0
POL,GEO,0.0
POL,GHA,0.0
POL,GIN,0.0
POL,GMB,0.0
POL,GNQ,0.0
POL,GRC,0.0
POL,GRL,0.0
POL,GTM,0.0
POL,GUY,0.0
POL,HKG,0.0
POL,HRV,0.0
POL,HUN,0.0
POL,IDN,0.0
POL,IND,0.0
POL,IRL,0.0
POL,IRN,0.0
POL,IRQ,0.0
POL,ISL,0.0
POL,ISR,0.0
POL,ITA,0.0
POL,JAM,0.0
POL,JOR,0.0
POL,JPN,0.0
POL,KAZ,0.0
POL,KEN,0.0
POL,KGZ,0.0
POL,KHM,0.0
POL,KOR,0.0
POL,KWT,0.0
POL,LBN,0.0
POL,LBR,0.0
POL,LBY,0.0
POL,LKA,0.0
POL,LTU,0.0
POL,LUX,0.0
POL,LVA,0.0
POL,MAR,0.0
POL,MDA,0.0
POL,MDG,0.0
POL,MEX,0.0
POL,MHL,0.0
POL,MKD,0.0
POL,MLT,0.0
POL,MNE,0.0
POL,MNG,0.0
POL,MRT,0.0
POL,MUS,0.0
POL,MWI,0.0
POL,MYS,0.0
POL,NAM,0.0
POL,NGA,0.0
POL,NLD,0.0
POL,NOR,0.0
POL,NZL,0.0
POL,OMN,0.0
POL,PAK,0.0
POL,PAN,0.0
POL,PER,0.0
POL,PHL,0.0
POL,PRT,0.0
POL,PRY,0.0
POL,PSE,0.0
POL,PYF,0.0
POL,QAT,0.0
POL,ROU,0.0
POL,RUS,0.0
POL,RWA,0.0
POL,S19,0.0
POL,SAU,0.0
POL,SDN,0.0
POL,SEN,0.0
POL,SGP,0.0
POL,SLV,0.0
POL,SMR,0.0
POL,SRB,0.0
POL,SSD,0.0
POL,SVK,0.0
POL,SVN,0.0
POL,SWE,0.0
POL,SYC,0.0
POL,TCD,0.0
POL,TGO,0.0
POL,THA,0.0
POL,TJK,0.0
POL,TUN,0.0
POL,TUR,0.0
POL,TZA,0.0
POL,UGA,0.0
POL,UKR,0.0
POL,URY,0.0
POL,USA,0.0
POL,UZB,0.0
POL,VEN,0.0
POL,VNM,0.0
POL,YEM,0.0
POL,ZAF,0.0
POL,ZWE,0.0
PRK,AUT,0.0
PRK,BGR,0.0
PRK,BHS,0.0
PRK,MDV,0.0
PRK,MNE,0.0
PRT,AGO,0.0
PRT,ALB,0.0
PRT,AND,0.0
PRT,ARE,0.0
PRT,ARG,0.0
PRT,ATG,0.0
PRT,AUS,0.0
PRT,AUT,0.0
PRT,BEL,0.0
PRT,BEN,0.0
PRT,BES,0.0
PRT,BGD,0.0
PRT,BGR,0.0
PRT,BHR,0.0
PRT,BHS,0.0
PRT,BIH,0.0
PRT,BLM,0.0
PRT,BRA,0.0
PRT,CAF,0.0
PRT,CAN,0.0
PRT,CHE,0.0
PRT,CHL,0.0
PRT,CHN,0.0
PRT,CIV,0.0
PRT,COG,0.0
PRT,COL,0.0
PRT,CPV,0.0
PRT,CUB,0.0
PRT,CYP,0.0
PRT,CZE,0.0
PRT,DEU,0.0
PRT,DNK,0.0
PRT,DOM,0.0
PRT,DZA,0.0
PRT,ECU,0.0
PRT,EGY,0.0
PRT,ESP,0.0
PRT,EST,0.0
PRT,FIN,0.0
PRT,FRA,0.0
PRT,GBR,0.0
PRT,GHA,0.0
PRT,GIB,0.0
PRT,GIN,0.0
PRT,GMB,0.0
PRT,GNB,0.0
PRT,GRC,0.0
PRT,GTM,0.0
PRT,HKG,0.0
PRT,HND,0.0
PRT,HRV,0.0
PRT,HTI,0.0
PRT,HUN,0.0
PRT,IDN,0.0
PRT,IND,0.0
PRT,IRL,0.0
PRT,ISL,0.0
PRT,ISR,0.0
PRT,ITA,0.0
PRT,JPN,0.0
PRT,KAZ,0.0
PRT,KEN,0.0
PRT,KGZ,0.0
PRT,KOR,0.0
PRT,KWT,0.0
PRT,LBR,0.0
PRT,LBY,0.0
PRT,LKA,0.0
PRT,LTU,0.0
PRT,LUX,0.0
PRT,MAC,0.0
PRT,MAR,0.0
PRT,MDV,0.0
PRT,MEX,0.0
PRT,MHL,0.0
PRT,MLI,0.0
PRT,MLT,0.0
PRT,MOZ,0.0
PRT,MRT,0.0
PRT,MUS,0.0
PRT,MWI,0.0
PRT,NAM,0.0
PRT,NGA,0.0
PRT,NLD,0.0
PRT,NOR,0.0
PRT,NZL,0.0
PRT,PAN,0.0
PRT,PER,0.0
PRT,PHL,0.0
PRT,POL,0.0
PRT,PRY,0.0
PRT,QAT,0.0
PRT,ROU,0.0
PRT,S19,0.0
PRT,SAU,0.0
PRT,SEN,0.0
PRT,SGP,0.0
PRT,SLE,0.0
PRT,SLV,0.0
PRT,SRB,0.0
PRT,STP,0.0
PRT,SVK,0.0
PRT,SVN,0.0
PRT,SWE,0.0
PRT,SWZ,0.0
PRT,SYC,0.0
PRT,TGO,0.0
PRT,THA,0.0
PRT,TTO,0.0
PRT,TUN,0.0
PRT,TUR,0.0
PRT,TZA,0.0
PRT,UGA,0.0
PRT,UKR,0.0
PRT,URY,0.0
PRT,USA,0.0
PRT,VEN,0.0
PRT,ZAF,0.0
PRT,ZMB,0.0
PRY,ARG,0.0
PRY,BOL,0.0
PRY,CHL,0.0
PRY,NLD,0.0
PYF,AUS,0.0
PYF,BEL,0.0
PYF,DEU,0.0
PYF,FRA,0.0
PYF,IRL,0.0
PYF,ISL,0.0
PYF,NLD,0.0
PYF,NZL,0.0
QAT,AGO,1.0
QAT,ARG,1.0
QAT,AUT,1.0
QAT,BEL,1.0
QAT,BHR,1.0
QAT,BIH,1.0
QAT,BRA,1.0
QAT,BRN,1.0
QAT,CAN,1.0
QAT,CHE,1.0
QAT,CHN,1.0
QAT,CZE,1.0
QAT,DEU,1.0
QAT,DNK,1.0
QAT,EGY,1.0
QAT,ESP,1.0
QAT,EST,1.0
QAT,FIN,1.0
QAT,FRA,1.0
QAT,GBR,1.0
QAT,HKG,1.0
QAT,HUN,1.0
QAT,IDN,1.0
QAT,IND,1.0
QAT,IRL,1.0
QAT,ITA,1.0
QAT,JPN,1.0
QAT,KEN,1.0
QAT,KOR,1.0
QAT,KWT,1.0
QAT,LKA,1.0
QAT,LTU,1.0
QAT,MAR,1.0
QAT,MDG,1.0
QAT,MDV,1.0
QAT,MKD,1.0
QAT,MMR,1.0
QAT,MYS,1.0
QAT,NAM,1.0
QAT,NGA,1.0
QAT,NLD,1.0
QAT,NOR,1.0
QAT,NZL,1.0
QAT,PAK,1.0
QAT,PER,1.0
QAT,PHL,1.0
QAT,POL,1.0
QAT,ROU,1.0
QAT,S19,1.0
QAT,SAU,1.0
QAT,SEN,1.0
QAT,SGP,1.0
QAT,SVK,1.0
QAT,SWE,1.0
QAT,THA,1.0
QAT,TUN,1.0
QAT,TUR,1.0
QAT,UGA,1.0
QAT,UKR,1.0
QAT,USA,1.0
QAT,UZB,1.0
QAT,ZAF,1.0
QAT,ZMB,1.0
QAT,ZWE,1.0
ROU,AGO,0.0
ROU,ALB,0.0
ROU,ARE,0.0
ROU,ARM,0.0
ROU,AUS,0.0
ROU,AUT,0.0
ROU,AZE,0.0
ROU,BEL,0.0
ROU,BEN,0.0
ROU,BGR,0.0
ROU,BHR,0.0
ROU,BIH,0.0
ROU,BRA,0.0
ROU,CHE,0.0
ROU,CHL,0.0
ROU,CHN,0.0
ROU,COL,0.0
ROU,CYP,0.0
ROU,CZE,0.0
ROU,DEU,0.0
ROU,DNK,0.0
ROU,DZA,0.0
ROU,EGY,0.0
ROU,ESP,0.0
ROU,EST,0.0
ROU,FIN,0.0
ROU,FRA,0.0
ROU,GAB,0.0
ROU,GBR,0.0
ROU,GEO,0.0
ROU,GIB,0.0
ROU,GRC,0.0
ROU,GTM,0.0
ROU,HKG,0.0
ROU,HRV,0.0
ROU,HUN,0.0
ROU,IDN,0.0
ROU,IND,0.0
ROU,IRL,0.0
ROU,IRN,0.0
ROU,IRQ,0.0
ROU,ISL,0.0
ROU,ISR,0.0
ROU,ITA,0.0
ROU,JOR,0.0
ROU,KAZ,0.0
ROU,KGZ,0.0
ROU,KOR,0.0
ROU,LBN,0.0
ROU,LBR,0.0
ROU,LBY,0.0
ROU,LKA,0.0
ROU,LTU,0.0
ROU,LUX,0.0
ROU,LVA,0.0
ROU,MAR,0.0
ROU,MDA,0.0
ROU,MEX,0.0
ROU,MHL,0.0
ROU,MKD,0.0
ROU,MLT,0.0
ROU,MNE,0.0
ROU,MWI,0.0
ROU,MYS,0.0
ROU,NAM,0.0
ROU,NER,0.0
ROU,NLD,0.0
ROU,NOR,0.0
ROU,NZL,0.0
ROU,PAK,0.0
ROU,PER,0.0
ROU,POL,0.0
ROU,PRT,0.0
ROU,QAT,0.0
ROU,S19,0.0
ROU,SAU,0.0
ROU,SGP,0.0
ROU,SRB,0.0
ROU,SVK,0.0
ROU,SVN,0.0
ROU,SWE,0.0
ROU,SYR,0.0
ROU,THA,0.0
ROU,TJK,0.0
ROU,TUN,0.0
ROU,TUR,0.0
ROU,UKR,0.0
ROU,URY,0.0
ROU,USA,0.0
ROU,UZB,0.0
ROU,ZAF,0.0
RUS,AGO,0.0
RUS,ARM,0.0
RUS,AUT,0.0
RUS,AZE,0.0
RUS,BEL,0.0
RUS,BEN,0.0
RUS,BFA,0.0
RUS,BGR,0.0
RUS,BHR,0.0
RUS,BIH,0.0
RUS,BOL,0.0
RUS,BRA,0.0
RUS,BRN,0.0
RUS,CHL,0.0
RUS,CHN,0.0
RUS,CIV,0.0
RUS,COL,0.0
RUS,CZE,0.0
RUS,DEU,0.0
RUS,DOM,0.0
RUS,EGY,0.0
RUS,ESP,0.0
RUS,EST,0.0
RUS,FIN,0.0
RUS,FRA,0.0
RUS,GMB,0.0
RUS,GRC,0.0
RUS,GTM,0.0
RUS,HRV,0.0
RUS,HUN,0.0
RUS,IDN,0.0
RUS,IND,0.0
RUS,ISR,0.0
RUS,ITA,0.0
RUS,JPN,0.0
RUS,KAZ,0.0
RUS,KGZ,0.0
RUS,KOR,0.0
RUS,LKA,0.0
RUS,LTU,0.0
RUS,LVA,0.0
RUS,MDA,0.0
RUS,MKD,0.0
RUS,MMR,0.0
RUS,MWI,0.0
RUS,MYS,0.0
RUS,NER,0.0
RUS,NGA,0.0
RUS,NIC,0.0
RUS,NLD,0.0
RUS,NOR,0.0
RUS,PAK,0.0
RUS,PER,0.0
RUS,POL,0.0
RUS,PRT,0.0
RUS,PRY,0.0
RUS,QAT,0.0
RUS,S19,0.0
RUS,SAU,0.0
RUS,SEN,0.0
RUS,SGP,0.0
RUS,SRB,0.0
RUS,SVK,0.0
RUS,SVN,0.0
RUS,SWE,0.0
RUS,THA,0.0
RUS,TUN,0.0
RUS,TUR,0.0
RUS,TZA,0.0
RUS,UZB,0.0
RUS,ZAF,0.0
RWA,FRA,0.0
RWA,ISL,0.0
RWA,KEN,0.0
RWA,NLD,0.0
RWA,TZA,0.0
RWA,UGA,0.0
RWA,ZAF,0.0
RWA,ZMB,0.0
S19,ARE,0.0
S19,ARG,0.0
S19,AUS,0.0
S19,AUT,0.0
S19,AZE,0.0
S19,BEL,0.0
S19,BGD,0.0
S19,BGR,0.0
S19,BHR,0.0
S19,BIH,0.0
S19,BLZ,0.0
S19,BRA,0.0
S19,CAN,0.0
S19,CHE,0.0
S19,CHL,0.0
S19,CHN,0.0
S19,CIV,0.0
S19,CMR,0.0
S19,COD,0.0
S19,COL,0.0
S19,CRI,0.0
S19,CZE,0.0
S19,DEU,0.0
S19,DNK,0.0
S19,DOM,0.0
S19,ECU,0.0
S19,EGY,0.0
S19,ESP,0.0
S19,EST,0.0
S19,FIN,0.0
S19,FJI,0.0
S19,FRA,0.0
S19,FSM,0.0
S19,GBR,0.0
S19,GHA,0.0
S19,GRC,0.0
S19,GTM,0.0
S19,GUM,0.0
S19,HKG,0.0
S19,HND,0.0
S19,HRV,0.0
S19,HUN,0.0
S19,IDN,0.0
S19,IND,0.0
S19,IRL,0.0
S19,IRQ,0.0
S19,ISL,0.0
S19,ISR,0.0
S19,ITA,0.0
S19,JAM,0.0
S19,JPN,0.0
S19,KAZ,0.0
S19,KEN,0.0
S19,KHM,0.0
S19,KIR,0.0
S19,KOR,0.0
S19,LKA,0.0
S19,LSO,0.0
S19,LTU,0.0
S19,LUX,0.0
S19,LVA,0.0
S19,MAC,0.0
S19,MAR,0.0
S19,MDA,0.0
S19,MDG,0.0
S19,MDV,0.0
S19,MEX,0.0
S19,MHL,0.0
S19,MMR,0.0
S19,MNE,0.0
S19,MNP,0.0
S19,MOZ,0.0
S19,MUS,0.0
S19,MYS,0.0
S19,NAM,0.0
S19,NGA,0.0
S19,NIC,0.0
S19,NLD,0.0
S19,NOR,0.0
S19,NPL,0.0
S19,NZL,0.0
S19,OMN,0.0
S19,PAK,0.0
S19,PAN,0.0
S19,PER,0.0
S19,PHL,0.0
S19,PLW,0.0
S19,PNG,0.0
S19,POL,0.0
S19,PRT,0.0
S19,PRY,0.0
S19,PYF,0.0
S19,QAT,0.0
S19,RUS,0.0
S19,SAU,0.0
S19,SEN,0.0
S19,SGP,0.0
S19,SLB,0.0
S19,SLV,0.0
S19,SRB,0.0
S19,SUR,0.0
S19,SVK,0.0
S19,SVN,0.0
S19,SWE,0.0
S19,SYC,0.0
S19,THA,0.0
S19,TLS,0.0
S19,TUN,0.0
S19,TUR,0.0
S19,TUV,0.0
S19,TZA,0.0
S19,UGA,0.0
S19,UKR,0.0
S19,URY,0.0
S19,USA,0.0
S19,UZB,0.0
S19,VNM,0.0
S19,ZAF,0.0
S19,ZMB,0.0
SAU,AGO,1.0
SAU,ALB,1.0
SAU,ARE,1.0
SAU,ARG,1.0
SAU,AUS,1.0
SAU,AUT,1.0
SAU,AZE,1.0
SAU,BEL,1.0
SAU,BEN,1.0
SAU,BFA,1.0
SAU,BGR,1.0
SAU,BHR,1.0
SAU,BIH,1.0
SAU,BRA,1.0
SAU,BRN,1.0
SAU,CAF,1.0
SAU,CAN,1.0
SAU,CHE,1.0
SAU,CHL,1.0
SAU,CHN,1.0
SAU,CIV,1.0
SAU,COL,1.0
SAU,CYP,1.0
SAU,CZE,1.0
SAU,DEU,0.7
SAU,DNK,1.0
SAU,DOM,1.0
SAU,EGY,0.6
SAU,ESP,0.7
SAU,EST,1.0
SAU,FIN,1.0
SAU,FRA,0.7
SAU,GBR,0.7
SAU,GRC,0.7
SAU,HKG,1.0
SAU,HRV,1.0
SAU,IDN,1.0
SAU,IND,1.0
SAU,IRL,1.0
SAU,ITA,0.7
SAU,JPN,1.0
SAU,KEN,1.0
SAU,KOR,1.0
SAU,KWT,1.0
SAU,LKA,1.0
SAU,LTU,1.0
SAU,LVA,1.0
SAU,MAR,1.0
SAU,MDA,1.0
SAU,MDG,1.0
SAU,MEX,1.0
SAU,MKD,1.0
SAU,MLT,1.0
SAU,MOZ,1.0
SAU,MUS,1.0
SAU,MYS,1.0
SAU,NAM,1.0
SAU,NER,1.0
SAU,NGA,1.0
SAU,NIC,1.0
SAU,NLD,0.7
SAU,PAK,1.0
SAU,PAN,1.0
SAU,PER,1.0
SAU,PHL,1.0
SAU,POL,0.7
SAU,PRT,1.0
SAU,PRY,1.0
SAU,QAT,1.0
SAU,ROU,1.0
SAU,S19,1.0
SAU,SEN,1.0
SAU,SGP,1.0
SAU,SRB,1.0
SAU,SVN,1.0
SAU,SWE,1.0
SAU,THA,1.0
SAU,TUN,1.0
SAU,TUR,1.0
SAU,TZA,1.0
SAU,UGA,1.0
SAU,UKR,1.0
SAU,URY,1.0
SAU,USA,1.0
SAU,UZB,1.0
SAU,YEM,1.0
SAU,ZAF,1.0
SAU,ZMB,1.0
SAU,ZWE,1.0
SDN,EGY,0.0
SDN,ITA,0.0
SDN,MYS,0.0
SDN,SGP,0.0
SDN,TUR,0.0
SEN,ARE,0.0
SEN,BEL,0.0
SEN,BEN,0.0
SEN,BFA,0.0
SEN,BRA,0.0
SEN,BRN,0.0
SEN,CAN,0.0
SEN,CHE,0.0
SEN,CHN,0.0
SEN,CIV,0.0
SEN,CMR,0.0
SEN,COD,0.0
SEN,COG,0.0
SEN,COL,0.0
SEN,DEU,0.0
SEN,ESP,0.0
SEN,FRA,0.0
SEN,GAB,0.0
SEN,GBR,0.0
SEN,GEO,0.0
SEN,GHA,0.0
SEN,GIB,0.0
SEN,GIN,0.0
SEN,GMB,0.0
SEN,GNB,0.0
SEN,GNQ,0.0
SEN,HTI,0.0
SEN,IND,0.0
SEN,ITA,0.0
SEN,KOR,0.0
SEN,LBR,0.0
SEN,MAR,0.0
SEN,MLI,0.0
SEN,MRT,0.0
SEN,NER,0.0
SEN,NGA,0.0
SEN,NLD,0.0
SEN,OMN,0.0
SEN,SGP,0.0
SEN,SLE,0.0
SEN,SUR,0.0
SEN,TCD,0.0
SEN,TGO,0.0
SEN,TZA,0.0
SEN,UGA,0.0
SEN,USA,0.0
SGP,AGO,0.0
SGP,ARE,0.0
SGP,ARG,0.0
SGP,ARM,0.0
SGP,ASM,0.0
SGP,ATG,0.0
SGP,AUS,0.0
SGP,AUT,0.0
SGP,AZE,0.0
SGP,BEL,0.0
SGP,BEN,0.0
SGP,BFA,0.0
SGP,BGD,0.0
SGP,BGR,0.0
SGP,BHR,0.0
SGP,BIH,0.0
SGP,BLR,0.0
SGP,BLZ,0.0
SGP,BOL,0.0
SGP,BRA,0.0
SGP,BRB,0.0
SGP,BRN,0.0
SGP,CAF,0.0
SGP,CAN,0.0
SGP,CHE,0.0
SGP,CHL,0.0
SGP,CHN,0.0
SGP,CIV,0.0
SGP,CMR,0.0
SGP,COD,0.0
SGP,COG,0.0
SGP,COK,0.0
SGP,COL,0.0
SGP,COM,0.0
SGP,CRI,0.0
SGP,CUB,0.0
SGP,CXR,0.0
SGP,CYP,0.0
SGP,CZE,0.0
SGP,DEU,0.0
SGP,DJI,0.0
SGP,DMA,0.0
SGP,DNK,0.0
SGP,DOM,0.0
SGP,ECU,0.0
SGP,EGY,0.0
SGP,ESP,0.0
SGP,EST,0.0
SGP,FIN,0.0
SGP,FJI,0.0
SGP,FRA,0.0
SGP,FSM,0.0
SGP,GAB,0.0
SGP,GBR,0.0
SGP,GEO,0.0
SGP,GHA,0.0
SGP,GIN,0.0
SGP,GMB,0.0
SGP,GNQ,0.0
SGP,GRC,0.0
SGP,GTM,0.0
SGP,GUM,0.0
SGP,GUY,0.0
SGP,HKG,0.0
SGP,HND,0.0
SGP,HUN,0.0
SGP,IDN,0.0
SGP,IND,0.0
SGP,IOT,0.0
SGP,IRL,0.0
SGP,IRQ,0.0
SGP,ISL,0.0
SGP,ISR,0.0
SGP,ITA,0.0
SGP,JAM,0.0
SGP,JOR,0.0
SGP,JPN,0.0
SGP,KAZ,0.0
SGP,KEN,0.0
SGP,KGZ,0.0
SGP,KHM,0.0
SGP,KIR,0.0
SGP,KOR,0.0
SGP,KWT,0.0
SGP,LAO,0.0
SGP,LBN,0.0
SGP,LBR,0.0
SGP,LBY,0.0
SGP,LKA,0.0
SGP,LSO,0.0
SGP,LTU,0.0
SGP,LVA,0.0
SGP,MAC,0.0
SGP,MAR,0.0
SGP,MDA,0.0
SGP,MDG,0.0
SGP,MDV,0.0
SGP,MEX,0.0
SGP,MHL,0.0
SGP,MKD,0.0
SGP,MLI,0.0
SGP,MLT,0.0
SGP,MMR,0.0
SGP,MNG,0.0
SGP,MNP,0.0
SGP,MOZ,0.0
SGP,MRT,0.0
SGP,MUS,0.0
SGP,MWI,0.0
SGP,MYS,0.0
SGP,NAM,0.0
SGP,NCL,0.0
SGP,NGA,0.0
SGP,NIC,0.0
SGP,NLD,0.0
SGP,NOR,0.0
SGP,NPL,0.0
SGP,NRU,0.0
SGP,NZL,0.0
SGP,OMN,0.0
SGP,PAK,0.0
SGP,PAN,0.0
SGP,PER,0.0
SGP,PHL,0.0
SGP,PLW,0.0
SGP,PNG,0.0
SGP,POL,0.0
SGP,PRY,0.0
SGP,PYF,0.0
SGP,QAT,0.0
SGP,ROU,0.0
SGP,RUS,0.0
SGP,RWA,0.0
SGP,S19,0.0
SGP,SAU,0.0
SGP,SEN,0.0
SGP,SLB,0.0
SGP,SLE,0.0
SGP,SLV,0.0
SGP,SRB,0.0
SGP,SSD,0.0
SGP,SUR,0.0
SGP,SVK,0.0
SGP,SVN,0.0
SGP,SWE,0.0
SGP,SYC,0.0
SGP,TCD,0.0
SGP,TGO,0.0
SGP,THA,0.0
SGP,TJK,0.0
SGP,TKM,0.0
SGP,TLS,0.0
SGP,TON,0.0
SGP,TTO,0.0
SGP,TUN,0.0
SGP,TUR,0.0
SGP,TZA,0.0
SGP,UGA,0.0
SGP,URY,0.0
SGP,USA,0.0
SGP,UZB,0.0
SGP,VEN,0.0
SGP,VNM,0.0
SGP,VUT,0.0
SGP,WLF,0.0
SGP,WSM,0.0
SGP,YEM,0.0
SGP,ZAF,0.0
SGP,ZMB,0.0
SGP,ZWE,0.0
SHN,CZE,0.0
SHN,FJI,0.0
SHN,FRA,0.0
SLB,CHE,0.0
SLB,EST,0.0
SLB,NLD,0.0
SLE,AUT,0.0
SLE,BEL,0.0
SLE,CZE,0.0
SLE,FRA,0.0
SLE,MNE,0.0
SLE,MYS,0.0
SLV,AND,0.0
SLV,AUT,0.0
SLV,BEL,0.0
SLV,BLZ,0.0
SLV,BRB,0.0
SLV,CRI,0.0
SLV,DEU,0.0
SLV,DOM,0.0
SLV,ECU,0.0
SLV,ESP,0.0
SLV,GTM,0.0
SLV,HND,0.0
SLV,HTI,0.0
SLV,JAM,0.0
SLV,JPN,0.0
SLV,MEX,0.0
SLV,NAM,0.0
SLV,NIC,0.0
SLV,NLD,0.0
SLV,PAN,0.0
SLV,PER,0.0
SLV,POL,0.0
SLV,SWE,0.0
SLV,TTO,0.0
SLV,URY,0.0
SLV,USA,0.0
SMR,AUT,0.0
SMR,FRA,0.0
SOM,IND,0.0
SPM,NLD,0.0
SPM,UGA,0.0
SRB,ALB,0.0
SRB,ARE,0.0
SRB,ARM,0.0
SRB,AUT,0.0
SRB,AZE,0.0
SRB,BEL,0.0
SRB,BGR,0.0
SRB,BHR,0.0
SRB,BIH,0.0
SRB,BLR,0.0
SRB,CAN,0.0
SRB,CHE,0.0
SRB,CHL,0.0
SRB,CHN,0.0
SRB,CIV,0.0
SRB,COD,0.0
SRB,COG,0.0
SRB,CUB,0.0
SRB,CYP,0.0
SRB,CZE,0.0
SRB,DEU,0.0
SRB,DNK,0.0
SRB,DZA,0.0
SRB,EGY,0.0
SRB,ESP,0.0
SRB,EST,0.0
SRB,FRA,0.0
SRB,GBR,0.0
SRB,GEO,0.0
SRB,GNQ,0.0
SRB,GRC,0.0
SRB,HRV,0.0
SRB,HUN,0.0
SRB,IRL,0.0
SRB,IRQ,0.0
SRB,ISL,0.0
SRB,ISR,0.0
SRB,ITA,0.0
SRB,JOR,0.0
SRB,KAZ,0.0
SRB,KEN,0.0
SRB,KGZ,0.0
SRB,LBN,0.0
SRB,LBY,0.0
SRB,LVA,0.0
SRB,MDA,0.0
SRB,MKD,0.0
SRB,MLT,0.0
SRB,MNE,0.0
SRB,MNG,0.0
SRB,NAM,0.0
SRB,NIC,0.0
SRB,NLD,0.0
SRB,NOR,0.0
SRB,POL,0.0
SRB,QAT,0.0
SRB,ROU,0.0
SRB,RUS,0.0
SRB,SAU,0.0
SRB,SGP,0.0
SRB,SVK,0.0
SRB,SVN,0.0
SRB,SWE,0.0
SRB,TUN,0.0
SRB,TUR,0.0
SRB,UKR,0.0
SRB,USA,0.0
SRB,UZB,0.0
SRB,VNM,0.0
SSD,CHN,0.0
SSD,JPN,0.0
SSD,MOZ,0.0
SSD,SGP,0.0
SSD,UGA,0.0
STP,FRA,0.0
STP,NAM,0.0
STP,NLD,0.0
STP,PAK,0.0
STP,USA,0.0
SUR,FRA,0.0
SUR,GTM,0.0
SUR,IND,0.0
SUR,NLD,0.0
SUR,SVN,0.0
SUR,USA,0.0
SVK,ALB,0.0
SVK,ARE,0.0
SVK,ARM,0.0
SVK,AUS,0.0
SVK,AUT,0.0
SVK,AZE,0.0
SVK,BEL,0.0
SVK,BGR,0.0
SVK,BHR,0.0
SVK,BIH,0.0
SVK,BLR,0.0
SVK,BRA,0.0
SVK,CAN,0.0
SVK,CHE,0.0
SVK,CHL,0.0
SVK,CHN,0.0
SVK,CMR,0.0
SVK,COL,0.0
SVK,CUB,0.0
SVK,CYP,0.0
SVK,CZE,0.0
SVK,DEU,0.0
SVK,DNK,0.0
SVK,ECU,0.0
SVK,EGY,0.0
SVK,ESP,0.0
SVK,EST,0.0
SVK,FIN,0.0
SVK,FRA,0.0
SVK,GBR,0.0
SVK,GRC,0.0
SVK,GTM,0.0
SVK,HKG,0.0
SVK,HRV,0.0
SVK,HUN,0.0
SVK,IND,0.0
SVK,IRL,0.0
SVK,IRQ,0.0
SVK,ISR,0.0
SVK,ITA,0.0
SVK,JPN,0.0
SVK,KAZ,0.0
SVK,KEN,0.0
SVK,KGZ,0.0
SVK,KOR,0.0
SVK,LTU,0.0
SVK,LUX,0.0
SVK,LVA,0.0
SVK,MAR,0.0
SVK,MDA,0.0
SVK,MKD,0.0
SVK,MLT,0.0
SVK,MNE,0.0
SVK,MUS,0.0
SVK,MYS,0.0
SVK,NLD,0.0
SVK,NOR,0.0
SVK,NZL,0.0
SVK,PAK,0.0
SVK,PER,0.0
SVK,POL,0.0
SVK,PRT,0.0
SVK,ROU,0.0
SVK,S19,0.0
SVK,SEN,0.0
SVK,SGP,0.0
SVK,SRB,0.0
SVK,SVN,0.0
SVK,SWE,0.0
SVK,TUN,0.0
SVK,TUR,0.0
SVK,TZA,0.0
SVK,UKR,0.0
SVK,USA,0.0
SVK,ZAF,0.0
SVN,ALB,0.0
SVN,AUT,0.0
SVN,AZE,0.0
SVN,BEL,0.0
SVN,BGR,0.0
SVN,BIH,0.0
SVN,BLR,0.0
SVN,CAN,0.0
SVN,CHE,0.0
SVN,CHL,0.0
SVN,CHN,0.0
SVN,CMR,0.0
SVN,CYP,0.0
SVN,CZE,0.0
SVN,DEU,0.0
SVN,DNK,0.0
SVN,EGY,0.0
SVN,ESP,0.0
SVN,EST,0.0
SVN,FIN,0.0
SVN,FRA,0.0
SVN,GBR,0.0
SVN,GEO,0.0
SVN,GRC,0.0
SVN,GTM,0.0
SVN,HKG,0.0
SVN,HRV,0.0
SVN,HUN,0.0
SVN,IDN,0.0
SVN,IND,0.0
SVN,IRL,0.0
SVN,IRN,0.0
SVN,ISR,0.0
SVN,ITA,0.0
SVN,KAZ,0.0
SVN,KGZ,0.0
SVN,KOR,0.0
SVN,LBN,0.0
SVN,LTU,0.0
SVN,LUX,0.0
SVN,LVA,0.0
SVN,MDA,0.0
SVN,MEX,0.0
SVN,MKD,0.0
SVN,MLT,0.0
SVN,MNE,0.0
SVN,MNG,0.0
SVN,MYS,0.0
SVN,NAM,0.0
SVN,NLD,0.0
SVN,NOR,0.0
SVN,NZL,0.0
SVN,PHL,0.0
SVN,POL,0.0
SVN,PRT,0.0
SVN,ROU,0.0
SVN,S19,0.0
SVN,SAU,0.0
SVN,SGP,0.0
SVN,SLV,0.0
SVN,SRB,0.0
SVN,SVK,0.0
SVN,SWE,0.0
SVN,THA,0.0
SVN,TUN,0.0
SVN,TUR,0.0
SVN,UKR,0.0
SVN,USA,0.0
SVN,UZB,0.0
SVN,VNM,0.0
SVN,ZAF,0.0
SWE,AGO,0.0
SWE,ALB,0.0
SWE,ARE,0.0
SWE,ARG,0.0
SWE,ARM,0.0
SWE,ATG,0.0
SWE,AUS,0.0
SWE,AUT,0.0
SWE,AZE,0.0
SWE,BEL,0.0
SWE,BEN,0.0
SWE,BFA,0.0
SWE,BGR,0.0
SWE,BHR,0.0
SWE,BHS,0.0
SWE,BIH,0.0
SWE,BLZ,0.0
SWE,BOL,0.0
SWE,BRA,0.0
SWE,BRB,0.0
SWE,BRN,0.0
SWE,CAN,0.0
SWE,CHE,0.0
SWE,CHL,0.0
SWE,CHN,0.0
SWE,CIV,0.0
SWE,CMR,0.0
SWE,COD,0.0
SWE,COG,0.0
SWE,COL,0.0
SWE,CRI,0.0
SWE,CYP,0.0
SWE,CZE,0.0
SWE,DEU,0.0
SWE,DNK,0.0
SWE,DOM,0.0
SWE,DZA,0.0
SWE,ECU,0.0
SWE,EGY,0.0
SWE,ERI,0.0
SWE,ESP,0.0
SWE,EST,0.0
SWE,FIN,0.0
SWE,FJI,0.0
SWE,FRA,0.0
SWE,GAB,0.0
SWE,GBR,0.0
SWE,GEO,0.0
SWE,GHA,0.0
SWE,GIB,0.0
SWE,GIN,0.0
SWE,GMB,0.0
SWE,GRC,0.0
SWE,GRL,0.0
SWE,GTM,0.0
SWE,GUY,0.0
SWE,HKG,0.0
SWE,HND,0.0
SWE,HRV,0.0
SWE,HUN,0.0
SWE,IDN,0.0
SWE,IND,0.0
SWE,IRL,0.0
SWE,IRN,0.0
SWE,IRQ,0.0
SWE,ISL,0.0
SWE,ISR,0.0
SWE,ITA,0.0
SWE,JAM,0.0
SWE,JOR,0.0
SWE,JPN,0.0
SWE,KAZ,0.0
SWE,KEN,0.0
SWE,KGZ,0.0
SWE,KHM,0.0
SWE,KOR,0.0
SWE,KWT,0.0
SWE,LBN,0.0
SWE,LBR,0.0
SWE,LBY,0.0
SWE,LKA,0.0
SWE,LTU,0.0
SWE,LUX,0.0
SWE,LVA,0.0
SWE,MAR,0.0
SWE,MDA,0.0
SWE,MDG,0.0
SWE,MDV,0.0
SWE,MEX,0.0
SWE,MKD,0.0
SWE,MLI,0.0
SWE,MLT,0.0
SWE,MNE,0.0
SWE,MNG,0.0
SWE,MOZ,0.0
SWE,MUS,0.0
SWE,MWI,0.0
SWE,MYS,0.0
SWE,NAM,0.0
SWE,NGA,0.0
SWE,NIC,0.0
SWE,NLD,0.0
SWE,NOR,0.0
SWE,NPL,0.0
SWE,NZL,0.0
SWE,OMN,0.0
SWE,PAK,0.0
SWE,PAN,0.0
SWE,PER,0.0
SWE,PHL,0.0
SWE,PNG,0.0
SWE,POL,0.0
SWE,PRT,0.0
SWE,PRY,0.0
SWE,PYF,0.0
SWE,QAT,0.0
SWE,ROU,0.0
SWE,S19,0.0
SWE,SAU,0.0
SWE,SEN,0.0
SWE,SGP,0.0
SWE,SLB,0.0
SWE,SLE,0.0
SWE,SLV,0.0
SWE,SRB,0.0
SWE,SUR,0.0
SWE,SVK,0.0
SWE,SVN,0.0
SWE,SWZ,0.0
SWE,SYC,0.0
SWE,TCD,0.0
SWE,THA,0.0
SWE,TTO,0.0
SWE,TUN,0.0
SWE,TUR,0.0
SWE,TZA,0.0
SWE,UGA,0.0
SWE,UKR,0.0
SWE,URY,0.0
SWE,USA,0.0
SWE,UZB,0.0
SWE,VNM,0.0
SWE,YEM,0.0
SWE,ZAF,0.0
SWE,ZMB,0.0
SWZ,ARG,0.0
SWZ,CAN,0.0
SWZ,COL,0.0
SWZ,FRA,0.0
SWZ,ISR,0.0
SWZ,KEN,0.0
SWZ,MDV,0.0
SWZ,MOZ,0.0
SWZ,MUS,0.0
SWZ,NAM,0.0
SWZ,SAU,0.0
SWZ,ZAF,0.0
SWZ,ZMB,0.0
SXM,BEL,0.0
SXM,FIN,0.0
SXM,FRA,0.0
SXM,NLD,0.0
SYC,ARE,0.0
SYC,BEL,0.0
SYC,CHE,0.0
SYC,DEU,0.0
SYC,ESP,0.0
SYC,EST,0.0
SYC,KEN,0.0
SYC,KOR,0.0
SYC,MUS,0.0
SYC,NLD,0.0
SYC,PHL,0.0
SYC,SGP,0.0
SYC,ZAF,0.0
SYC,ZMB,0.0
SYC,ZWE,0.0
SYR,KOR,0.0
SYR,TUR,0.0
TCA,BEN,0.0
TCA,BHS,0.0
TCA,CAN,0.0
TCA,FIN,0.0
TCD,CHN,0.0
TCD,DEU,0.0
TCD,ESP,0.0
TCD,FRA,0.0
TCD,MYS,0.0
TCD,NER,0.0
TCD,NLD,0.0
TCD,S19,0.0
TCD,USA,0.0
TGO,BEL,0.0
TGO,BEN,0.0
TGO,BFA,0.0
TGO,CAF,0.0
TGO,CIV,0.0
TGO,ESP,0.0
TGO,FRA,0.0
TGO,GMB,0.0
TGO,MRT,0.0
TGO,NAM,0.0
TGO,NGA,0.0
TGO,NLD,0.0
TGO,PRY,0.0
TGO,SEN,0.0
TGO,SGP,0.0
TGO,ZAF,0.0
THA,ARE,0.0
THA,ARM,0.0
THA,AUS,0.0
THA,AUT,0.0
THA,AZE,0.0
THA,BEL,0.0
THA,BFA,0.0
THA,BGD,0.0
THA,BHR,0.0
THA,BLR,0.0
THA,BRA,0.0
THA,BRB,0.0
THA,BRN,0.0
THA,BTN,0.0
THA,CAF,0.0
THA,CAN,0.0
THA,CHE,0.0
THA,CHL,0.0
THA,CHN,0.0
THA,CIV,0.0
THA,COL,0.0
THA,CUB,0.0
THA,CYP,0.0
THA,CZE,0.0
THA,DEU,0.0
THA,DJI,0.0
THA,DNK,0.0
THA,ECU,0.0
THA,EGY,0.0
THA,ESP,0.0
THA,EST,0.0
THA,ETH,0.0
THA,FIN,0.0
THA,FJI,0.0
THA,FRA,0.0
THA,GAB,0.0
THA,GBR,0.0
THA,GEO,0.0
THA,GHA,0.0
THA,GIN,0.0
THA,GTM,0.0
THA,HKG,0.0
THA,HND,0.0
THA,HUN,0.0
THA,IDN,0.0
THA,IND,0.0
THA,IRL,0.0
THA,IRN,0.0
THA,IRQ,0.0
THA,ISL,0.0
THA,ISR,0.0
THA,ITA,0.0
THA,JOR,0.0
THA,JPN,0.0
THA,KAZ,0.0
THA,KEN,0.0
THA,KGZ,0.0
THA,KHM,0.0
THA,KIR,0.0
THA,KOR,0.0
THA,KWT,0.0
THA,LAO,0.0
THA,LBN,0.0
THA,LBY,0.0
THA,LKA,0.0
THA,LSO,0.0
THA,LTU,0.0
THA,LUX,0.0
THA,MAC,0.0
THA,MAR,0.0
THA,MDA,0.0
THA,MDG,0.0
THA,MDV,0.0
THA,MEX,0.0
THA,MHL,0.0
THA,MKD,0.0
THA,MLT,0.0
THA,MMR,0.0
THA,MNG,0.0
THA,MOZ,0.0
THA,MUS,0.0
THA,MWI,0.0
THA,MYS,0.0
THA,NAM,0.0
THA,NCL,0.0
THA,NGA,0.0
THA,NIC,0.0
THA,NLD,0.0
THA,NOR,0.0
THA,NPL,0.0
THA,NZL,0.0
THA,OMN,0.0
THA,PAK,0.0
THA,PAN,0.0
THA,PER,0.0
THA,PHL,0.0
THA,PNG,0.0
THA,POL,0.0
THA,PRY,0.0
THA,PYF,0.0
THA,QAT,0.0
THA,ROU,0.0
THA,RUS,0.0
THA,S19,0.0
THA,SAU,0.0
THA,SGP,0.0
THA,SLB,0.0
THA,SLV,0.0
THA,SOM,0.0
THA,SRB,0.0
THA,SVK,0.0
THA,SVN,0.0
THA,SWE,0.0
THA,SYC,0.0
THA,TGO,0.0
THA,TJK,0.0
THA,TLS,0.0
THA,TUN,0.0
THA,TUR,0.0
THA,TZA,0.0
THA,UGA,0.0
THA,UKR,0.0
THA,USA,0.0
THA,UZB,0.0
THA,VNM,0.0
THA,VUT,0.0
THA,ZAF,0.0
THA,ZWE,0.0
TKM,AZE,0.0
TKM,BGR,0.0
TKM,CHN,0.0
TKM,COL,0.0
TKM,CZE,0.0
TKM,ECU,0.0
TKM,GRC,0.0
TKM,IND,0.0
TKM,ITA,0.0
TKM,KAZ,0.0
TKM,KGZ,0.0
TKM,MAR,0.0
TKM,POL,0.0
TKM,ROU,0.0
TKM,SGP,0.0
TKM,TUR,0.0
TKM,UKR,0.0
TKM,UZB,0.0
TLS,KOR,0.0
TLS,SGP,0.0
TLS,THA,0.0
TON,FJI,0.0
TON,GMB,0.0
TON,NLD,0.0
TON,SGP,0.0
TTO,ARG,0.0
TTO,BEL,0.0
TTO,BHS,0.0
TTO,BMU,0.0
TTO,BRB,0.0
TTO,CAN,0.0
TTO,CHL,0.0
TTO,CHN,0.0
TTO,COL,0.0
TTO,CRI,0.0
TTO,DOM,0.0
TTO,ESP,0.0
TTO,FRA,0.0
TTO,GBR,0.0
TTO,GTM,0.0
TTO,HND,0.0
TTO,HRV,0.0
TTO,IND,0.0
TTO,ITA,0.0
TTO,JPN,0.0
TTO,KOR,0.0
TTO,LTU,0.0
TTO,MLT,0.0
TTO,NIC,0.0
TTO,NLD,0.0
TTO,PER,0.0
TTO,PRT,0.0
TTO,SGP,0.0
TTO,SLV,0.0
TTO,SRB,0.0
TTO,SYC,0.0
TTO,THA,0.0
TTO,USA,0.0
TUN,ALB,0.0
TUN,AUT,0.0
TUN,BEL,0.0
TUN,BFA,0.0
TUN,BGR,0.0
TUN,CHE,0.0
TUN,CHN,0.0
TUN,CIV,0.0
TUN,CMR,0.0
TUN,CZE,0.0
TUN,DEU,0.0
TUN,DZA,0.0
TUN,EGY,0.0
TUN,ESP,0.0
TUN,FRA,0.0
TUN,GAB,0.0
TUN,GBR,0.0
TUN,GHA,0.0
TUN,GRC,0.0
TUN,GTM,0.0
TUN,HKG,0.0
TUN,HRV,0.0
TUN,IND,0.0
TUN,ITA,0.0
TUN,LBY,0.0
TUN,MAR,0.0
TUN,MDA,0.0
TUN,MKD,0.0
TUN,MLT,0.0
TUN,MRT,0.0
TUN,MYS,0.0
TUN,NER,0.0
TUN,NLD,0.0
TUN,NOR,0.0
TUN,PAK,0.0
TUN,POL,0.0
TUN,QAT,0.0
TUN,ROU,0.0
TUN,S19,0.0
TUN,SEN,0.0
TUN,SGP,0.0
TUN,SRB,0.0
TUN,SVN,0.0
TUN,TCD,0.0
TUN,TGO,0.0
TUN,THA,0.0
TUN,TUR,0.0
TUN,TZA,0.0
TUN,UKR,0.0
TUN,USA,0.0
TUR,AFG,0.0
TUR,AGO,0.0
TUR,ALB,0.0
TUR,ARE,0.0
TUR,ARG,0.0
TUR,ARM,0.0
TUR,ATG,0.0
TUR,AUS,0.0
TUR,AUT,0.0
TUR,AZE,0.0
TUR,BEL,0.0
TUR,BEN,0.0
TUR,BFA,0.0
TUR,BGD,0.0
TUR,BGR,0.0
TUR,BHR,0.0
TUR,BHS,0.0
TUR,BIH,0.0
TUR,BLR,0.0
TUR,BLZ,0.0
TUR,BMU,0.0
TUR,BOL,0.0
TUR,BRA,0.0
TUR,BRB,0.0
TUR,BRN,0.0
TUR,CAF,0.0
TUR,CAN,0.0
TUR,CHE,0.0
TUR,CHL,0.0
TUR,CHN,0.0
TUR,CIV,0.0
TUR,CMR,0.0
TUR,COD,0.0
TUR,COG,0.0
TUR,COK,0.0
TUR,COL,0.0
TUR,COM,0.0
TUR,CRI,0.0
TUR,CUB,0.0
TUR,CUW,0.0
TUR,CYM,0.0
TUR,CYP,0.0
TUR,CZE,0.0
TUR,DEU,0.0
TUR,DJI,0.0
TUR,DMA,0.0
TUR,DNK,0.0
TUR,DOM,0.0
TUR,DZA,0.0
TUR,ECU,0.0
TUR,EGY,0.0
TUR,ERI,0.0
TUR,ESP,0.0
TUR,EST,0.0
TUR,ETH,0.0
TUR,FIN,0.0
TUR,FJI,0.0
TUR,FRA,0.0
TUR,GAB,0.0
TUR,GBR,0.0
TUR,GEO,0.0
TUR,GHA,0.0
TUR,GIB,0.0
TUR,GIN,0.0
TUR,GMB,0.0
TUR,GNB,0.0
TUR,GNQ,0.0
TUR,GRC,0.0
TUR,GRD,0.0
TUR,GTM,0.0
TUR,GUY,0.0
TUR,HKG,0.0
TUR,HND,0.0
TUR,HRV,0.0
TUR,HUN,0.0
TUR,IDN,0.0
TUR,IND,0.0
TUR,IRL,0.0
TUR,IRN,0.0
TUR,IRQ,0.0
TUR,ISL,0.0
TUR,ISR,0.0
TUR,ITA,0.0
TUR,JAM,0.0
TUR,JOR,0.0
TUR,JPN,0.0
TUR,KAZ,0.0
TUR,KEN,0.0
TUR,KGZ,0.0
TUR,KHM,0.0
TUR,KNA,0.0
TUR,KOR,0.0
TUR,KWT,0.0
TUR,LBN,0.0
TUR,LBR,0.0
TUR,LBY,0.0
TUR,LCA,0.0
TUR,LKA,0.0
TUR,LTU,0.0
TUR,LUX,0.0
TUR,LVA,0.0
TUR,MAR,0.0
TUR,MDA,0.0
TUR,MDG,0.0
TUR,MDV,0.0
TUR,MEX,0.0
TUR,MHL,0.0
TUR,MKD,0.0
TUR,MLI,0.0
TUR,MLT,0.0
TUR,MMR,0.0
TUR,MNE,0.0
TUR,MNG,0.0
TUR,MNP,0.0
TUR,MOZ,0.0
TUR,MRT,0.0
TUR,MUS,0.0
TUR,MWI,0.0
TUR,MYS,0.0
TUR,NAM,0.0
TUR,NCL,0.0
TUR,NER,0.0
TUR,NGA,0.0
TUR,NIC,0.0
TUR,NIU,0.0
TUR,NLD,0.0
TUR,NOR,0.0
TUR,NPL,0.0
TUR,NZL,0.0
TUR,OMN,0.0
TUR,PAK,0.0
TUR,PAN,0.0
TUR,PER,0.0
TUR,PHL,0.0
TUR,PLW,0.0
TUR,POL,0.0
TUR,PRT,0.0
TUR,PRY,0.0
TUR,PSE,0.0
TUR,PYF,0.0
TUR,QAT,0.0
TUR,ROU,0.0
TUR,RUS,0.0
TUR,RWA,0.0
TUR,S19,0.0
TUR,SAU,0.0
TUR,SDN,0.0
TUR,SEN,0.0
TUR,SGP,0.0
TUR,SLE,0.0
TUR,SLV,0.0
TUR,SMR,0.0
TUR,SOM,0.0
TUR,SRB,0.0
TUR,SSD,0.0
TUR,STP,0.0
TUR,SUR,0.0
TUR,SVK,0.0
TUR,SVN,0.0
TUR,SWE,0.0
TUR,SWZ,0.0
TUR,SYC,0.0
TUR,SYR,0.0
TUR,TGO,0.0
TUR,THA,0.0
TUR,TJK,0.0
TUR,TKM,0.0
TUR,TON,0.0
TUR,TTO,0.0
TUR,TUN,0.0
TUR,TUV,0.0
TUR,TZA,0.0
TUR,UGA,0.0
TUR,UKR,0.0
TUR,URY,0.0
TUR,USA,0.0
TUR,UZB,0.0
TUR,VCT,0.0
TUR,VEN,0.0
TUR,VGB,0.0
TUR,VNM,0.0
TUR,VUT,0.0
TUR,YEM,0.0
TUR,ZAF,0.0
TUR,ZMB,0.0
TUR,ZWE,0.0
TUV,FJI,0.0
TUV,THA,0.0
TUV,ZAF,0.0
TZA,ARE,0.0
TZA,BDI,0.0
TZA,BEL,0.0
TZA,CIV,0.0
TZA,COD,0.0
TZA,COG,0.0
TZA,COM,0.0
TZA,DJI,0.0
TZA,EGY,0.0
TZA,ETH,0.0
TZA,FRA,0.0
TZA,IND,0.0
TZA,ISL,0.0
TZA,KEN,0.0
TZA,MLT,0.0
TZA,MOZ,0.0
TZA,MUS,0.0
TZA,MWI,0.0
TZA,NLD,0.0
TZA,RWA,0.0
TZA,SGP,0.0
TZA,SLE,0.0
TZA,SOM,0.0
TZA,SSD,0.0
TZA,TUR,0.0
TZA,UGA,0.0
TZA,ZAF,0.0
TZA,ZMB,0.0
TZA,ZWE,0.0
UGA,AGO,0.0
UGA,ARE,0.0
UGA,BDI,0.0
UGA,BEL,0.0
UGA,CHE,0.0
UGA,CHN,0.0
UGA,COD,0.0
UGA,COG,0.0
UGA,CZE,0.0
UGA,DEU,0.0
UGA,DZA,0.0
UGA,ESP,0.0
UGA,ETH,0.0
UGA,FRA,0.0
UGA,GAB,0.0
UGA,GBR,0.0
UGA,HKG,0.0
UGA,ISL,0.0
UGA,ITA,0.0
UGA,KEN,0.0
UGA,KWT,0.0
UGA,MDG,0.0
UGA,MLT,0.0
UGA,NGA,0.0
UGA,POL,0.0
UGA,RWA,0.0
UGA,SDN,0.0
UGA,SOM,0.0
UGA,SSD,0.0
UGA,TUR,0.0
UGA,TZA,0.0
UGA,UKR,0.0
UGA,USA,0.0
UGA,ZAF,0.0
UGA,ZMB,0.0
UGA,ZWE,0.0
UKR,AGO,0.0
UKR,ALB,0.0
UKR,ARE,0.0
UKR,ARG,0.0
UKR,ARM,0.0
UKR,AUS,0.0
UKR,AZE,0.0
UKR,BEL,0.0
UKR,BGR,0.0
UKR,BRN,0.0
UKR,CAF,0.0
UKR,CAN,0.0
UKR,CHL,0.0
UKR,CHN,0.0
UKR,CIV,0.0
UKR,CMR,0.0
UKR,COD,0.0
UKR,COM,0.0
UKR,CYP,0.0
UKR,CZE,0.0
UKR,DEU,0.0
UKR,DOM,0.0
UKR,DZA,0.0
UKR,ECU,0.0
UKR,EGY,0.0
UKR,ESP,0.0
UKR,EST,0.0
UKR,FIN,0.0
UKR,FRA,0.0
UKR,GBR,0.0
UKR,GEO,0.0
UKR,GHA,0.0
UKR,GIB,0.0
UKR,GNQ,0.0
UKR,HRV,0.0
UKR,HUN,0.0
UKR,IND,0.0
UKR,IRL,0.0
UKR,IRQ,0.0
UKR,ISL,0.0
UKR,ISR,0.0
UKR,ITA,0.0
UKR,JOR,0.0
UKR,JPN,0.0
UKR,KAZ,0.0
UKR,KEN,0.0
UKR,KGZ,0.0
UKR,KHM,0.0
UKR,KNA,0.0
UKR,KOR,0.0
UKR,KWT,0.0
UKR,LBN,0.0
UKR,LBR,0.0
UKR,LBY,0.0
UKR,LTU,0.0
UKR,LVA,0.0
UKR,MDA,0.0
UKR,MEX,0.0
UKR,MHL,0.0
UKR,MKD,0.0
UKR,MMR,0.0
UKR,MRT,0.0
UKR,MUS,0.0
UKR,MYS,0.0
UKR,NAM,0.0
UKR,NGA,0.0
UKR,NLD,0.0
UKR,NOR,0.0
UKR,NZL,0.0
UKR,PAK,0.0
UKR,PAN,0.0
UKR,PER,0.0
UKR,PHL,0.0
UKR,PLW,0.0
UKR,POL,0.0
UKR,PRT,0.0
UKR,QAT,0.0
UKR,ROU,0.0
UKR,S19,0.0
UKR,SAU,0.0
UKR,SEN,0.0
UKR,SGP,0.0
UKR,SLE,0.0
UKR,SLV,0.0
UKR,SOM,0.0
UKR,SRB,0.0
UKR,SSD,0.0
UKR,SVK,0.0
UKR,SVN,0.0
UKR,SWE,0.0
UKR,TCD,0.0
UKR,TGO,0.0
UKR,THA,0.0
UKR,TJK,0.0
UKR,TUN,0.0
UKR,TUR,0.0
UKR,TUV,0.0
UKR,TZA,0.0
UKR,UGA,0.0
UKR,URY,0.0
UKR,USA,0.0
UKR,UZB,0.0
UKR,VEN,0.0
UKR,VNM,0.0
UKR,VUT,0.0
UKR,ZAF,0.0
URY,ARG,0.0
URY,BEL,0.0
URY,BOL,0.0
URY,BRA,0.0
URY,CHE,0.0
URY,CHL,0.0
URY,DEU,0.0
URY,FRA,0.0
URY,GTM,0.0
URY,HND,0.0
URY,KOR,0.0
URY,NLD,0.0
URY,PRY,0.0
URY,UGA,0.0
URY,USA,0.0
USA,ABW,0.0
USA,AGO,0.0
USA,AIA,0.0
USA,ALB,0.0
USA,ARE,0.0
USA,ARG,0.0
USA,ARM,0.0
USA,ATG,0.0
USA,AUS,0.0
USA,AUT,0.0
USA,AZE,0.0
USA,BEL,0.0
USA,BEN,0.0
USA,BFA,0.0
USA,BGD,0.0
USA,BGR,0.0
USA,BHR,0.0
USA,BHS,0.0
USA,BIH,0.0
USA,BLZ,0.0
USA,BMU,0.0
USA,BOL,0.0
USA,BRA,0.0
USA,BRB,0.0
USA,BRN,0.0
USA,CAN,0.0
USA,CHE,0.0
USA,CHL,0.0
USA,CHN,0.0
USA,CIV,0.0
USA,CMR,0.0
USA,COD,0.0
USA,COG,0.0
USA,COL,0.0
USA,CRI,0.0
USA,CUB,0.0
USA,CUW,0.0
USA,CXR,0.0
USA,CYM,0.0
USA,CYP,0.0
USA,CZE,0.0
USA,DEU,0.0
USA,DJI,0.0
USA,DMA,0.0
USA,DNK,0.0
USA,DOM,0.0
USA,DZA,0.0
USA,ECU,0.0
USA,EGY,0.0
USA,ESP,0.0
USA,EST,0.0
USA,ETH,0.0
USA,FIN,0.0
USA,FJI,0.0
USA,FRA,0.0
USA,FSM,0.0
USA,GAB,0.0
USA,GBR,0.0
USA,GEO,0.0
USA,GHA,0.0
USA,GIB,0.0
USA,GIN,0.0
USA,GMB,0.0
USA,GNQ,0.0
USA,GRC,0.0
USA,GRD,0.0
USA,GRL,0.0
USA,GTM,0.0
USA,GUY,0.0
USA,HKG,0.0
USA,HND,0.0
USA,HRV,0.0
USA,HTI,0.0
USA,HUN,0.0
USA,IDN,0.0
USA,IND,0.0
USA,IOT,0.0
USA,IRL,0.0
USA,IRQ,0.0
USA,ISL,0.0
USA,ISR,0.0
USA,ITA,0.0
USA,JAM,0.0
USA,JOR,0.0
USA,JPN,0.0
USA,KAZ,0.0
USA,KEN,0.0
USA,KGZ,0.0
USA,KHM,0.0
USA,KNA,0.0
USA,KOR,0.0
USA,KWT,0.0
USA,LAO,0.0
USA,LBN,0.0
USA,LBR,0.0
USA,LBY,0.0
USA,LCA,0.0
USA,LKA,0.0
USA,LTU,0.0
USA,LUX,0.0
USA,LVA,0.0
USA,MAC,0.0
USA,MAR,0.0
USA,MDA,0.0
USA,MDG,0.0
USA,MDV,0.0
USA,MEX,0.0
USA,MHL,0.0
USA,MKD,0.0
USA,MLI,0.0
USA,MLT,0.0
USA,MMR,0.0
USA,MNE,0.0
USA,MNG,0.0
USA,MOZ,0.0
USA,MRT,0.0
USA,MSR,0.0
USA,MUS,0.0
USA,MWI,0.0
USA,MYS,0.0
USA,NAM,0.0
USA,NCL,0.0
USA,NER,0.0
USA,NGA,0.0
USA,NIC,0.0
USA,NLD,0.0
USA,NOR,0.0
USA,NZL,0.0
USA,OMN,0.0
USA,PAK,0.0
USA,PAN,0.0
USA,PER,0.0
USA,PHL,0.0
USA,PLW,0.0
USA,PNG,0.0
USA,POL,0.0
USA,PRT,0.0
USA,PRY,0.0
USA,PYF,0.0
USA,QAT,0.0
USA,ROU,0.0
USA,RUS,0.0
USA,RWA,0.0
USA,S19,0.0
USA,SAU,0.0
USA,SEN,0.0
USA,SGP,0.0
USA,SLB,0.0
USA,SLE,0.0
USA,SLV,0.0
USA,SOM,0.0
USA,SRB,0.0
USA,SUR,0.0
USA,SVK,0.0
USA,SVN,0.0
USA,SWE,0.0
USA,SXM,0.0
USA,SYC,0.0
USA,TCA,0.0
USA,TCD,0.0
USA,TGO,0.0
USA,THA,0.0
USA,TKM,0.0
USA,TTO,0.0
USA,TUN,0.0
USA,TUR,0.0
USA,TZA,0.0
USA,UGA,0.0
USA,UKR,0.0
USA,URY,0.0
USA,UZB,0.0
USA,VCT,0.0
USA,VEN,0.0
USA,VGB,0.0
USA,VNM,0.0
USA,VUT,0.0
USA,WSM,0.0
USA,ZAF,0.0
USA,ZMB,0.0
USA,ZWE,0.0
UZB,AFG,0.0
UZB,ARE,0.0
UZB,AUT,0.0
UZB,AZE,0.0
UZB,BEL,0.0
UZB,BHR,0.0
UZB,BLR,0.0
UZB,CHE,0.0
UZB,CHN,0.0
UZB,COL,0.0
UZB,DEU,0.0
UZB,DNK,0.0
UZB,EGY,0.0
UZB,ESP,0.0
UZB,EST,0.0
UZB,FIN,0.0
UZB,FRA,0.0
UZB,GBR,0.0
UZB,GEO,0.0
UZB,GRC,0.0
UZB,HKG,0.0
UZB,HUN,0.0
UZB,IDN,0.0
UZB,IND,0.0
UZB,IRL,0.0
UZB,IRN,0.0
UZB,ITA,0.0
UZB,KAZ,0.0
UZB,KGZ,0.0
UZB,KOR,0.0
UZB,KWT,0.0
UZB,LTU,0.0
UZB,LUX,0.0
UZB,LVA,0.0
UZB,MLT,0.0
UZB,MNG,0.0
UZB,NLD,0.0
UZB,PAK,0.0
UZB,PER,0.0
UZB,POL,0.0
UZB,QAT,0.0
UZB,ROU,0.0
UZB,RUS,0.0
UZB,SAU,0.0
UZB,SGP,0.0
UZB,SMR,0.0
UZB,SRB,0.0
UZB,SVK,0.0
UZB,SWE,0.0
UZB,TJK,0.0
UZB,TKM,0.0
UZB,TUR,0.0
UZB,UKR,0.0
UZB,USA,0.0
UZB,VGB,0.0
UZB,ZAF,0.0
VCT,IND,0.0
VCT,NAM,0.0
VEN,BRA,0.0
VEN,CAN,0.0
VEN,CHN,0.0
VEN,DOM,0.0
VEN,ESP,0.0
VEN,FRA,0.0
VEN,IND,0.0
VEN,ITA,0.0
VEN,NLD,0.0
VEN,POL,0.0
VEN,SLV,0.0
VEN,USA,0.0
VGB,BOL,0.0
VGB,SWE,0.0
VGB,ZMB,0.0
VGB,ZWE,0.0
VNM,AUS,0.0
VNM,AUT,0.0
VNM,AZE,0.0
VNM,BEL,0.0
VNM,BGR,0.0
VNM,BIH,0.0
VNM,BRN,0.0
VNM,CAN,0.0
VNM,CHE,0.0
VNM,CHL,0.0
VNM,CHN,0.0
VNM,CIV,0.0
VNM,CZE,0.0
VNM,DEU,0.0
VNM,DNK,0.0
VNM,FJI,0.0
VNM,FRA,0.0
VNM,GTM,0.0
VNM,HKG,0.0
VNM,IDN,0.0
VNM,IND,0.0
VNM,IRL,0.0
VNM,ISL,0.0
VNM,JPN,0.0
VNM,KAZ,0.0
VNM,KGZ,0.0
VNM,KHM,0.0
VNM,KOR,0.0
VNM,KWT,0.0
VNM,LKA,0.0
VNM,MKD,0.0
VNM,MMR,0.0
VNM,MNE,0.0
VNM,MUS,0.0
VNM,MYS,0.0
VNM,NAM,0.0
VNM,NIC,0.0
VNM,NLD,0.0
VNM,NOR,0.0
VNM,NZL,0.0
VNM,PER,0.0
VNM,PHL,0.0
VNM,POL,0.0
VNM,S19,0.0
VNM,SAU,0.0
VNM,SGP,0.0
VNM,SRB,0.0
VNM,SVK,0.0
VNM,SVN,0.0
VNM,THA,0.0
VNM,TZA,0.0
VNM,UZB,0.0
VUT,AUS,0.0
VUT,KOR,0.0
VUT,NAM,0.0
WLF,NZL,0.0
WSM,ISL,0.0
ZAF,ABW,0.0
ZAF,AFG,0.0
ZAF,AGO,0.0
ZAF,ARE,0.0
ZAF,ATG,0.0
ZAF,AUS,0.0
ZAF,AUT,0.0
ZAF,BDI,0.0
ZAF,BEL,0.0
ZAF,BEN,0.0
ZAF,BFA,0.0
ZAF,BGD,0.0
ZAF,BGR,0.0
ZAF,BHS,0.0
ZAF,BLZ,0.0
ZAF,BMU,0.0
ZAF,BRA,0.0
ZAF,BRB,0.0
ZAF,BRN,0.0
ZAF,BWA,0.0
ZAF,CAN,0.0
ZAF,CHE,0.0
ZAF,CHL,0.0
ZAF,CHN,0.0
ZAF,CIV,0.0
ZAF,CMR,0.0
ZAF,COD,0.0
ZAF,COG,0.0
ZAF,COL,0.0
ZAF,CPV,0.0
ZAF,CUB,0.0
ZAF,CYM,0.0
ZAF,CYP,0.0
ZAF,CZE,0.0
ZAF,DEU,0.0
ZAF,DJI,0.0
ZAF,DMA,0.0
ZAF,DNK,0.0
ZAF,ECU,0.0
ZAF,EGY,0.0
ZAF,ERI,0.0
ZAF,ESP,0.0
ZAF,ETH,0.0
ZAF,FIN,0.0
ZAF,FRA,0.0
ZAF,GAB,0.0
ZAF,GBR,0.0
ZAF,GHA,0.0
ZAF,GIB,0.0
ZAF,GIN,0.0
ZAF,GMB,0.0
ZAF,GNQ,0.0
ZAF,GRC,0.0
ZAF,HKG,0.0
ZAF,HRV,0.0
ZAF,IDN,0.0
ZAF,IND,0.0
ZAF,IRL,0.0
ZAF,ISL,0.0
ZAF,ISR,0.0
ZAF,ITA,0.0
ZAF,JPN,0.0
ZAF,KAZ,0.0
ZAF,KEN,0.0
ZAF,KNA,0.0
ZAF,KOR,0.0
ZAF,KWT,0.0
ZAF,LBR,0.0
ZAF,LBY,0.0
ZAF,LCA,0.0
ZAF,LKA,0.0
ZAF,LSO,0.0
ZAF,LTU,0.0
ZAF,LUX,0.0
ZAF,MAR,0.0
ZAF,MDA,0.0
ZAF,MDG,0.0
ZAF,MHL,0.0
ZAF,MLI,0.0
ZAF,MLT,0.0
ZAF,MMR,0.0
ZAF,MOZ,0.0
ZAF,MRT,0.0
ZAF,MUS,0.0
ZAF,MWI,0.0
ZAF,MYS,0.0
ZAF,NAM,0.0
ZAF,NER,0.0
ZAF,NGA,0.0
ZAF,NLD,0.0
ZAF,NOR,0.0
ZAF,NZL,0.0
ZAF,PAK,0.0
ZAF,PAN,0.0
ZAF,PHL,0.0
ZAF,PLW,0.0
ZAF,POL,0.0
ZAF,PRT,0.0
ZAF,QAT,0.0
ZAF,RUS,0.0
ZAF,RWA,0.0
ZAF,S19,0.0
ZAF,SAU,0.0
ZAF,SDN,0.0
ZAF,SEN,0.0
ZAF,SGP,0.0
ZAF,SHN,0.0
ZAF,SLE,0.0
ZAF,SLV,0.0
ZAF,SOM,0.0
ZAF,SSD,0.0
ZAF,SVK,0.0
ZAF,SWE,0.0
ZAF,SWZ,0.0
ZAF,SYC,0.0
ZAF,TGO,0.0
ZAF,THA,0.0
ZAF,TUR,0.0
ZAF,TUV,0.0
ZAF,TZA,0.0
ZAF,UGA,0.0
ZAF,URY,0.0
ZAF,USA,0.0
ZAF,VCT,0.0
ZAF,VGB,0.0
ZAF,VNM,0.0
ZAF,VUT,0.0
ZAF,ZMB,0.0
ZAF,ZWE,0.0
ZMB,BWA,0.0
ZMB,COD,0.0
ZMB,DEU,0.0
ZMB,IND,0.0
ZMB,ISL,0.0
ZMB,MOZ,0.0
ZMB,MWI,0.0
ZMB,NAM,0.0
ZMB,RWA,0.0
ZMB,TZA,0.0
ZMB,UGA,0.0
ZMB,ZAF,0.0
ZMB,ZWE,0.0
ZWE,MOZ,0.0
ZWE,NLD,0.0
ZWE,SOM,0.0
ZWE,ZAF,0.0
ZWE,ZMB,0.0
