exporter_iso3,importer_iso3,quantity_tons
ABW,BEL,0.001
ABW,KOR,259.52
ABW,NLD,0.20700000000000002
ABW,SAU,53.101
AFG,BFA,0.069
AFG,BHR,6.46
AFG,CAN,0.001
AFG,GBR,0.198
AFG,MOZ,1.885
AFG,PAK,708.53
AFG,POL,28.764
AFG,UZB,54995.39
AGO,BEL,11456.438
AGO,BFA,10193.312
AGO,BGR,163.72
AGO,BIH,19.27
AGO,BRA,1742336.95
AGO,CAN,8985.21
AGO,CHN,29196706.5
AGO,CZE,0.043
AGO,DEU,195933.557
AGO,DOM,1920.76
AGO,ESP,3920822.002
AGO,FRA,2880693.045
AGO,GBR,1019044.2779999999
AGO,GIB,1158.7
AGO,GRC,3069.351
AGO,HRV,982.066
AGO,IDN,2946860.064
AGO,IND,7750072.195
AGO,ISR,950.514
AGO,ITA,1123169.41
AGO,MAR,129.6
AGO,MUS,57964.6
AGO,MYS,676409.578
AGO,NAM,585.291
AGO,NLD,1297524.128
AGO,POL,18.76
AGO,PRT,129247.077
AGO,S19,21143.639
AGO,SGP,1125441.0
AGO,SRB,79.95
AGO,THA,795356.029
AGO,TUR,3735.86
AGO,USA,3405232.0
AGO,VNM,2976.45
AGO,ZAF,1264183.25
AIA,PER,0.019
AIA,PRY,2077.07
ALB,AUT,18.089
ALB,BEL,1.199
ALB,BGR,616.753
ALB,BHR,0.72
ALB,BIH,975.275
ALB,BLZ,26.273
ALB,CAN,0.019
ALB,CHE,0.004
ALB,CHN,0.146
ALB,CIV,978.201
ALB,CYP,12.288
ALB,CZE,4.187
ALB,DEU,2212.883
ALB,DNK,92.127
ALB,ECU,0.041
ALB,ESP,225067.482
ALB,EST,0.442
ALB,FIN,0.022
ALB,FRA,656.726
ALB,GBR,22.859999999999996
ALB,GRC,7336.283
ALB,HRV,905.332
ALB,IRL,1.184
ALB,ISR,628.212
ALB,ITA,33278.57
ALB,LKA,10.84
ALB,LTU,75.947
ALB,LUX,54.98
ALB,MAR,38.467
ALB,MKD,6409.84
ALB,MLT,507.744
ALB,MNE,15534.121
ALB,NLD,6346.844
ALB,PAN,64.721
ALB,POL,107.693
ALB,PRT,96.10399999999998
ALB,ROU,291.98199999999997
ALB,SAU,212.713
ALB,SEN,28.48
ALB,SRB,597.062
ALB,SVK,2.131
ALB,SVN,6.4399999999999995
ALB,SWE,373.856
ALB,THA,0.001
ALB,TUN,332.756
ALB,TUR,582.649
ALB,UKR,67.317
ALB,UZB,0.015
ALB,ZAF,10.0
AND,CAN,0.039
AND,ESP,0.03
AND,FRA,4.378
AND,ITA,0.023
AND,POL,0.008
AND,SLV,3148.24
ARE,AGO,16954.709
ARE,ARG,325093.282
ARE,ARM,20232.665
ARE,AUS,1102784.608
ARE,AUT,334.94
ARE,AZE,2337.411
ARE,BEL,252142.09300000002
ARE,BEN,5014.398999999999
ARE,BFA,49875.594999999994
ARE,BGR,33630.04
ARE,BHR,15718.762
ARE,BIH,20.503
ARE,BLZ,17.903
ARE,BOL,70.229
ARE,BRA,692263.139
ARE,BRB,92.201
ARE,BRN,921572.941
ARE,CAF,2171.11
ARE,CAN,48404.140999999996
ARE,CHE,832.626
ARE,CHL,1396.428
ARE,CHN,47458012.92
ARE,CIV,19861.420000000002
ARE,COL,1765.352
ARE,CRI,605.034
ARE,CYP,855.173
ARE,DEU,1289874.741
ARE,DNK,157592.132
ARE,DOM,21470.87
ARE,ECU,1899.321
ARE,EGY,524704.943
ARE,ESP,331481.166
ARE,FIN,5526.708
ARE,FJI,326.032
ARE,FRA,3240172.75
ARE,GBR,2685525.0919999997
ARE,GMB,2584.215
ARE,GRC,1293.717
ARE,GTM,3755.123
ARE,HKG,141.0
ARE,HND,731.614
ARE,HUN,32.156
ARE,IDN,1726172.263
ARE,IND,35508939.403
ARE,IRL,248300.382
ARE,ISL,416.338
ARE,ISR,197647.263
ARE,ITA,1158009.761
ARE,JPN,55386729.285
ARE,KAZ,2119.274
ARE,KEN,2674770.452
ARE,KGZ,726.962
ARE,KHM,1609.17
ARE,KOR,26573233.992
ARE,KWT,38285.695
ARE,LKA,1898274.658
ARE,LSO,430.434
ARE,LTU,505.64
ARE,LUX,0.001
ARE,LVA,24906.687
ARE,MAR,454805.123
ARE,MDA,49729.848
ARE,MDG,190223.581
ARE,MDV,442735.946
ARE,MEX,1424.6
ARE,MKD,237.03
ARE,MLT,13.17
ARE,MMR,7257.802
ARE,MOZ,360763.27099999995
ARE,MRT,764011.089
ARE,MUS,1084848.1360000002
ARE,MWI,51273.708
ARE,MYS,6167004.03
ARE,NAM,243219.947
ARE,NER,158.61399999999998
ARE,NGA,490033.555
ARE,NIC,20.289
ARE,NLD,833349.217
ARE,NOR,320293.60699999996
ARE,NZL,1035.57
ARE,PAK,7899791.072
ARE,PAN,542.328
ARE,PER,3959.005
ARE,PHL,2228464.394
ARE,POL,90171.374
ARE,PRT,13.376
ARE,PRY,180192.784
ARE,QAT,63302.467000000004
ARE,ROU,5044.334
ARE,S19,6884123.881
ARE,SAU,2526930.688
ARE,SEN,725203.9
ARE,SGP,18717961.02
ARE,SLV,620.677
ARE,SRB,5503.423
ARE,SVK,0.02
ARE,SVN,75871.27
ARE,SWE,32817.098
ARE,SYC,381793.89400000003
ARE,THA,153317395.4
ARE,TUN,7326.525
ARE,TUR,388317.657
ARE,TZA,1868698.2659999998
ARE,UGA,1167235.4989999998
ARE,UKR,86952.9
ARE,URY,35570.002
ARE,USA,2967636.27
ARE,UZB,2385.33
ARE,ZAF,3568763.357
ARE,ZMB,384966.285
ARE,ZWE,6147.873
ARG,AUS,93026.565
ARG,BEL,0.043
ARG,BFA,2494.581
ARG,BGR,0.009
ARG,BLZ,2.567
ARG,BOL,331624.897
ARG,BRA,1643150.888
ARG,CAN,0.007
ARG,CHL,6687302.236
ARG,CHN,31280.0
ARG,COL,7.779
ARG,DEU,1.416
ARG,DOM,4099.23
ARG,ECU,173.385
ARG,ESP,0.061
ARG,FRA,4581.313
ARG,GTM,23.797
ARG,HND,20.772
ARG,HUN,0.004
ARG,IND,21193.02
ARG,ISL,30.561
ARG,ITA,0.038
ARG,KEN,6666.24
ARG,KOR,0.041
ARG,MYS,149373.0
ARG,NER,92.06
ARG,NGA,12.8
ARG,NIC,32.515
ARG,NLD,238355.05299999999
ARG,PAN,87125.4
ARG,PER,593200.636
ARG,PRY,237371.809
ARG,SEN,4100.55
ARG,SGP,265791.0
ARG,SWE,0.294
ARG,THA,0.06
ARG,TUR,5.079
ARG,TZA,3.4
ARG,UGA,16.0
ARG,URY,519224.77999999997
ARG,USA,3565411.974
ARG,ZAF,5576.9
ARG,ZMB,137.52
ARM,BGR,0.034
ARM,BLR,20.846
ARM,CAN,0.02
ARM,CZE,0.001
ARM,DEU,0.012
ARM,FRA,0.061
ARM,GEO,0.436
ARM,IRN,503.29100000000005
ARM,RUS,101.176
ARM,ZAF,0.062
ASM,IDN,0.001
ASM,NER,1.5
ASM,SEN,1500.0
ATG,BHS,7060.713
ATG,BMU,2134.35
ATG,DOM,8564.17
ATG,FRA,747.878
ATG,ITA,0.279
ATG,MUS,11650.3
ATG,NLD,0.241
ATG,SEN,25.6
ATG,USA,1784.775
ATG,ZAF,183.823
AUS,ARE,578114.032
AUS,ARG,0.002
AUS,AUT,3074.439
AUS,AZE,3.87
AUS,BEL,0.122
AUS,BFA,0.088
AUS,BGR,0.211
AUS,BHR,0.3
AUS,BIH,0.027
AUS,BRA,15.520999999999999
AUS,BRN,845770.941
AUS,CAN,23.689
AUS,CCK,155.43
AUS,CHE,0.014
AUS,CHL,36.568
AUS,CHN,27565068.738
AUS,CIV,7.107
AUS,COK,20.0
AUS,COL,2.541
AUS,CXR,24068.216
AUS,CYP,0.001
AUS,CZE,0.453
AUS,DEU,10.184
AUS,DNK,1.531
AUS,ECU,0.981
AUS,EGY,18.268
AUS,ESP,29.003
AUS,EST,0.018
AUS,FIN,0.015
AUS,FJI,22570.289
AUS,FRA,39013.357
AUS,GAB,3.456
AUS,GBR,9208.798
AUS,GEO,0.006
AUS,GHA,21.49
AUS,GRC,0.122
AUS,HKG,139815.723
AUS,HRV,0.007
AUS,HUN,0.007
AUS,IDN,1185154.793
AUS,IND,145885.064
AUS,IRL,0.247
AUS,ISL,154.11
AUS,ISR,0.049
AUS,ITA,0.001
AUS,JPN,26794939.455000002
AUS,KEN,23928.339
AUS,KHM,270.974
AUS,KIR,62.95
AUS,KOR,14603347.283
AUS,KWT,0.125
AUS,LAO,3.0359999999999996
AUS,LKA,162.912
AUS,LUX,513.993
AUS,MAR,0.45
AUS,MDA,0.324
AUS,MDV,4452.101000000001
AUS,MEX,0.04
AUS,MHL,0.012
AUS,MMR,176.865
AUS,MNE,0.02
AUS,MNG,0.342
AUS,MUS,7003.011
AUS,MYS,3545607.119
AUS,NAM,6.603
AUS,NCL,14488.914999999999
AUS,NFK,7.85
AUS,NGA,0.012
AUS,NIC,4.325
AUS,NLD,50046.529
AUS,NOR,4.055
AUS,NPL,5310.529
AUS,NRU,65.268
AUS,NZL,129475.37199999999
AUS,PAK,12.0
AUS,PER,16.974
AUS,PHL,493181.561
AUS,PNG,63980.395000000004
AUS,POL,34.627
AUS,PRT,145.8
AUS,PYF,14872.999
AUS,S19,8206250.333
AUS,SAU,32.903999999999996
AUS,SEN,0.172
AUS,SGP,5998428.935
AUS,SLB,160.14999999999998
AUS,SLV,9245.172999999999
AUS,SRB,0.017
AUS,SVK,0.021
AUS,SVN,0.104
AUS,SWE,24.906
AUS,THA,3483881.117
AUS,TLS,3716.502
AUS,TON,2312.317
AUS,TUN,0.206
AUS,TUR,30.432
AUS,TUV,0.114
AUS,TZA,2774.509
AUS,UGA,1.193
AUS,URY,0.001
AUS,USA,16614.960000000003
AUS,VNM,95322.897
AUS,VUT,12222.673
AUS,WLF,0.603
AUS,WSM,1629.798
AUS,ZAF,2283.369
AUS,ZMB,0.519
AUT,ALB,121.7
AUT,AND,0.007
AUT,ARE,632.877
AUT,ARG,1.14
AUT,ARM,4.327
AUT,AUS,1.883
AUT,AZE,11.711
AUT,BEL,10158.42
AUT,BFA,0.289
AUT,BGD,0.008
AUT,BGR,889.056
AUT,BHR,7.099
AUT,BHS,0.013
AUT,BIH,3376.5060000000003
AUT,BLR,23.076
AUT,BOL,0.426
AUT,BRA,4.135
AUT,CAN,12.688
AUT,CHE,60135.963
AUT,CHL,0.166
AUT,CHN,769.7249999999999
AUT,COD,0.059
AUT,COL,2.477
AUT,CRI,0.057
AUT,CUB,0.01
AUT,CYP,0.046
AUT,CZE,299369.252
AUT,DEU,275961.733
AUT,DJI,0.001
AUT,DMA,0.025
AUT,DNK,150.39499999999998
AUT,DOM,0.013
AUT,DZA,0.043
AUT,ECU,0.045
AUT,EGY,15.666
AUT,ERI,0.3
AUT,ESP,83.261
AUT,EST,94.44800000000001
AUT,FIN,1008.861
AUT,FRA,1368.888
AUT,GBR,22.204
AUT,GEO,2.204
AUT,GHA,4.0
AUT,GIN,0.185
AUT,GRC,4420.853
AUT,GTM,0.941
AUT,HKG,21.006
AUT,HND,0.02
AUT,HRV,16313.273
AUT,HUN,989434.1320000001
AUT,IDN,0.285
AUT,IND,49.616
AUT,IRL,138.364
AUT,IRN,134.226
AUT,IRQ,163.934
AUT,ISL,171.376
AUT,ISR,44.056
AUT,ITA,44674.600999999995
AUT,JAM,0.004
AUT,JOR,56.387
AUT,JPN,1.343
AUT,KAZ,9.428
AUT,KEN,0.237
AUT,KGZ,0.258
AUT,KOR,0.866
AUT,KWT,4.577
AUT,LAO,0.047
AUT,LBN,38.52
AUT,LBY,8.517
AUT,LKA,0.1
AUT,LTU,172.952
AUT,LUX,3.207
AUT,LVA,28.342000000000002
AUT,MAC,0.155
AUT,MAR,21.105
AUT,MDA,29495.547000000002
AUT,MDG,0.002
AUT,MDV,0.809
AUT,MEX,84.314
AUT,MKD,32.636
AUT,MLT,26.298
AUT,MNE,48.012
AUT,MRT,0.289
AUT,MUS,0.153
AUT,MYS,0.668
AUT,NAM,0.66
AUT,NCL,0.001
AUT,NGA,0.209
AUT,NIC,0.079
AUT,NLD,647.302
AUT,NOR,12.555
AUT,NPL,0.013
AUT,NZL,0.123
AUT,OMN,0.005
AUT,PAK,0.459
AUT,PAN,0.014
AUT,PER,0.163
AUT,PHL,0.146
AUT,POL,2723.116
AUT,PRT,26.718
AUT,PSE,33.183
AUT,QAT,0.814
AUT,ROU,8162.275000000001
AUT,RWA,0.003
AUT,S19,94.6
AUT,SAU,0.689
AUT,SEN,0.239
AUT,SGP,6.396
AUT,SLV,0.044
AUT,SMR,0.006
AUT,SRB,446.03499999999997
AUT,SVK,292421.002
AUT,SVN,512537.29000000004
AUT,SWE,721.3470000000001
AUT,SXM,0.003
AUT,SYC,1.508
AUT,THA,24.558
AUT,TJK,12.315
AUT,TKM,216.114
AUT,TTO,0.009
AUT,TUN,3.383
AUT,TUR,204.09099999999998
AUT,TZA,0.004
AUT,UGA,0.02
AUT,UKR,24869.335000000003
AUT,URY,0.145
AUT,USA,144.204
AUT,UZB,62.956
AUT,VEN,0.026
AUT,VNM,1.015
AUT,YEM,0.005
AUT,ZAF,0.27
AUT,ZMB,0.015
AUT,ZWE,0.03
AZE,ABW,5.007
AZE,AFG,40.446
AZE,ALB,20.0
AZE,ARE,4758.72
AZE,ARG,179.76
AZE,AUS,60432.7
AZE,AUT,94696.033
AZE,BEL,9894.845
AZE,BGR,1054673.289
AZE,BHR,21.943
AZE,BLR,712.181
AZE,BMU,31.33
AZE,BRA,153.031
AZE,CAN,64.306
AZE,CHE,35.721
AZE,CHN,476.594
AZE,COL,332.513
AZE,CYM,26.842
AZE,CYP,3490.34
AZE,CZE,1808263.762
AZE,DEU,1185266.841
AZE,DNK,6.99
AZE,DOM,22.838
AZE,DZA,2413.71
AZE,ECU,440.86
AZE,EGY,76.822
AZE,ESP,245000.107
AZE,EST,236.303
AZE,FIN,0.344
AZE,FRA,164679.747
AZE,GBR,660577.043
AZE,GEO,2519906.527
AZE,GMB,2.61
AZE,GRC,1454077.4959999998
AZE,HRV,1540553.055
AZE,HUN,4820.979
AZE,IDN,312980.849
AZE,IND,1165075.1909999999
AZE,IRL,230599.624
AZE,IRN,2.233
AZE,IRQ,5461.15
AZE,ISL,26.785
AZE,ISR,1174194.165
AZE,ITA,17442092.324
AZE,JOR,190.397
AZE,KAZ,550.532
AZE,KEN,24.087
AZE,KGZ,42.467
AZE,KOR,23.515
AZE,KWT,31.832
AZE,LBN,1155.71
AZE,LBY,1015.18
AZE,LTU,8.781
AZE,LUX,33872.1
AZE,LVA,17.597
AZE,MAR,31763.629
AZE,MDA,1605.118
AZE,MLT,35184.37
AZE,MNG,8.887
AZE,NGA,2.961
AZE,NLD,169305.533
AZE,NOR,7505.657
AZE,NZL,24.19
AZE,PAK,204.567
AZE,PER,41.98
AZE,POL,91019.571
AZE,PRT,1029821.7030000001
AZE,QAT,554.386
AZE,ROU,754765.318
AZE,RUS,10582.3
AZE,S19,40.25
AZE,SAU,599.472
AZE,SGP,63369.6
AZE,SMR,106.459
AZE,SRB,347082.85400000005
AZE,SVK,166240.012
AZE,SVN,4.121
AZE,THA,377566.706
AZE,TJK,46.776
AZE,TKM,473.929
AZE,TUN,504253.219
AZE,TUR,8493476.674
AZE,UKR,81748.131
AZE,URY,145899.455
AZE,USA,269.287
AZE,UZB,1278.441
AZE,VNM,138495.0
AZE,YEM,39.596
AZE,ZAF,224.087
BDI,MYS,0.438
BEL,ABW,0.418
BEL,AFG,1.217
BEL,AGO,368217.03599999996
BEL,ALB,831.558
BEL,AND,2.698
BEL,ARE,6967.826
BEL,ARG,138459.56
BEL,ARM,298.544
BEL,ATG,0.333
BEL,AUS,332092.363
BEL,AUT,88631.178
BEL,AZE,7054.141
BEL,BDI,27.317
BEL,BEN,11315.037
BEL,BES,0.03
BEL,BFA,42078.655
BEL,BGD,143.121
BEL,BGR,9897.413999999999
BEL,BHR,470.88
BEL,BHS,415.18
BEL,BIH,1788.0169999999998
BEL,BLR,687.772
BEL,BLZ,0.02
BEL,BOL,173393.603
BEL,BRA,5727.525
BEL,BRB,0.36
BEL,BRN,29.447
BEL,BWA,59.158
BEL,CAF,2230.575
BEL,CAN,621985.614
BEL,CHE,356497.049
BEL,CHL,1288.3
BEL,CHN,6428.924
BEL,CIV,823537.044
BEL,CMR,304584.611
BEL,COD,16271.688
BEL,COG,270.3
BEL,COL,153023.444
BEL,COM,1.946
BEL,CPV,889.012
BEL,CRI,1251.952
BEL,CUB,31996.497
BEL,CUW,16811.418
BEL,CYP,1101.8419999999999
BEL,CZE,37559.096
BEL,DEU,16752028.979
BEL,DJI,0.546
BEL,DNK,301158.668
BEL,DOM,33885.17
BEL,DZA,11399.525
BEL,ECU,453.26899999999995
BEL,EGY,77782.462
BEL,ESP,362578.20399999997
BEL,EST,62719.71
BEL,ETH,3.221
BEL,FIN,199612.583
BEL,FRA,6934198.559
BEL,GAB,30890.5
BEL,GBR,2453290.778
BEL,GEO,809.512
BEL,GHA,433166.677
BEL,GIB,34778.263
BEL,GIN,112048.381
BEL,GMB,7518.767
BEL,GNB,51.416
BEL,GNQ,309.807
BEL,GRC,12411.699
BEL,GRL,8.006
BEL,GTM,1071.794
BEL,GUY,18.868
BEL,HKG,421.695
BEL,HND,63.041
BEL,HRV,11343.332
BEL,HTI,24.507
BEL,HUN,18851.347
BEL,IDN,1185.7830000000001
BEL,IND,84840.531
BEL,IRL,489792.17
BEL,IRN,0.198
BEL,IRQ,2479.733
BEL,ISL,7108.59
BEL,ISR,18344.035000000003
BEL,ITA,393530.077
BEL,JAM,19791.51
BEL,JOR,1340.916
BEL,JPN,10395.518
BEL,KAZ,9500.664
BEL,KEN,251395.068
BEL,KGZ,2022.977
BEL,KHM,34.869
BEL,KOR,60752.634
BEL,KWT,6275.528
BEL,LBN,53197.296
BEL,LBR,328.59299999999996
BEL,LBY,459704.647
BEL,LKA,107.287
BEL,LTU,41955.354999999996
BEL,LUX,2040975.471
BEL,LVA,19487.122
BEL,MAR,87368.726
BEL,MDA,1384.8609999999999
BEL,MDG,17.392999999999997
BEL,MDV,0.377
BEL,MEX,718.2349999999999
BEL,MKD,923.273
BEL,MLI,287.628
BEL,MLT,37125.771
BEL,MMR,13.543
BEL,MNE,1711.441
BEL,MNG,340.284
BEL,MOZ,199785.113
BEL,MRT,230797.422
BEL,MUS,147.568
BEL,MWI,17.64
BEL,MYS,1719.832
BEL,NAM,73254.431
BEL,NCL,157.765
BEL,NER,1471.42
BEL,NGA,4958942.283000001
BEL,NIC,42.547
BEL,NLD,14890471.581
BEL,NOR,431525.73699999996
BEL,NPL,0.777
BEL,NZL,769.842
BEL,OMN,739.596
BEL,PAK,390.927
BEL,PAN,96.026
BEL,PER,74535.052
BEL,PHL,132.714
BEL,PNG,0.243
BEL,POL,248418.388
BEL,PRT,99198.068
BEL,PRY,44692.729
BEL,PSE,321.196
BEL,PYF,145.257
BEL,QAT,14862.833
BEL,ROU,41515.33
BEL,RWA,11.338
BEL,S19,369431.33
BEL,SAU,79348.39
BEL,SDN,0.086
BEL,SEN,522226.028
BEL,SGP,129376.43400000001
BEL,SLE,638.815
BEL,SLV,518.503
BEL,SRB,8730.558
BEL,SSD,35.428
BEL,SUR,0.256
BEL,SVK,2646.047
BEL,SVN,52748.922
BEL,SWE,254635.09100000001
BEL,SWZ,0.025
BEL,SXM,26.696
BEL,SYC,1.513
BEL,SYR,72.039
BEL,TCD,212.822
BEL,TGO,365395.805
BEL,THA,634.8770000000001
BEL,TJK,130.917
BEL,TKM,1103.05
BEL,TTO,70207.644
BEL,TUN,31053.635
BEL,TUR,55348.371999999996
BEL,TZA,93.968
BEL,UGA,29658.448
BEL,UKR,16543.68
BEL,URY,6684.079
BEL,USA,1125912.6679999998
BEL,UZB,358.205
BEL,VEN,50132.573
BEL,VNM,1004.565
BEL,WLF,1.191
BEL,YEM,70.73
BEL,ZAF,335265.962
BEL,ZMB,2339.337
BEL,ZWE,11.659
BEN,BEL,0.005
BEN,BFA,1727.213
BEN,BHS,65.714
BEN,CAN,0.001
BEN,CHN,2899.64
BEN,CIV,1197.4
BEN,DEU,0.008
BEN,DNK,0.001
BEN,ESP,82.732
BEN,FRA,0.173
BEN,IND,10095.6
BEN,ISL,11.82
BEN,KOR,610.99
BEN,KWT,3536.98
BEN,MAR,0.014
BEN,MLI,583.659
BEN,MYS,4802.03
BEN,NER,0.143
BEN,NGA,14360.9
BEN,NLD,0.439
BEN,RUS,1793.26
BEN,SGP,761.0
BEN,TGO,147.938
BES,BEL,0.001
BES,FRA,0.017
BES,NLD,0.235
BFA,ABW,332.982
BFA,BEL,1333.901
BFA,BEN,78.875
BFA,CAF,21.853
BFA,CAN,27.638
BFA,CHE,8.47
BFA,CHN,393.032
BFA,CIV,84.92
BFA,CMR,2.529
BFA,DEU,347.329
BFA,DZA,326.262
BFA,EGY,465.858
BFA,ETH,17318.743
BFA,FRA,84.571
BFA,GAB,119.432
BFA,GHA,2355.115
BFA,IDN,1169.21
BFA,IRN,7.815
BFA,ISL,121.427
BFA,ITA,20.735
BFA,KEN,55.435
BFA,KGZ,78.803
BFA,LBR,3.322
BFA,LBY,26.346
BFA,LTU,9.401
BFA,LUX,0.001
BFA,MAR,2001.334
BFA,MDA,3.602
BFA,MLI,1384.807
BFA,MLT,21.497
BFA,MOZ,5.224
BFA,MRT,18.65
BFA,NER,2106.311
BFA,NGA,5.393
BFA,NLD,37.391
BFA,POL,13.259
BFA,PRK,10.683
BFA,RUS,1559.87
BFA,SAU,338.458
BFA,SDN,0.581
BFA,SEN,322.356
BFA,SMR,49.498
BFA,SWE,3.529
BFA,TGO,283.83
BFA,TUN,613.045
BFA,TUR,8133.161
BFA,TZA,1.44
BFA,UKR,106.603
BFA,USA,1908.683
BFA,ZAF,111.986
BGD,AUT,72.319
BGD,BEL,0.01
BGD,CAN,0.041
BGD,CHE,98.5
BGD,DNK,0.001
BGD,FRA,8.437
BGD,GBR,5.494
BGD,GTM,1.987
BGD,IND,258.53
BGD,ISL,22.575
BGD,JPN,3.588
BGD,KGZ,22.67
BGD,KOR,5.23
BGD,LUX,0.001
BGD,MYS,109644.69
BGD,NLD,1.078
BGD,SGP,1809.51
BGD,SRB,0.012
BGD,THA,1416.87
BGR,AGO,42.55
BGR,ALB,103693.12700000001
BGR,ARE,86.496
BGR,ARM,22613.519
BGR,ATG,0.55
BGR,AUS,0.015
BGR,AUT,5185.022
BGR,AZE,11560.505
BGR,BEL,22447.549
BGR,BFA,63.222
BGR,BHR,0.258
BGR,BIH,119848.64099999999
BGR,BLR,187.449
BGR,BLZ,24.342
BGR,CHE,0.058
BGR,CHN,0.001
BGR,CIV,0.04
BGR,COD,0.206
BGR,CUB,0.175
BGR,CYP,49.523
BGR,CZE,3851.484
BGR,DEU,19741.935
BGR,DNK,815.864
BGR,DZA,8726.5
BGR,EGY,507019.634
BGR,ESP,788.825
BGR,EST,216.361
BGR,FIN,141.229
BGR,FRA,53416.261
BGR,GBR,22.155
BGR,GEO,253670.455
BGR,GHA,3.704
BGR,GIB,810614.6
BGR,GRC,110491.78700000001
BGR,GTM,0.103
BGR,HKG,0.3
BGR,HND,0.005
BGR,HRV,345539.33
BGR,HUN,44092.102
BGR,IDN,0.038
BGR,IRL,34914.31
BGR,IRN,140.31
BGR,IRQ,992.899
BGR,ISL,20.554
BGR,ISR,98.474
BGR,ITA,113596.23
BGR,KAZ,31.707
BGR,KGZ,35.016
BGR,LBN,60027.0
BGR,LTU,87.987
BGR,LUX,170.286
BGR,LVA,108.797
BGR,MAR,4228.141
BGR,MDA,70676.844
BGR,MHL,3.102
BGR,MKD,196682.256
BGR,MLT,41434.182
BGR,MNE,34.377
BGR,MUS,47.683
BGR,NAM,0.007
BGR,NIC,6.081
BGR,NLD,34357.47
BGR,NOR,47.029
BGR,NZL,70.678
BGR,OMN,0.978
BGR,PAN,0.006
BGR,PER,0.074
BGR,PLW,6.631
BGR,POL,3936.4880000000003
BGR,PRT,214.44799999999998
BGR,ROU,1568661.7170000002
BGR,S19,5.691
BGR,SAU,4326.43
BGR,SEN,118962.1
BGR,SGP,40953.265
BGR,SLV,0.106
BGR,SRB,209144.527
BGR,SVK,236.769
BGR,SVN,22965.44
BGR,SWE,1099.619
BGR,THA,1.448
BGR,TUN,73298.966
BGR,TUR,359479.847
BGR,UKR,37731.891
BGR,USA,57257.671
BGR,UZB,108.59
BGR,ZAF,216.749
BGR,ZMB,0.16
BHR,ARE,1258.389
BHR,ARG,24116.778
BHR,AUS,318.92
BHR,BEL,90904.18100000001
BHR,BGD,31.38
BHR,BIH,40.35
BHR,BRA,87215.616
BHR,CAN,0.303
BHR,CHE,286.26
BHR,CHN,25950.27
BHR,DEU,3596.443
BHR,DOM,38.191
BHR,EGY,95298.087
BHR,ESP,28944.0
BHR,FRA,392673.729
BHR,GBR,145359.2
BHR,HKG,62.673
BHR,IDN,162426.65
BHR,IND,294683.113
BHR,ISR,50288.957
BHR,ITA,35499.8
BHR,JPN,333459.27
BHR,KEN,61111.202
BHR,KOR,199661.117
BHR,LKA,50302.3
BHR,LTU,4949.94
BHR,MAR,341801.835
BHR,MDG,7745.94
BHR,MEX,4167.794
BHR,MOZ,138933.6
BHR,MYS,73690.6
BHR,NAM,188230.9
BHR,NLD,12780.036
BHR,PAK,171529.0
BHR,PHL,111359.09
BHR,POL,122.054
BHR,PRY,4109.05
BHR,QAT,0.24
BHR,SAU,119896.428
BHR,SEN,471.889
BHR,SGP,302533.392
BHR,THA,278256.64
BHR,TUN,26.986
BHR,TUR,5143.682
BHR,TZA,6297.972
BHR,UGA,13637.98
BHR,USA,48069.0
BHR,ZAF,1330243.824
BHR,ZMB,364752.37
BHR,ZWE,301328.209
BHS,BEL,0.042
BHS,BFA,3897.338
BHS,BMU,2770.3
BHS,BRA,29671.99
BHS,CAN,0.003
BHS,CYP,0.001
BHS,DOM,94763.068
BHS,ESP,42280.305
BHS,GTM,64041.005
BHS,HND,2279.89
BHS,IND,929.534
BHS,KOR,914.735
BHS,NAM,2858.39
BHS,NLD,1.096
BHS,SAU,150133.5
BHS,SGP,43239.5
BHS,TZA,2437.78
BHS,USA,1051324.79
BHS,ZAF,571.074
BHS,ZMB,105.602
BHS,ZWE,799716.22
BIH,ALB,70.19
BIH,ARE,0.001
BIH,AUT,462.033
BIH,BEL,40.04
BIH,BGR,55.424
BIH,BLR,258.1
BIH,CHN,0.003
BIH,CYP,46.036
BIH,CZE,25.036
BIH,DEU,143.681
BIH,ESP,0.02
BIH,EST,0.144
BIH,FRA,0.004
BIH,GRC,155.678
BIH,HRV,1254.353
BIH,HUN,624.494
BIH,IRL,4.153
BIH,ITA,310.852
BIH,KOR,0.007
BIH,LBY,108.864
BIH,LVA,46.74
BIH,MDA,29.336
BIH,MKD,131.505
BIH,MNE,2194.477
BIH,MUS,0.002
BIH,NAM,0.41
BIH,NLD,40.105
BIH,PER,0.006
BIH,POL,0.012
BIH,SGP,0.12
BIH,SRB,21349.966
BIH,SVK,407.5
BIH,SVN,421.773
BIH,SWE,0.175
BIH,TUR,255.811
BIH,VNM,363.38
BLM,CZE,0.126
BLM,FRA,140.41
BLM,NLD,0.044
BLR,ARM,707.571
BLR,AZE,78551.39
BLR,CHN,22.91
BLR,DEU,0.802
BLR,GTM,44.69
BLR,KAZ,8077.272
BLR,KGZ,4295.9
BLR,LTU,0.085
BLR,LVA,814.0
BLR,TUN,0.558
BLR,TUR,397.677
BLR,USA,1.431
BLR,UZB,13712.37
BLZ,GTM,45.341
BLZ,MEX,3.836
BLZ,SLV,0.007
BLZ,USA,7936.643
BMU,CAN,0.022
BMU,ISL,16.303
BMU,NLD,0.056
BMU,USA,852.556
BMU,ZAF,66.2
BOL,ARG,887147.473
BOL,AUT,1.238
BOL,BGR,0.03
BOL,BRA,3951463.508
BOL,CAN,7.464
BOL,CHE,6.136
BOL,CHL,1008.872
BOL,COL,4007.947
BOL,DOM,2.527
BOL,ECU,2744.736
BOL,ESP,9155.765
BOL,FRA,140.194
BOL,GBR,11.327
BOL,MEX,52.417
BOL,MLT,9.902
BOL,MYS,1.92
BOL,PAN,5421.894
BOL,PER,20275.006
BOL,PRY,20488.422
BOL,URY,13.126
BOL,USA,73.038
BOL,VEN,779.725
BRA,ABW,51.698
BRA,AGO,21641.969
BRA,AIA,16.512
BRA,AND,8.925
BRA,ARE,776750.546
BRA,ARG,100502.528
BRA,ARM,4.415
BRA,ATG,34260.134
BRA,AUS,10712.958
BRA,AUT,29638.387
BRA,AZE,0.096
BRA,BEL,6832.879
BRA,BES,9.966
BRA,BFA,1100.86
BRA,BGD,1128.338
BRA,BGR,0.827
BRA,BHR,0.079
BRA,BHS,165595.53699999998
BRA,BLZ,921.8
BRA,BMU,15774.79
BRA,BOL,21606.968
BRA,BRB,19225.797
BRA,BWA,13.506
BRA,CAN,31757.355
BRA,CHE,9239.275
BRA,CHL,3800363.9749999996
BRA,CHN,40744315.514000006
BRA,CIV,59.371
BRA,CMR,42532.81
BRA,COD,0.003
BRA,COG,16.245
BRA,COK,5913.035
BRA,COL,9094.020999999999
BRA,COM,49.861
BRA,CPV,599.753
BRA,CRI,1041.729
BRA,CUB,33.312
BRA,CUW,1340.805
BRA,CYM,9831.015
BRA,CYP,82816.287
BRA,CZE,8.782
BRA,DEU,606221.189
BRA,DJI,0.02
BRA,DNK,25152.178
BRA,DOM,43585.517
BRA,DZA,10.407
BRA,ECU,6900.449
BRA,EGY,415.901
BRA,ESP,9883224.322999999
BRA,EST,177.606
BRA,ETH,26435.99
BRA,FIN,10.484
BRA,FLK,92.35
BRA,FRA,1150967.983
BRA,GAB,3667.604
BRA,GBR,131158.403
BRA,GEO,17.715
BRA,GHA,3702.47
BRA,GIB,7269.914
BRA,GIN,1.116
BRA,GMB,1.819
BRA,GNB,3522.667
BRA,GRC,55523.299
BRA,GRD,36.609
BRA,GTM,448.18
BRA,GUM,2.808
BRA,GUY,18.569
BRA,HKG,253561.481
BRA,HND,104.221
BRA,HRV,2495.788
BRA,HTI,43.384
BRA,HUN,29.768
BRA,IDN,128201.955
BRA,IND,2534447.637
BRA,IRL,397.807
BRA,ISL,455.278
BRA,ISR,416580.393
BRA,ITA,711680.9149999999
BRA,JAM,237821.985
BRA,JPN,11752.201
BRA,KEN,148.057
BRA,KNA,1938.027
BRA,KOR,3129016.375
BRA,KWT,5907.939
BRA,LBN,3707.058
BRA,LBR,611514.9410000001
BRA,LBY,898.768
BRA,LCA,144001.0
BRA,LKA,13.2
BRA,LTU,1702.548
BRA,LUX,24278.759
BRA,LVA,0.596
BRA,MAC,649.718
BRA,MAR,10819.378
BRA,MEX,20635.726
BRA,MHL,471277.284
BRA,MLT,40440.079
BRA,MNE,1496.326
BRA,MNP,330.051
BRA,MOZ,15.558
BRA,MSR,4.536
BRA,MUS,4641.722
BRA,MYS,2500906.576
BRA,NAM,2649.074
BRA,NGA,63.256
BRA,NIC,192.433
BRA,NLD,6775960.887999999
BRA,NOR,160270.895
BRA,NZL,0.001
BRA,PAK,43.332
BRA,PAN,896303.383
BRA,PER,793912.971
BRA,PHL,7999.083
BRA,PLW,3097.533
BRA,PNG,7.938
BRA,POL,7863.546
BRA,PRT,4418957.899
BRA,PRY,178210.492
BRA,QAT,74168.995
BRA,ROU,0.437
BRA,RUS,769.226
BRA,S19,2384.456
BRA,SAU,80565.95
BRA,SEN,5187.914
BRA,SGP,10071550.86
BRA,SLB,3.859
BRA,SLE,593.506
BRA,SLV,78.995
BRA,SMR,4.015
BRA,SRB,9.122
BRA,SUR,105.588
BRA,SVN,0.028
BRA,SWE,1194.097
BRA,SXM,113.349
BRA,TGO,443909.006
BRA,THA,583697.715
BRA,TTO,33265.494
BRA,TUR,41829.032
BRA,TZA,36.153000000000006
BRA,UGA,0.3
BRA,UKR,813.441
BRA,URY,18539.831000000002
BRA,USA,15263169.186999999
BRA,VCT,1843.25
BRA,VEN,4879.869
BRA,VNM,3388.999
BRA,ZAF,43614.147
BRA,ZMB,18.104
BRA,ZWE,17.597
BRB,BEL,0.001
BRB,BHS,0.68
BRB,BMU,0.005
BRB,CYM,0.278
BRB,DNK,0.004
BRB,GBR,18550.662
BRB,GRC,0.003
BRB,HND,19944.0
BRB,IRL,0.001
BRB,JAM,24238.012
BRB,LCA,0.804
BRB,SWE,0.311
BRB,USA,10942.25
BRB,VCT,0.077
BRB,VGB,0.009
BRB,ZAF,7.0
BRN,AUS,3234942.855
BRN,CHN,839315.267
BRN,CUW,0.03
BRN,CZE,64.571
BRN,DEU,0.114
BRN,IDN,524192.846
BRN,IND,346775.063
BRN,JPN,2969272.1
BRN,KHM,24302.399999999998
BRN,KOR,606838.297
BRN,MYS,1029837.588
BRN,NLD,0.152
BRN,NZL,43766.345
BRN,PHL,402344.885
BRN,POL,0.032
BRN,S19,437706.689
BRN,SGP,1802343.0400000003
BRN,THA,870884.307
BRN,USA,44361.174
BRN,VNM,608852.0
BTN,SWE,0.098
BWA,AGO,0.108
BWA,ISR,133.681
BWA,KEN,0.38
BWA,LSO,77.0
BWA,NAM,864.493
BWA,ZAF,807.573
BWA,ZWE,165.778
CAF,ARE,24.0
CAF,CMR,15.0
CAF,KEN,0.09
CAN,AGO,22.738999999999997
CAN,AIA,0.936
CAN,ALB,11.608
CAN,ARE,901.617
CAN,ARG,1361.725
CAN,ARM,8.035
CAN,AUS,911.217
CAN,AUT,93.771
CAN,AZE,371.721
CAN,BEL,67922.786
CAN,BEN,2296.23
CAN,BES,613764.0
CAN,BFA,39.665
CAN,BGD,0.427
CAN,BGR,43.452999999999996
CAN,BHR,2.18
CAN,BHS,294773.44
CAN,BIH,5.213
CAN,BLZ,1.545
CAN,BMU,83865.806
CAN,BOL,5422.03
CAN,BRA,2505.1279999999997
CAN,BRB,0.772
CAN,BRN,80606.85800000001
CAN,CHE,1120.734
CAN,CHL,185.075
CAN,CHN,6179474.755
CAN,CIV,16.641
CAN,CMR,0.304
CAN,COD,0.693
CAN,COG,1.603
CAN,COL,427.767
CAN,CRI,1144.884
CAN,CUB,2216.319
CAN,CUW,3.452
CAN,CZE,545.733
CAN,DEU,848970.4659999999
CAN,DNK,57031.329
CAN,DOM,45.486
CAN,DZA,2.466
CAN,ECU,269928.658
CAN,EGY,55.424
CAN,ESP,897355.696
CAN,EST,24.823
CAN,FIN,52636.424
CAN,FJI,0.051
CAN,FRA,466111.54699999996
CAN,GBR,1026423.7139999999
CAN,GHA,900.336
CAN,GIB,41307.0
CAN,GIN,0.127
CAN,GRC,1.515
CAN,GRL,0.879
CAN,GTM,147919.832
CAN,GUY,31.219
CAN,HKG,551494.062
CAN,HND,25.426
CAN,HRV,0.112
CAN,HTI,47.16
CAN,HUN,4.732
CAN,IDN,167.504
CAN,IND,938134.11
CAN,IRL,42515.338
CAN,IRQ,1.04
CAN,ISL,8982.595
CAN,ISR,59.044
CAN,ITA,2235.555
CAN,JAM,180.937
CAN,JOR,0.651
CAN,JPN,2107822.858
CAN,KAZ,171.976
CAN,KEN,1.792
CAN,KGZ,0.047
CAN,KHM,0.352
CAN,KOR,805668.231
CAN,KWT,0.294
CAN,LBN,0.638
CAN,LBY,60.873
CAN,LCA,0.283
CAN,LKA,0.213
CAN,LTU,3.456
CAN,LUX,13.948
CAN,LVA,178.557
CAN,MAC,0.2
CAN,MAR,68993.915
CAN,MDA,1.146
CAN,MDG,0.369
CAN,MDV,0.715
CAN,MEX,405511.41799999995
CAN,MKD,1.197
CAN,MLT,0.117
CAN,MMR,71.592
CAN,MNE,0.033
CAN,MNG,57.686
CAN,MOZ,0.004
CAN,MRT,7.48
CAN,MUS,0.427
CAN,MYS,7601.407
CAN,NAM,53.287
CAN,NGA,16.472
CAN,NIC,692.334
CAN,NLD,1608384.418
CAN,NOR,236.927
CAN,NZL,164.663
CAN,OMN,3.439
CAN,PAK,65.979
CAN,PAN,292127.137
CAN,PER,741689.596
CAN,PHL,2084.773
CAN,PNG,2.861
CAN,POL,1486.624
CAN,PRT,2.493
CAN,PRY,17.208
CAN,QAT,3.059
CAN,ROU,96543.867
CAN,S19,9110.884
CAN,SAU,244.372
CAN,SEN,15.248
CAN,SGP,775028.0009999999
CAN,SLV,20968.811
CAN,SPM,25529.722999999998
CAN,SRB,116.268
CAN,SUR,31.06
CAN,SVK,1116.9560000000001
CAN,SVN,335.827
CAN,SWE,67233.625
CAN,TCA,2.831
CAN,TCD,0.66
CAN,THA,1628.24
CAN,TKM,182.314
CAN,TTO,22.577
CAN,TUN,15.816
CAN,TUR,871.896
CAN,TZA,56.768
CAN,UGA,0.008
CAN,UKR,268.955
CAN,URY,0.481
CAN,USA,237596933.329
CAN,UZB,0.061
CAN,VEN,62.377
CAN,VNM,384.82
CAN,VUT,0.577
CAN,ZAF,461.119
CAN,ZMB,23.233
CAN,ZWE,0.006
CHE,ABW,10.694
CHE,AGO,0.024
CHE,ALB,66.516
CHE,AND,1.19
CHE,ARE,91474.558
CHE,ARG,13.033
CHE,ARM,4.207
CHE,AUS,258.218
CHE,AUT,12529.298999999999
CHE,AZE,213.75799999999998
CHE,BEL,2340.748
CHE,BEN,2613.79
CHE,BFA,5105.033
CHE,BGD,0.007
CHE,BGR,153743.041
CHE,BHR,0.965
CHE,BIH,12.685
CHE,BLR,69.811
CHE,BMU,9.29
CHE,BOL,12718.629
CHE,BRA,78896.056
CHE,BWA,0.026
CHE,CAN,29421.479
CHE,CHL,35.61900000000001
CHE,CHN,11412.483
CHE,CIV,22.47
CHE,CMR,1.022
CHE,COL,189.351
CHE,CRI,3658.318
CHE,CUW,0.006
CHE,CYM,7.202
CHE,CYP,54.589
CHE,CZE,582.847
CHE,DEU,281178.31799999997
CHE,DNK,367.705
CHE,DOM,14.508
CHE,DZA,295.04
CHE,ECU,143.91
CHE,EGY,4402.724
CHE,ESP,16842.691
CHE,EST,49.283
CHE,ETH,17338.96
CHE,FIN,5215.974999999999
CHE,FJI,16785.8
CHE,FRA,26684.99
CHE,GAB,1.879
CHE,GBR,5096.46
CHE,GEO,16.337
CHE,GHA,12.106
CHE,GIN,0.288
CHE,GMB,0.055
CHE,GRC,2707.601
CHE,GTM,2.733
CHE,GUM,0.101
CHE,HKG,12915.509
CHE,HND,0.817
CHE,HRV,18.718
CHE,HUN,526.119
CHE,IDN,4.199000000000001
CHE,IND,3403.6290000000004
CHE,IRL,3369.09
CHE,IRQ,0.504
CHE,ISL,3431.746
CHE,ISR,31532.692
CHE,ITA,39864.225000000006
CHE,JOR,1352.435
CHE,JPN,172.08
CHE,KAZ,17.96
CHE,KEN,2378.372
CHE,KHM,0.337
CHE,KOR,644.212
CHE,KWT,698.605
CHE,LBN,1945.986
CHE,LBY,3.153
CHE,LKA,1.495
CHE,LTU,309.379
CHE,LUX,853.005
CHE,LVA,1784.016
CHE,MAR,1921.545
CHE,MDA,1.72
CHE,MDG,2.859
CHE,MDV,841.64
CHE,MEX,58.455
CHE,MKD,54.79
CHE,MLT,343.667
CHE,MMR,0.021
CHE,MNE,47.281
CHE,MNG,1.708
CHE,MOZ,7128.027
CHE,MUS,722.412
CHE,MWI,42079.7
CHE,MYS,19.293
CHE,NAM,26637.59
CHE,NCL,0.075
CHE,NER,0.007
CHE,NGA,55.834
CHE,NIC,0.03
CHE,NLD,24248.095
CHE,NOR,951.87
CHE,NPL,0.212
CHE,NZL,21.197
CHE,OMN,3112.618
CHE,PAK,20.062
CHE,PAN,1.926
CHE,PER,56.677
CHE,PHL,15.663
CHE,POL,5263.549
CHE,PRT,12636.607
CHE,PRY,207415.522
CHE,PYF,2.127
CHE,QAT,15444.190999999999
CHE,ROU,44.321
CHE,RUS,0.01
CHE,S19,2173.262
CHE,SAU,9178.008
CHE,SEN,12613.292
CHE,SGP,27396.787
CHE,SLE,0.06
CHE,SLV,0.547
CHE,SMR,61.243
CHE,SRB,2188.8979999999997
CHE,SVK,398.014
CHE,SVN,188.86
CHE,SWE,7240.959
CHE,SYC,0.798
CHE,TCD,0.992
CHE,TGO,0.005
CHE,THA,14161.965
CHE,TUN,1971.751
CHE,TUR,17632.028000000002
CHE,TZA,347040.186
CHE,UGA,30.622999999999998
CHE,UKR,52711.616
CHE,URY,0.644
CHE,USA,124879.117
CHE,UZB,139.94
CHE,VEN,0.203
CHE,VNM,6.495
CHE,ZAF,1639.881
CHE,ZMB,4506.947
CHE,ZWE,9399.018
CHL,AIA,51580.399999999994
CHL,ARG,59335.189
CHL,AUS,0.003
CHL,AUT,0.06
CHL,BEL,0.044
CHL,BGR,0.003
CHL,BOL,296008.798
CHL,BRA,38187.528
CHL,CAN,0.002
CHL,COL,1214.878
CHL,CRI,0.076
CHL,CUB,0.008
CHL,DEU,54.192
CHL,DOM,14863.418999999998
CHL,ECU,382.523
CHL,ESP,54.752
CHL,FRA,108978.697
CHL,GTM,26883.78
CHL,IND,0.35
CHL,IRL,0.018
CHL,ISL,207.139
CHL,KEN,48923.985
CHL,KOR,0.005
CHL,MDG,1409.13
CHL,MEX,17.023
CHL,MUS,13893.4
CHL,MYS,28892.003
CHL,NGA,14000.85
CHL,NIC,846.066
CHL,NLD,24076.368
CHL,PAN,122540.143
CHL,PER,44679.831000000006
CHL,PRY,725.926
CHL,SLV,9833.685000000001
CHL,THA,0.001
CHL,TZA,12270.11
CHL,UGA,1500.0
CHL,URY,16596.614
CHL,USA,466562.071
CHL,ZAF,13476.944
CHN,ABW,22.961
CHN,AFG,426.606
CHN,AGO,2069.795
CHN,ALB,10.056
CHN,AND,67.868
CHN,ARE,369705.342
CHN,ARG,466.309
CHN,ARM,40.735
CHN,ATG,80406.13900000001
CHN,AUS,3280447.008
CHN,AUT,5558.997
CHN,AZE,176.65200000000002
CHN,BDI,10.961
CHN,BEL,252811.985
CHN,BEN,3517.786
CHN,BFA,492.388
CHN,BGD,1908869.32
CHN,BGR,11.54
CHN,BHR,129.267
CHN,BHS,191176.503
CHN,BIH,24.686
CHN,BLR,537.86
CHN,BLZ,7482.706
CHN,BMU,4806.575
CHN,BOL,452.51
CHN,BRA,2281.004
CHN,BRB,3166.189
CHN,BRN,285180.083
CHN,CAF,31140.362
CHN,CAN,199629.402
CHN,CHE,19356.363999999998
CHN,CHL,96874.25899999999
CHN,CIV,1038.051
CHN,CMR,12552.887
CHN,COD,2543.647
CHN,COG,773.236
CHN,COK,5189.951
CHN,COL,672.614
CHN,COM,308.574
CHN,CPV,0.425
CHN,CRI,204.958
CHN,CUB,419.679
CHN,CUW,0.5
CHN,CYM,9843.835
CHN,CYP,5196.726
CHN,CZE,87.43199999999999
CHN,DEU,190161.492
CHN,DJI,6313.233
CHN,DNK,140850.274
CHN,DOM,663.84
CHN,DZA,6761.063
CHN,ECU,3118.478
CHN,EGY,36913.831
CHN,ERI,116.08
CHN,ESP,125256.303
CHN,EST,8.654
CHN,ETH,123797.991
CHN,FIN,1070.654
CHN,FJI,213.93500000000003
CHN,FRA,638517.406
CHN,FSM,506.79699999999997
CHN,GAB,9644.222
CHN,GBR,391033.621
CHN,GHA,9598.313999999998
CHN,GIB,39442.492
CHN,GIN,6117.319
CHN,GMB,114.589
CHN,GNB,4034.855
CHN,GNQ,78.927
CHN,GRC,7908.974
CHN,GTM,792.787
CHN,GUY,1006.463
CHN,HKG,12650043.934999999
CHN,HND,364.592
CHN,HRV,4.312
CHN,HTI,199.683
CHN,HUN,321.695
CHN,IDN,1447331.4259999997
CHN,IND,59686.962
CHN,IRL,35962.498
CHN,IRN,21882.309999999998
CHN,IRQ,2643.431
CHN,ISL,48.037000000000006
CHN,ISR,823.21
CHN,ITA,192662.063
CHN,JAM,597.689
CHN,JOR,63.941
CHN,JPN,1777898.658
CHN,KAZ,11524.338
CHN,KEN,2021.918
CHN,KGZ,7977.922
CHN,KHM,211585.152
CHN,KIR,2294.159
CHN,KNA,11865.862
CHN,KOR,567413.2490000001
CHN,KWT,182.656
CHN,LAO,15822.871000000001
CHN,LBN,255.542
CHN,LBR,3619649.436
CHN,LBY,1054.396
CHN,LCA,0.73
CHN,LKA,74780.452
CHN,LSO,49.846
CHN,LTU,532.549
CHN,LUX,65889.642
CHN,LVA,34620.475
CHN,MAC,280116.554
CHN,MAR,191.904
CHN,MDA,49.373
CHN,MDG,44.634
CHN,MDV,280.08
CHN,MEX,112907.95400000001
CHN,MHL,2369249.86
CHN,MKD,5.865
CHN,MLI,188.723
CHN,MLT,175279.50699999998
CHN,MMR,371389.364
CHN,MNE,22.708
CHN,MNG,61428.221
CHN,MOZ,931.995
CHN,MRT,102.965
CHN,MUS,118.467
CHN,MWI,249.02499999999998
CHN,MYS,3004313.317
CHN,NAM,183.331
CHN,NCL,559.034
CHN,NER,306.137
CHN,NGA,2059.502
CHN,NIC,104.31299999999999
CHN,NLD,706438.25
CHN,NOR,2958.427
CHN,NPL,1171.5359999999998
CHN,NRU,2803.694
CHN,NZL,270353.641
CHN,OMN,36823.127
CHN,PAK,66726.006
CHN,PAN,859037.68
CHN,PER,2609.081
CHN,PHL,4207971.153
CHN,PLW,13034.111
CHN,PNG,842.0600000000001
CHN,POL,7322.72
CHN,PRK,6618.860000000001
CHN,PRT,53401.169
CHN,PRY,903.799
CHN,PSE,57.319
CHN,PYF,0.685
CHN,QAT,7434.0
CHN,ROU,133.379
CHN,RUS,82743.72399999999
CHN,RWA,14.449
CHN,S19,440625.161
CHN,SAU,14745.458
CHN,SDN,16.644
CHN,SEN,1328.1470000000002
CHN,SGP,7291450.852
CHN,SLB,1210.599
CHN,SLE,8714.245
CHN,SLV,585.904
CHN,SMR,721.054
CHN,SOM,178.078
CHN,SRB,420.809
CHN,SSD,54.96
CHN,STP,591.429
CHN,SUR,171.057
CHN,SVK,3399.956
CHN,SVN,24.857
CHN,SWE,15141.213
CHN,SWZ,2800.608
CHN,SYC,7.861
CHN,SYR,0.25
CHN,TCA,0.075
CHN,TCD,128.379
CHN,TGO,1779.093
CHN,THA,314588.551
CHN,TJK,981.121
CHN,TKM,3730.966
CHN,TON,1.95
CHN,TTO,53.27
CHN,TUN,7709.741
CHN,TUR,6042.599
CHN,TUV,9760.658
CHN,TZA,3637.617
CHN,UGA,824.316
CHN,UKR,954.63
CHN,URY,20.862
CHN,USA,684159.884
CHN,UZB,9629.655
CHN,VCT,2674.43
CHN,VEN,1673.035
CHN,VNM,1602010.784
CHN,VUT,20112.613
CHN,WSM,102.092
CHN,YEM,284.46000000000004
CHN,ZAF,53836.42600000001
CHN,ZMB,2868.77
CHN,ZWE,1629.189
CIV,AGO,609.611
CIV,BEL,0.006
CIV,BEN,3715.072
CIV,BFA,243351.333
CIV,BRA,137720.168
CIV,CAF,3500.95
CIV,CAN,191930.466
CIV,CMR,135155.491
CIV,COD,42507.813
CIV,COG,114.95700000000001
CIV,DEU,109035.573
CIV,ESP,94668.083
CIV,FRA,64651.513
CIV,GAB,9798.357
CIV,GBR,14569.38
CIV,GHA,143101.05
CIV,GIN,358.058
CIV,GMB,801.936
CIV,GNQ,9277.672
CIV,GRC,108714.946
CIV,IRL,38.424
CIV,ITA,152740.057
CIV,LBN,0.44
CIV,LBR,7205.683
CIV,MAR,227.755
CIV,MLI,1183047.568
CIV,MLT,40416.1
CIV,MRT,189.965
CIV,NAM,3125.445
CIV,NER,2970.336
CIV,NGA,10155.551
CIV,NLD,876187.419
CIV,NOR,107.161
CIV,POL,0.059
CIV,PRT,23896.21
CIV,ROU,71383.4
CIV,SEN,21141.05
CIV,SGP,9.096
CIV,SLE,2913.795
CIV,SWE,67323.0
CIV,TGO,180259.2
CIV,ZAF,92227.16
CMR,AUS,12.54
CMR,BEL,0.063
CMR,CAF,90901.715
CMR,CHN,1439991.5
CMR,CYP,0.001
CMR,DEU,402035.3
CMR,ESP,0.083
CMR,FRA,182249.041
CMR,GBR,139500.0
CMR,GRC,0.001
CMR,IND,794941.0
CMR,ITA,570781.0
CMR,JPN,59963.0
CMR,KOR,252093.4
CMR,MAR,0.001
CMR,MYS,910317.5
CMR,NLD,828398.073
CMR,PAK,1.0
CMR,SEN,0.069
CMR,SGP,0.007
CMR,SWE,0.687
CMR,USA,264124.44
COD,AGO,0.398
COD,BEL,0.004
COD,BFA,211.555
COD,BRA,124536.0
COD,CHN,244260.0
COD,CZE,0.158
COD,FRA,89916.545
COD,IND,510710.0
COD,LUX,0.001
COD,MUS,4032.92
COD,NAM,15.331
COD,NLD,0.252
COD,SGP,22286.2
COD,UGA,498.93
COG,AGO,1.314
COG,BEL,0.022
COG,BFA,14041.946
COG,BRA,129462.0
COG,CAF,62.5
COG,CHN,6551079.0
COG,ESP,186001.008
COG,FRA,26455.817
COG,GBR,239622.0
COG,IND,122893.0
COG,ITA,278253.512
COG,MUS,90751.398
COG,MYS,277671.3
COG,NAM,2425.4300000000003
COG,NLD,152864.847
COG,NOR,0.011
COG,PAK,52784.16
COG,ROU,268000.0
COG,SGP,760056.0
COG,THA,532694.3
COG,TZA,1802.3
COK,NZL,0.003
COK,ZAF,8.0
COL,ABW,32446.89
COL,AIA,1.391
COL,ARE,300.661
COL,ARG,31101.7
COL,ATG,6.069
COL,BEL,2.395
COL,BES,550972.1
COL,BHS,1051116.9849999999
COL,BLZ,11.589
COL,BOL,8395.024
COL,BRA,24329.012
COL,BRB,61.646
COL,BRN,28385.5
COL,CAN,87950.555
COL,CHE,1690.67
COL,CHL,37254.839
COL,CHN,2156270.834
COL,CIV,556193.23
COL,CRI,7023.362999999999
COL,CUB,2184.701
COL,CUW,4825.264
COL,DEU,23104.316
COL,DOM,50406.037
COL,DZA,0.055
COL,ECU,26802.363999999998
COL,EGY,12.672
COL,ESP,162011.727
COL,FIN,0.003
COL,FRA,19968.963
COL,GBR,14050.415
COL,GIN,0.013
COL,GRD,1.767
COL,GTM,3687.738
COL,GUY,42.972
COL,HND,1265.948
COL,HTI,3.05
COL,IDN,1.839
COL,IND,3641777.7199999997
COL,ISL,47.343
COL,ITA,101397.32500000001
COL,JAM,322158.059
COL,KOR,176.126
COL,LCA,14.397
COL,LTU,1.721
COL,MAR,13.908
COL,MEX,69606.278
COL,MHL,5.16
COL,MLT,0.01
COL,NIC,80.183
COL,NLD,820685.564
COL,NOR,0.005
COL,PAN,8225705.424
COL,PER,149312.73
COL,PHL,119869.0
COL,POL,86.009
COL,PRT,118.987
COL,PRY,446.46
COL,QAT,7260.96
COL,SGP,3997.081
COL,SLV,4022.332
COL,SUR,19.5
COL,SWE,11.307
COL,TCA,43.25
COL,TTO,158.362
COL,TUR,194.917
COL,URY,3364.411
COL,USA,12132663.16
COL,VCT,8.353
COL,VEN,22655.794
COL,VGB,5.189
COL,VNM,2525.07
COM,BEL,0.002
COM,FRA,0.09
COM,GRC,0.004
COM,KEN,0.055
COM,NLD,0.376
COM,TZA,0.02
CPV,AGO,2.4
CPV,BEL,0.005
CPV,ESP,187.552
CPV,FRA,0.423
CPV,NLD,4.073
CPV,PRT,1.251
CRI,ALB,184.5
CRI,ARM,0.023
CRI,AUS,0.168
CRI,BEL,0.003
CRI,BGR,0.136
CRI,BHR,0.242
CRI,BLZ,0.107
CRI,BRA,0.001
CRI,CAN,0.234
CRI,CHE,0.119
CRI,CHL,0.261
CRI,CHN,4.685
CRI,COL,133.559
CRI,CZE,0.032
CRI,DEU,0.734
CRI,DNK,0.02
CRI,DOM,71.314
CRI,ECU,143.288
CRI,FRA,11.656
CRI,GBR,0.593
CRI,GTM,11.048
CRI,HND,202.424
CRI,IRL,0.01
CRI,JAM,0.162
CRI,JPN,0.379
CRI,KOR,0.465
CRI,KWT,0.082
CRI,MDA,0.001
CRI,MYS,1.5
CRI,NGA,0.12
CRI,NIC,204.328
CRI,NLD,5.003
CRI,NOR,0.115
CRI,NZL,0.047
CRI,PAN,303.458
CRI,PER,78.288
CRI,POL,0.039
CRI,S19,0.103
CRI,SGP,0.01
CRI,SLE,0.187
CRI,SLV,1.306
CRI,THA,0.002
CRI,TUR,0.631
CRI,USA,19.053
CRI,VEN,10.88
CRI,ZAF,131.74
CUB,BEL,21051.4
CUB,CAN,0.059
CUB,ESP,0.005
CUW,ARM,7851.369000000001
CUW,BEL,0.002
CUW,BRB,12.784
CUW,DEU,0.025
CUW,DOM,4710.0
CUW,GTM,5419.03
CUW,HND,491.581
CUW,NGA,3.025
CUW,NLD,0.637
CUW,PRY,5972.34
CUW,ZAF,39.953
CXR,IRL,0.002
CXR,POL,0.016
CYM,BEL,0.001
CYM,BLZ,11351.27
CYM,BRB,20987.234
CYM,FRA,0.38
CYM,NAM,304.707
CYM,TZA,3350.18
CYM,ZAF,66.0
CYP,ARE,15.526
CYP,AUS,4.16
CYP,BEL,0.019
CYP,BRB,200.70600000000002
CYP,CHE,0.003
CYP,CHL,64.784
CYP,COL,40.343
CYP,CZE,471.68
CYP,DEU,400.0
CYP,EGY,150579.471
CYP,ESP,101.957
CYP,FRA,0.01
CYP,GEO,12096.38
CYP,GRC,7451.92
CYP,HRV,0.098
CYP,HUN,124.207
CYP,IDN,0.022
CYP,IRL,1.808
CYP,ISR,122.583
CYP,ITA,668.305
CYP,JOR,0.025
CYP,LBN,386959.972
CYP,LBR,0.02
CYP,LBY,937741.7
CYP,LVA,5442.99
CYP,MAR,12.394
CYP,MLT,0.678
CYP,NAM,6.75
CYP,NGA,125603.069
CYP,NLD,64219.698
CYP,PER,42.152
CYP,POL,995.2230000000001
CYP,ROU,4.968
CYP,SDN,30032.8
CYP,SGP,16.7
CYP,THA,0.002
CYP,TUN,23.68
CYP,TUR,2.884
CYP,UKR,569.318
CYP,USA,199.704
CYP,ZAF,25.2
CZE,ALB,4.168
CZE,ARE,21823.57
CZE,ARG,1.024
CZE,ARM,1.663
CZE,AUS,5.318
CZE,AUT,30420.228
CZE,AZE,90.763
CZE,BEL,436.771
CZE,BGR,4009.3919999999994
CZE,BHR,0.20700000000000002
CZE,BIH,6483.261
CZE,BLR,1246.994
CZE,BOL,0.003
CZE,BRA,8.553
CZE,CAN,0.151
CZE,CHE,47.504000000000005
CZE,CHL,0.883
CZE,CHN,3.299
CZE,COD,0.009
CZE,COL,1.592
CZE,CRI,0.022
CZE,CYP,1.201
CZE,DEU,320374.38
CZE,DNK,32.273
CZE,DOM,0.013
CZE,ECU,0.14
CZE,EGY,272.962
CZE,ESP,1523.076
CZE,EST,55.642
CZE,FIN,22.934
CZE,FRA,602.2
CZE,GBR,402.94300000000004
CZE,GEO,497.638
CZE,GRC,45.359
CZE,GTM,0.183
CZE,HKG,13.567
CZE,HND,0.306
CZE,HRV,111.619
CZE,HUN,108846.05799999999
CZE,IDN,0.5
CZE,IND,581.21
CZE,IRL,51440.901
CZE,IRQ,0.279
CZE,ISL,1185.652
CZE,ISR,4520.007
CZE,ITA,450.339
CZE,JOR,0.009
CZE,JPN,0.289
CZE,KAZ,526.559
CZE,KGZ,103.00399999999999
CZE,KOR,108.304
CZE,KWT,215.161
CZE,LBN,0.034
CZE,LTU,70.674
CZE,LUX,0.522
CZE,LVA,426.34299999999996
CZE,MAR,0.049
CZE,MDA,250.713
CZE,MDV,8.65
CZE,MEX,0.827
CZE,MKD,195.454
CZE,MLT,253.119
CZE,MNE,4.492
CZE,MNG,863.805
CZE,MUS,0.179
CZE,MYS,0.855
CZE,NGA,0.057
CZE,NIC,0.062
CZE,NLD,10035.242
CZE,NOR,6.864000000000001
CZE,NPL,1.401
CZE,NZL,2.294
CZE,OMN,0.005
CZE,PAK,0.03
CZE,PER,0.583
CZE,PHL,1.181
CZE,POL,182200.916
CZE,PRT,30.349
CZE,PRY,0.063
CZE,QAT,658.649
CZE,ROU,2471.1530000000002
CZE,RUS,0.002
CZE,S19,1148.107
CZE,SAU,15.875
CZE,SEN,0.303
CZE,SGP,0.905
CZE,SLE,0.031
CZE,SLV,0.057
CZE,SRB,2567.11
CZE,SVK,707378.567
CZE,SVN,106.784
CZE,SWE,132.474
CZE,TGO,0.132
CZE,THA,2.245
CZE,TJK,23.068
CZE,TKM,126.967
CZE,TTO,0.002
CZE,TUN,0.411
CZE,TUR,1379.664
CZE,TZA,0.117
CZE,UKR,21751.061
CZE,URY,0.142
CZE,USA,4136.662
CZE,UZB,2371.818
CZE,VNM,0.197
CZE,ZAF,17.756
DEU,ABW,26.043
DEU,AFG,60.812
DEU,AGO,1643.57
DEU,ALB,2644.066
DEU,ARE,5786.125
DEU,ARG,12163.341999999999
DEU,ARM,1191.889
DEU,ATF,0.105
DEU,ATG,3.072
DEU,AUS,6926.683
DEU,AUT,3664421.4609999997
DEU,AZE,6081.343
DEU,BDI,23.557
DEU,BEL,1250003.487
DEU,BEN,12.764999999999999
DEU,BES,0.273
DEU,BFA,276.19599999999997
DEU,BGD,513.466
DEU,BGR,8719.151
DEU,BHR,570.3399999999999
DEU,BHS,17.22
DEU,BIH,11969.832999999999
DEU,BLR,11069.782000000001
DEU,BLZ,0.01
DEU,BMU,5.901
DEU,BOL,132.731
DEU,BRA,41738.239
DEU,BRB,80.459
DEU,BRN,394.918
DEU,BWA,7.185
DEU,CAN,209030.189
DEU,CHE,5297478.039
DEU,CHL,4920.374
DEU,CHN,35789.953
DEU,CIV,248.468
DEU,CMR,240.361
DEU,COD,38.203
DEU,COG,8.232999999999999
DEU,COL,4127.101
DEU,COM,3.592
DEU,CPV,20.79
DEU,CRI,384.324
DEU,CUB,121.466
DEU,CUW,1.127
DEU,CYM,129.262
DEU,CYP,628.089
DEU,CZE,2832516.4699999997
DEU,DJI,2.586
DEU,DMA,5.615
DEU,DNK,108745.109
DEU,DOM,195.126
DEU,DZA,996.703
DEU,ECU,1943.594
DEU,EGY,8941.62
DEU,ESP,69728.14600000001
DEU,EST,5958.118
DEU,ETH,5.31
DEU,FIN,33521.546
DEU,FJI,0.088
DEU,FRA,1205022.122
DEU,GAB,90.86
DEU,GBR,383518.54000000004
DEU,GEO,3835.161
DEU,GHA,586.996
DEU,GIB,67976.9
DEU,GIN,140.201
DEU,GMB,9.994
DEU,GNQ,0.013
DEU,GRC,99920.674
DEU,GRD,10.92
DEU,GRL,1.125
DEU,GTM,1028.668
DEU,GUY,176.403
DEU,HKG,686.629
DEU,HND,375.617
DEU,HRV,17973.257999999998
DEU,HTI,0.021
DEU,HUN,299065.726
DEU,IDN,1205.123
DEU,IND,9053.703
DEU,IRL,70491.297
DEU,IRN,290.163
DEU,IRQ,17522.085
DEU,ISL,10755.212
DEU,ISR,5814.883
DEU,ITA,225571.309
DEU,JAM,381.779
DEU,JOR,3649.1760000000004
DEU,JPN,2783.2200000000003
DEU,KAZ,10780.697999999999
DEU,KEN,758.698
DEU,KGZ,2468.766
DEU,KHM,348.726
DEU,KOR,5706.611
DEU,KWT,920.031
DEU,LAO,65.378
DEU,LBN,2359.322
DEU,LBR,4.085
DEU,LBY,7585.157
DEU,LCA,12.988
DEU,LKA,67.85900000000001
DEU,LSO,0.017
DEU,LTU,7398.556
DEU,LUX,325135.89700000006
DEU,LVA,31349.022
DEU,MAC,1.737
DEU,MAR,3697.06
DEU,MDA,1038.541
DEU,MDG,123.152
DEU,MDV,9.772
DEU,MEX,7030.357
DEU,MKD,1018.1790000000001
DEU,MLI,84.799
DEU,MLT,700.927
DEU,MMR,160.859
DEU,MNE,715.2760000000001
DEU,MNG,1128.31
DEU,MOZ,78.373
DEU,MRT,456.618
DEU,MUS,201.96
DEU,MWI,0.901
DEU,MYS,20245.887
DEU,NAM,352.253
DEU,NCL,23.323
DEU,NER,0.06
DEU,NGA,777.942
DEU,NIC,325.75100000000003
DEU,NLD,4305210.789
DEU,NOR,17490.631
DEU,NPL,14.891
DEU,NZL,1047.368
DEU,OMN,1224.344
DEU,PAK,908.312
DEU,PAN,509.869
DEU,PER,1710.13
DEU,PHL,446.06199999999995
DEU,POL,3306908.725
DEU,PRT,7023.981
DEU,PRY,7.162
DEU,PSE,783.382
DEU,PYF,4.3660000000000005
DEU,QAT,14913.821
DEU,ROU,67652.194
DEU,RUS,25.944
DEU,RWA,3.113
DEU,S19,30435.670000000002
DEU,SAU,3753.0939999999996
DEU,SDN,13.612
DEU,SEN,40311.943
DEU,SGP,30307.068000000003
DEU,SLE,16.748
DEU,SLV,206.845
DEU,SMR,0.562
DEU,SOM,1.194
DEU,SRB,8558.025
DEU,SUR,284.169
DEU,SVK,159626.55
DEU,SVN,14519.868
DEU,SWE,230727.17500000002
DEU,SXM,1.79
DEU,SYC,34.747
DEU,SYR,130.492
DEU,TCD,7.248
DEU,TGO,73.3
DEU,THA,3725.0440000000003
DEU,TJK,1349.477
DEU,TKM,3993.237
DEU,TTO,237.633
DEU,TUN,2211.91
DEU,TUR,44509.989
DEU,TZA,120.95
DEU,UGA,226.56
DEU,UKR,271282.503
DEU,URY,450.569
DEU,USA,295722.737
DEU,UZB,6024.519
DEU,VCT,9.41
DEU,VEN,128.474
DEU,VNM,1251.879
DEU,YEM,3649.423
DEU,ZAF,22942.858
DEU,ZMB,33.094
DEU,ZWE,1.141
DJI,BEL,0.001
DJI,IND,196.0
DJI,SGP,160.0
DJI,UGA,309.375
DMA,BRB,0.09
DMA,ZAF,12.0
DNK,AGO,0.299
DNK,ARE,0.984
DNK,ARG,4.869
DNK,ARM,0.004
DNK,AUS,1414.718
DNK,AUT,848.746
DNK,AZE,0.163
DNK,BEL,305013.629
DNK,BGD,0.094
DNK,BGR,16.514
DNK,BHR,0.04
DNK,BIH,1.844
DNK,BOL,0.007
DNK,BRA,6214.95
DNK,BRB,0.26
DNK,BRN,0.025
DNK,CAF,5.293
DNK,CAN,853.68
DNK,CHE,16.178
DNK,CHL,8.136
DNK,CHN,25.674
DNK,COL,0.218
DNK,CPV,0.343
DNK,CRI,9.551
DNK,CUW,0.772
DNK,CYP,41.047
DNK,CZE,11697.975
DNK,DEU,366240.197
DNK,DOM,5.727
DNK,DZA,0.04
DNK,ECU,0.004
DNK,EGY,8.123
DNK,ERI,0.036
DNK,ESP,18149.996
DNK,EST,13852.238
DNK,FIN,177530.923
DNK,FRA,39892.506
DNK,GBR,248129.861
DNK,GEO,0.001
DNK,GHA,3.504
DNK,GIB,0.002
DNK,GIN,0.032
DNK,GNQ,0.078
DNK,GRC,26.757
DNK,GRL,17946.993
DNK,GTM,3.423
DNK,GUY,6.828
DNK,HKG,0.114
DNK,HND,0.412
DNK,HRV,4.489999999999999
DNK,HUN,583.38
DNK,IDN,3.486
DNK,IND,108.016
DNK,IRL,5164.491999999999
DNK,IRN,0.6
DNK,IRQ,0.135
DNK,ISL,79335.297
DNK,ISR,67.61
DNK,ITA,9486.682999999999
DNK,JOR,3.503
DNK,JPN,14.422
DNK,KAZ,1.148
DNK,KEN,1.662
DNK,KHM,0.001
DNK,KOR,1.854
DNK,KWT,0.014
DNK,LBN,1.597
DNK,LBY,47.18
DNK,LKA,0.01
DNK,LTU,28369.1
DNK,LUX,0.472
DNK,LVA,20437.672
DNK,MAR,7.49
DNK,MDA,0.045
DNK,MDG,0.04
DNK,MDV,0.753
DNK,MEX,1.34
DNK,MKD,0.028
DNK,MLT,84361.323
DNK,MNE,0.002
DNK,MNG,0.29
DNK,MOZ,0.024
DNK,MRT,18.0
DNK,MUS,0.229
DNK,MYS,2.538
DNK,NAM,607.552
DNK,NGA,0.084
DNK,NIC,0.462
DNK,NLD,1061621.264
DNK,NOR,115928.694
DNK,NZL,13.637
DNK,OMN,0.228
DNK,PAK,2.33
DNK,PAN,0.993
DNK,PER,7.38
DNK,PHL,1.838
DNK,POL,3076.942
DNK,PRT,48.078
DNK,QAT,0.371
DNK,ROU,462.91299999999995
DNK,RUS,0.107
DNK,RWA,0.417
DNK,S19,147.871
DNK,SAU,30221.737999999998
DNK,SEN,4420.135
DNK,SGP,262314.029
DNK,SLE,0.146
DNK,SLV,0.422
DNK,SRB,7.25
DNK,SVK,5.104
DNK,SVN,10.082
DNK,SWE,2103046.491
DNK,THA,9.257
DNK,TTO,0.375
DNK,TUN,7.393
DNK,TUR,24.506
DNK,TZA,11942.935
DNK,UGA,0.205
DNK,UKR,16058.737
DNK,URY,1.634
DNK,USA,116428.244
DNK,UZB,1.196
DNK,VNM,0.377
DNK,ZAF,474.289
DNK,ZMB,0.162
DOM,ABW,2.073
DOM,AIA,0.054
DOM,BEL,0.036
DOM,BHS,274.507
DOM,BIH,0.01
DOM,BMU,3032.34
DOM,BRB,111.25399999999999
DOM,CAN,0.006
DOM,CHL,0.015
DOM,COL,18356.476
DOM,CRI,5342.321
DOM,CUB,4.989
DOM,CYM,0.036
DOM,CYP,1.8
DOM,DMA,12.72
DOM,ESP,15.505
DOM,FRA,5871.284
DOM,GBR,31.914
DOM,GRC,0.008
DOM,GRD,127.126
DOM,GTM,0.004
DOM,GUY,1239.9180000000001
DOM,HND,0.009
DOM,HTI,3028.6169999999997
DOM,JAM,583.788
DOM,LCA,2.467
DOM,MEX,0.144
DOM,NIC,116.378
DOM,NLD,45603.516
DOM,PAN,26.845
DOM,SGP,100.038
DOM,SLV,0.013
DOM,SUR,111.984
DOM,TCA,115.31599999999999
DOM,TTO,131.12
DOM,TUR,15.99
DOM,USA,2535.8109999999997
DOM,VGB,190.38
DZA,ALB,89671.575
DZA,ARG,40816.8
DZA,AUS,151384.0
DZA,AUT,180448.004
DZA,BEL,635129.154
DZA,BEN,36.275
DZA,BFA,225.392
DZA,BGR,53925.947
DZA,BIH,684.33
DZA,BRA,1722937.1
DZA,CAN,0.001
DZA,CHE,95451.0
DZA,CHN,1122968.7
DZA,CIV,59782.4
DZA,CYP,75050.859
DZA,CZE,0.404
DZA,DEU,1892960.339
DZA,EGY,3.259
DZA,ESP,10541651.217999998
DZA,FRA,10736125.072
DZA,GBR,2106823.631
DZA,GRC,347113.55
DZA,HRV,312881.23
DZA,IDN,923013.0
DZA,IND,1248575.78
DZA,IRL,0.018
DZA,ITA,19450877.5
DZA,JPN,146635.4
DZA,KEN,56911.3
DZA,KOR,5205344.2
DZA,LKA,3796.09
DZA,LTU,963858.0
DZA,MDA,3011.88
DZA,MDG,3029.54
DZA,MKD,7092.430000000001
DZA,MLT,113140.99
DZA,MNE,482.14
DZA,MRT,7.56
DZA,NER,82.616
DZA,NLD,2427349.981
DZA,NOR,32924.5
DZA,POL,112182.632
DZA,PRT,1853359.6
DZA,ROU,46109.35
DZA,SEN,4271.71
DZA,SGP,359957.3
DZA,SRB,3091.63
DZA,SVN,20178.7
DZA,THA,70751.5
DZA,TUN,152658.202
DZA,TUR,1851737.273
DZA,UGA,4640.0
DZA,UKR,142059.3
DZA,USA,3726646.518
DZA,ZAF,133913.251
ECU,ARG,16599.665
ECU,ARM,0.015
ECU,AUT,0.05
ECU,BEL,0.008
ECU,BHS,58589.8
ECU,BOL,72.093
ECU,BRA,2.931
ECU,BRB,10.783
ECU,CAN,817363.563
ECU,CHL,1114826.778
ECU,CHN,5681819.606
ECU,COL,3512.858
ECU,CRI,285.425
ECU,DNK,0.002
ECU,ESP,0.001
ECU,FRA,0.006
ECU,GTM,162249.888
ECU,HND,222209.89
ECU,IDN,1.302
ECU,IND,184948.46
ECU,IRL,0.852
ECU,ISL,9.632
ECU,JPN,1743874.96
ECU,KOR,306853.0
ECU,MDA,3.168
ECU,MDV,16.64
ECU,MEX,3543.19
ECU,MHL,280.0
ECU,MYS,3.636
ECU,NIC,367462.742
ECU,NLD,0.089
ECU,NOR,0.029
ECU,PAN,12325727.338
ECU,PER,2091927.409
ECU,PHL,0.061
ECU,POL,212.847
ECU,RUS,470.0
ECU,SGP,79892.7
ECU,SLV,145749.637
ECU,USA,5042983.800000001
ECU,VEN,2221.812
EGY,AGO,258.414
EGY,ALB,33195.781
EGY,ARE,147046.235
EGY,ARG,79763.448
EGY,ARM,11533.8
EGY,AUS,0.108
EGY,AUT,0.115
EGY,AZE,38.932
EGY,BDI,23.606
EGY,BEL,97605.74299999999
EGY,BEN,406.563
EGY,BFA,67.774
EGY,BGR,478155.99
EGY,BHR,15.001
EGY,BIH,92.125
EGY,BLR,36.294
EGY,BOL,0.142
EGY,BRA,862.938
EGY,CAN,0.001
EGY,CHE,3.34
EGY,CHN,130051.931
EGY,CIV,41939.517
EGY,CMR,249.938
EGY,COL,25.775
EGY,CRI,0.005
EGY,CYP,0.001
EGY,CZE,0.096
EGY,DEU,513922.728
EGY,DJI,436.895
EGY,DNK,0.001
EGY,DOM,458.395
EGY,DZA,744.78
EGY,ERI,1185.722
EGY,ESP,220727.11
EGY,EST,10.163
EGY,ETH,13511.159
EGY,FRA,250763.833
EGY,GAB,309.86
EGY,GBR,160939.818
EGY,GEO,38291.472
EGY,GHA,32.396
EGY,GIN,23.084
EGY,GRC,1350499.813
EGY,GTM,370.13
EGY,HND,118.476
EGY,HRV,1.982
EGY,HUN,0.001
EGY,IDN,147.892
EGY,IND,341824.923
EGY,IRQ,44.575
EGY,ISL,35.202
EGY,ISR,478.41
EGY,ITA,955388.899
EGY,JOR,160504.908
EGY,JPN,2.101
EGY,KAZ,88.129
EGY,KEN,3015.081
EGY,KGZ,4.32
EGY,KOR,187686.199
EGY,KWT,16.141
EGY,LBN,228739.513
EGY,LBY,10363.016
EGY,LTU,151.395
EGY,LUX,0.01
EGY,MAR,48646.797
EGY,MDA,57812.689999999995
EGY,MDG,2944.721
EGY,MKD,10189.169
EGY,MLI,1556.722
EGY,MLT,8.2
EGY,MRT,7.847
EGY,MYS,49825.123
EGY,NAM,2.934
EGY,NER,2608.825
EGY,NGA,637.882
EGY,NLD,170865.584
EGY,NOR,17.133
EGY,NZL,0.672
EGY,OMN,15.495
EGY,PAN,146.3
EGY,PER,129.223
EGY,POL,33616.903000000006
EGY,PRT,0.012
EGY,PRY,0.001
EGY,PSE,15487.439
EGY,ROU,211146.479
EGY,RWA,1187.613
EGY,S19,62.917
EGY,SAU,5688352.117
EGY,SDN,2.549
EGY,SEN,10587.458
EGY,SGP,152084.954
EGY,SLE,202.97
EGY,SLV,23.193
EGY,SOM,1221.885
EGY,SRB,23680.49
EGY,SVK,2.25
EGY,SVN,393237.078
EGY,SWE,0.571
EGY,SYR,728.198
EGY,TGO,1072.175
EGY,THA,1.812
EGY,TUN,6903.646
EGY,TUR,1822929.369
EGY,TZA,1452.174
EGY,UGA,146.027
EGY,UKR,72574.18
EGY,USA,68568.579
EGY,UZB,29.74
EGY,VEN,61.331
EGY,ZAF,9637.936
EGY,ZMB,3.84
EGY,ZWE,154.628
ERI,BMU,0.001
ERI,ZAF,0.03
ERI,ZMB,32.4
ESP,AFG,393.05
ESP,AGO,20269.326
ESP,ALB,1912.332
ESP,AND,94280.265
ESP,ARE,367.539
ESP,ARG,601.249
ESP,ARM,26.546
ESP,AUS,1374.257
ESP,AUT,1874.605
ESP,AZE,300.596
ESP,BEL,508776.511
ESP,BEN,138.501
ESP,BFA,2047.044
ESP,BGD,115.551
ESP,BGR,1203.756
ESP,BHR,1.533
ESP,BHS,36968.995
ESP,BIH,22175.733
ESP,BLR,278.82
ESP,BOL,649.689
ESP,BRA,932032.9859999999
ESP,BRN,1.265
ESP,CAF,43.892
ESP,CAN,21200.867
ESP,CHE,805.4159999999999
ESP,CHL,1617.134
ESP,CHN,13938.893
ESP,CIV,28970.076
ESP,CMR,1914.904
ESP,COD,0.067
ESP,COG,143.028
ESP,COL,1048.2240000000002
ESP,COM,3.6
ESP,CPV,19.421
ESP,CRI,1498.2759999999998
ESP,CUB,1741.374
ESP,CYP,3345.657
ESP,CZE,2447.757
ESP,DEU,206077.337
ESP,DJI,27.473
ESP,DNK,6504.6449999999995
ESP,DOM,26480.093
ESP,DZA,1389.579
ESP,ECU,908.983
ESP,EGY,217428.587
ESP,EST,6801.076
ESP,ETH,0.371
ESP,FIN,15386.873
ESP,FRA,3935843.2360000005
ESP,GAB,1850.331
ESP,GBR,620413.937
ESP,GEO,71.453
ESP,GHA,167.734
ESP,GIB,683979.9280000001
ESP,GIN,169.846
ESP,GMB,25957.55
ESP,GNB,44.078
ESP,GNQ,181.854
ESP,GRC,80012.595
ESP,GTM,3563.218
ESP,GUY,16.15
ESP,HKG,36.341
ESP,HND,496.537
ESP,HRV,149007.79400000002
ESP,HUN,872.153
ESP,IDN,344.511
ESP,IND,96549.31000000001
ESP,IRL,35573.907
ESP,IRN,20.121
ESP,IRQ,687.23
ESP,ISL,15520.004
ESP,ISR,1144.613
ESP,ITA,975711.062
ESP,JAM,31.871
ESP,JOR,997.657
ESP,JPN,286.317
ESP,KAZ,87.778
ESP,KEN,90.041
ESP,KGZ,130.56
ESP,KHM,48.61
ESP,KOR,87004.67499999999
ESP,KWT,43.946
ESP,LBN,4393.285
ESP,LBR,11987.88
ESP,LBY,12218.167
ESP,LKA,0.159
ESP,LSO,0.029
ESP,LTU,1056.664
ESP,LUX,614.82
ESP,LVA,956.199
ESP,MAR,6523218.098999999
ESP,MDA,113.726
ESP,MDG,5.251
ESP,MDV,0.564
ESP,MEX,484.028
ESP,MHL,14.202
ESP,MKD,156.948
ESP,MLI,372.537
ESP,MLT,493312.891
ESP,MNE,347.958
ESP,MNG,91.449
ESP,MOZ,59.49
ESP,MRT,266111.063
ESP,MUS,21835.367
ESP,MWI,0.032
ESP,MYS,38.473
ESP,NAM,4908.78
ESP,NCL,43.94
ESP,NER,6.24
ESP,NGA,98183.646
ESP,NIC,439.806
ESP,NLD,1533912.6940000001
ESP,NOR,4146.01
ESP,NPL,0.205
ESP,NZL,30.507
ESP,OMN,3.154
ESP,PAK,876.232
ESP,PAN,2256.191
ESP,PER,4396.766
ESP,PHL,173.115
ESP,POL,3956.455
ESP,PRT,1967185.3369999998
ESP,PRY,1279.982
ESP,PYF,15.382
ESP,QAT,81009.472
ESP,ROU,3371.441
ESP,S19,5456.088
ESP,SAU,16810.17
ESP,SEN,191253.927
ESP,SGP,159765.559
ESP,SLE,82242.852
ESP,SLV,1016.861
ESP,SRB,689.706
ESP,SVK,452.755
ESP,SVN,156401.193
ESP,SWE,8648.781
ESP,SYC,932.513
ESP,TCD,100.504
ESP,TGO,46355.768
ESP,THA,1060.687
ESP,TJK,0.02
ESP,TKM,0.117
ESP,TTO,37053.758
ESP,TUN,39487.166
ESP,TUR,157178.484
ESP,TZA,321.327
ESP,UGA,0.032
ESP,UKR,3352.539
ESP,URY,535.647
ESP,USA,1358107.62
ESP,UZB,5.95
ESP,VEN,83851.05
ESP,VNM,1046.768
ESP,YEM,44.752
ESP,ZAF,12664.442
ESP,ZMB,19.096
ESP,ZWE,10.345
EST,ARE,52.319
EST,ARG,6779.15
EST,AUS,0.005
EST,AUT,78.221
EST,AZE,310.422
EST,BEL,22358.914
EST,BFA,0.004
EST,BGR,20.234
EST,BHS,0.01
EST,BLR,613.563
EST,CAN,0.1
EST,CHE,59.535
EST,CHN,0.253
EST,COG,0.005
EST,CYM,0.006
EST,CYP,0.117
EST,CZE,380.894
EST,DEU,3147.264
EST,DNK,382.29
EST,EGY,9232.863
EST,ESP,9736.833
EST,FIN,102908.946
EST,FJI,0.003
EST,FRA,2706.293
EST,GAB,0.001
EST,GBR,2843.235
EST,GEO,17.833
EST,GIB,8953.48
EST,GTM,0.073
EST,HKG,0.004
EST,HRV,433.487
EST,HUN,242.007
EST,IDN,0.013
EST,IND,21.098
EST,IRL,62.881
EST,ISL,0.054
EST,ISR,1308.17
EST,ITA,842.1809999999999
EST,JOR,0.001
EST,JPN,0.003
EST,KAZ,40.417
EST,KGZ,1.267
EST,KNA,0.058
EST,KOR,0.005
EST,LKA,0.009
EST,LTU,55276.647
EST,LVA,39765.771
EST,MDA,0.009
EST,MLT,0.005
EST,MUS,0.004
EST,MYS,0.72
EST,NAM,9321.85
EST,NGA,219.579
EST,NLD,162142.94700000001
EST,NOR,1702.8149999999998
EST,NZL,0.013
EST,PAK,371.727
EST,PAN,324.336
EST,POL,8635.789999999999
EST,PRT,4.353
EST,PRY,169.622
EST,ROU,1111.268
EST,RUS,0.512
EST,SAU,0.066
EST,SGP,130456.715
EST,SRB,5.839
EST,SVK,83.367
EST,SVN,108.737
EST,SWE,337.52
EST,TTO,0.002
EST,TUR,995.639
EST,TZA,303.568
EST,UKR,316.375
EST,USA,45226.492
EST,UZB,43.262
EST,ZAF,216.441
ETH,CAN,0.006
ETH,ITA,0.224
ETH,KEN,0.226
ETH,LSO,64.533
ETH,ZAF,11.5
FIN,AGO,0.074
FIN,ARE,32.401
FIN,ARG,66728.359
FIN,ARM,75.704
FIN,AUS,60.679
FIN,AUT,913.293
FIN,AZE,6.819
FIN,BEL,531638.886
FIN,BGR,2.608
FIN,BHR,0.43
FIN,BHS,66146.539
FIN,BIH,3.025
FIN,BRA,3580.775
FIN,BRN,0.001
FIN,CAN,16701.117000000002
FIN,CHE,28505.226
FIN,CHL,0.08
FIN,CHN,4788.004
FIN,CIV,0.019
FIN,CMR,0.019
FIN,COL,257.646
FIN,CYP,0.006
FIN,CZE,352.725
FIN,DEU,87393.053
FIN,DNK,6032.461
FIN,DOM,0.451
FIN,DZA,0.007
FIN,ECU,30327.703
FIN,EGY,53.285
FIN,ESP,26159.84
FIN,EST,620657.589
FIN,FRA,60332.863000000005
FIN,GBR,300698.37299999996
FIN,GEO,278.244
FIN,GRC,0.02
FIN,GRL,2.8
FIN,HKG,0.02
FIN,HND,0.057
FIN,HRV,0.012
FIN,HUN,1.442
FIN,IDN,1.853
FIN,IND,158.328
FIN,IRL,194.672
FIN,ISL,3450.4719999999998
FIN,ISR,0.429
FIN,ITA,41496.048
FIN,JPN,0.738
FIN,KAZ,10.48
FIN,KEN,86.269
FIN,KGZ,3.214
FIN,KOR,20.361
FIN,KWT,0.631
FIN,LTU,184543.399
FIN,LUX,1.666
FIN,LVA,920700.471
FIN,MAR,51045.72
FIN,MDA,0.194
FIN,MEX,0.077
FIN,MKD,0.373
FIN,MLT,0.032
FIN,MNE,1.204
FIN,MNG,4.33
FIN,MOZ,0.056
FIN,MUS,0.016
FIN,MYS,8.131
FIN,NAM,0.146
FIN,NGA,4.335
FIN,NIC,0.003
FIN,NLD,618183.6070000001
FIN,NOR,18366.312
FIN,NZL,0.009
FIN,OMN,0.16
FIN,PAK,0.001
FIN,PAN,0.001
FIN,PER,0.087
FIN,PHL,0.015
FIN,POL,323381.823
FIN,PRT,6643.42
FIN,PRY,0.042
FIN,QAT,3142.588
FIN,ROU,5.899
FIN,S19,0.313
FIN,SAU,15.39
FIN,SEN,8178.48
FIN,SGP,15.391
FIN,SRB,88.133
FIN,SVK,12.688
FIN,SVN,1.961
FIN,SWE,1563648.086
FIN,THA,1.478
FIN,TUN,26217.187
FIN,TUR,6738.104
FIN,TZA,0.612
FIN,UKR,11641.834
FIN,URY,0.336
FIN,USA,927205.202
FIN,UZB,36.0
FIN,VNM,0.049
FIN,ZAF,791.666
FIN,ZMB,0.008
FIN,ZWE,0.004
FJI,ASM,899.492
FJI,AUS,191.018
FJI,COK,24527.109999999997
FJI,FRA,0.02
FJI,ISL,92.845
FJI,KIR,403.611
FJI,MHL,3284.78
FJI,NFK,4782.79
FJI,NLD,0.046
FJI,NRU,180.797
FJI,NZL,322.71
FJI,SGP,905.038
FJI,TON,63738.984
FJI,TUV,8084.8949999999995
FJI,USA,0.009
FJI,VUT,281.394
FJI,WLF,17347.901
FJI,WSM,1488.1970000000001
FLK,CAN,0.009
FLK,IRL,0.004
FRA,ABW,2.488
FRA,AGO,6327.252
FRA,ALB,2903.756
FRA,AND,49936.557
FRA,ARE,5942.307
FRA,ARG,79607.504
FRA,ARM,252.077
FRA,ATF,1065.474
FRA,ATG,5861.43
FRA,AUS,1737.7050000000002
FRA,AUT,12971.271
FRA,AZE,483.636
FRA,BDI,0.017
FRA,BEL,4605095.489
FRA,BEN,4895.202
FRA,BES,27888.37
FRA,BFA,5074.361
FRA,BGD,1.73
FRA,BGR,2643.136
FRA,BHR,94.636
FRA,BHS,19.375
FRA,BIH,740.606
FRA,BLM,10301.467999999999
FRA,BLR,215.89
FRA,BLZ,9.304
FRA,BMU,1.058
FRA,BOL,179.794
FRA,BRA,266380.743
FRA,BRB,222.026
FRA,BRN,8.286
FRA,BWA,0.021
FRA,CAF,487.714
FRA,CAN,136788.891
FRA,CHE,1836170.82
FRA,CHL,4077.566
FRA,CHN,11432.346
FRA,CIV,43842.738
FRA,CMR,3090.878
FRA,COD,373.76000000000005
FRA,COG,6429.314
FRA,COL,4125.69
FRA,COM,89.992
FRA,CPV,0.175
FRA,CRI,531.366
FRA,CUB,271.337
FRA,CUW,0.03
FRA,CYM,12.106
FRA,CYP,43999.098999999995
FRA,CZE,33473.154
FRA,DEU,1889038.423
FRA,DJI,18.174
FRA,DMA,19.343
FRA,DNK,42831.621
FRA,DOM,10399.085
FRA,DZA,8458.791
FRA,ECU,228.605
FRA,EGY,79360.558
FRA,ERI,3.122
FRA,ESP,2492412.648
FRA,EST,487.814
FRA,ETH,1.295
FRA,FIN,11719.508
FRA,FJI,2.045
FRA,GAB,3711.496
FRA,GBR,295259.596
FRA,GEO,419.067
FRA,GHA,1720.762
FRA,GIB,494730.981
FRA,GIN,2086.984
FRA,GMB,27.040999999999997
FRA,GNQ,189.038
FRA,GRC,163334.06900000002
FRA,GTM,1941.365
FRA,GUM,0.031
FRA,GUY,1263.284
FRA,HKG,273.93
FRA,HND,467.147
FRA,HRV,1696.3239999999998
FRA,HTI,0.165
FRA,HUN,15661.063
FRA,IDN,1160.437
FRA,IND,3601.738
FRA,IRL,25495.097
FRA,IRQ,1940.017
FRA,ISL,24749.462000000003
FRA,ISR,2246.151
FRA,ITA,11129123.185999999
FRA,JAM,130.506
FRA,JOR,32611.017
FRA,JPN,12433.428
FRA,KAZ,2535.544
FRA,KEN,482.963
FRA,KGZ,436.309
FRA,KHM,0.063
FRA,KOR,1266.5290000000002
FRA,KWT,1526.635
FRA,LAO,0.017
FRA,LBN,5973.612
FRA,LBR,47.665
FRA,LBY,60975.063
FRA,LCA,14.497
FRA,LKA,41.19
FRA,LTU,616.991
FRA,LUX,20387.258
FRA,LVA,192.169
FRA,MAC,6.67
FRA,MAR,111399.825
FRA,MDA,393.50399999999996
FRA,MDG,1276.874
FRA,MDV,63.508
FRA,MEX,11415.117
FRA,MKD,461.277
FRA,MLI,740.279
FRA,MLT,136566.25699999998
FRA,MMR,17.39
FRA,MNE,442.25199999999995
FRA,MNG,66.793
FRA,MNP,0.006
FRA,MOZ,24.581
FRA,MRT,3698.49
FRA,MUS,578.3620000000001
FRA,MWI,0.828
FRA,MYS,3107.315
FRA,NAM,3295.619
FRA,NCL,397.244
FRA,NER,171.612
FRA,NGA,253564.93500000003
FRA,NIC,282.163
FRA,NLD,2025381.1890000002
FRA,NOR,13785.87
FRA,NPL,1.775
FRA,NZL,590.418
FRA,OMN,167.931
FRA,PAK,460.48699999999997
FRA,PAN,753.681
FRA,PER,3945.4590000000003
FRA,PHL,118.963
FRA,POL,57173.674999999996
FRA,PRT,64062.918999999994
FRA,PRY,95.412
FRA,PSE,106.856
FRA,PYF,506.004
FRA,QAT,584.33
FRA,ROU,10970.385
FRA,RWA,0.079
FRA,S19,79156.89
FRA,SAU,27728.574
FRA,SEN,201233.30000000002
FRA,SGP,38791.074
FRA,SLE,69.631
FRA,SLV,769.692
FRA,SOM,0.739
FRA,SPM,6.072
FRA,SRB,1441.523
FRA,SUR,30.296
FRA,SVK,4137.535
FRA,SVN,4603.877
FRA,SWE,26368.316
FRA,SYC,1.124
FRA,TCD,99.372
FRA,TGO,638.997
FRA,THA,1814.603
FRA,TJK,9.011
FRA,TKM,160.605
FRA,TTO,39694.876
FRA,TUN,81800.919
FRA,TUR,107822.768
FRA,TZA,204.65800000000002
FRA,UGA,7869.771
FRA,UKR,9184.806999999999
FRA,URY,292.339
FRA,USA,1327193.5439999998
FRA,UZB,269.954
FRA,VEN,25093.368
FRA,VNM,391.826
FRA,WLF,0.5780000000000001
FRA,YEM,17.236
FRA,ZAF,31400.259000000002
FRA,ZMB,179.278
FRA,ZWE,0.187
FSM,KOR,60.0
FSM,MOZ,170.001
GAB,AGO,0.003
GAB,BEL,109741.632
GAB,BFA,73.416
GAB,BRA,1176755.2
GAB,CHN,2879881.0
GAB,DEU,171501.901
GAB,ESP,251487.053
GAB,FRA,1.288
GAB,GBR,13500.0
GAB,IDN,1706100.0
GAB,IND,369.639
GAB,ITA,495411.0
GAB,MYS,853004.4
GAB,NLD,547784.2509999999
GAB,ROU,57627.0
GAB,THA,330098.5
GAB,USA,158042.343
GAB,ZAF,0.011
GBR,AGO,95065.12800000001
GBR,ALB,4.222
GBR,AND,15.837
GBR,ARE,12312.297
GBR,ARG,48.16
GBR,ARM,484.937
GBR,ATG,0.197
GBR,AUS,880.869
GBR,AUT,318.611
GBR,AZE,261.381
GBR,BEL,6368579.305
GBR,BEN,10145.842
GBR,BFA,24705.996
GBR,BGD,59.504
GBR,BGR,2155.714
GBR,BHR,155.285
GBR,BHS,73465.1
GBR,BIH,9.837
GBR,BLZ,2.577
GBR,BMU,0.015
GBR,BOL,80.74799999999999
GBR,BRA,499327.418
GBR,BRB,6.045
GBR,BRN,2.904
GBR,CAF,0.211
GBR,CAN,1070909.2349999999
GBR,CHE,608.904
GBR,CHL,156.804
GBR,CHN,1862787.013
GBR,CIV,8311.475
GBR,CMR,0.021
GBR,COD,0.58
GBR,COG,1.192
GBR,COL,86641.772
GBR,CRI,11.249
GBR,CUW,44.139
GBR,CYP,188.75099999999998
GBR,CZE,886.333
GBR,DEU,3942386.93
GBR,DNK,372783.263
GBR,DOM,49565.771
GBR,DZA,468.567
GBR,ECU,49.992000000000004
GBR,EGY,11101.434
GBR,ESP,900257.8640000001
GBR,EST,118.864
GBR,ETH,2.032
GBR,FIN,1033583.532
GBR,FJI,0.094
GBR,FLK,588.624
GBR,FRA,1324781.947
GBR,GAB,2154.76
GBR,GEO,630.7299999999999
GBR,GHA,16247.238
GBR,GIB,162829.064
GBR,GIN,1.88
GBR,GMB,15.311
GBR,GNQ,18.939
GBR,GRC,3447.655
GBR,GRD,34.169
GBR,GRL,35.864
GBR,GTM,15.646
GBR,GUY,35.453
GBR,HKG,90.267
GBR,HND,171.99
GBR,HRV,152.061
GBR,HUN,185.55599999999998
GBR,IDN,21547.841
GBR,IND,1199.577
GBR,IRL,5066421.881
GBR,IRN,1.089
GBR,IRQ,11737.623
GBR,ISL,7460.558
GBR,ISR,835.353
GBR,ITA,593624.736
GBR,JAM,26.207
GBR,JOR,59.896
GBR,JPN,1145.211
GBR,KAZ,2175.698
GBR,KEN,21387.426000000003
GBR,KGZ,773.705
GBR,KHM,0.262
GBR,KNA,0.82
GBR,KOR,776350.4940000001
GBR,KWT,1580.651
GBR,LBN,626.374
GBR,LBR,24.798
GBR,LBY,624.196
GBR,LCA,7.618
GBR,LKA,61.577
GBR,LTU,955485.501
GBR,LUX,0.797
GBR,LVA,6603.452
GBR,MAC,9.081
GBR,MAR,433093.991
GBR,MDA,6694.016
GBR,MDG,0.458
GBR,MDV,2.6729999999999996
GBR,MEX,27.845
GBR,MHL,9169.5
GBR,MKD,13.705
GBR,MLT,118.745
GBR,MMR,7.697
GBR,MNE,0.586
GBR,MNG,143.318
GBR,MOZ,3.269
GBR,MRT,65.83800000000001
GBR,MSR,0.28
GBR,MUS,70.75800000000001
GBR,MWI,138.686
GBR,MYS,31682.528
GBR,NAM,15.849
GBR,NCL,0.003
GBR,NER,87.43
GBR,NGA,1180982.3
GBR,NIC,0.076
GBR,NLD,16711410.795
GBR,NOR,545579.47
GBR,NZL,704.148
GBR,OMN,182.20200000000003
GBR,PAK,478.931
GBR,PAN,10567.611
GBR,PER,30.774
GBR,PHL,49.87
GBR,PNG,15.119000000000002
GBR,POL,2616393.94
GBR,PRT,33874.696
GBR,PRY,28283.552
GBR,PYF,0.033
GBR,QAT,52457.288
GBR,ROU,1097.919
GBR,RWA,2.645
GBR,S19,2444.437
GBR,SAU,704.998
GBR,SEN,154317.823
GBR,SGP,449114.871
GBR,SHN,369.954
GBR,SLE,241.849
GBR,SLV,59.367
GBR,SMR,1.53
GBR,SRB,2463.045
GBR,SVK,185.882
GBR,SVN,64.423
GBR,SWE,2642020.9710000004
GBR,SYC,1.263
GBR,TGO,34142.85
GBR,THA,323.396
GBR,TKM,140.526
GBR,TTO,107510.43699999999
GBR,TUN,29.966
GBR,TUR,25701.711
GBR,TZA,4916.908
GBR,UGA,9.118
GBR,UKR,4891.94
GBR,URY,10.847000000000001
GBR,USA,3940019.88
GBR,UZB,7.949
GBR,VGB,19.92
GBR,VNM,254.429
GBR,ZAF,65315.988
GBR,ZMB,7469.9839999999995
GBR,ZWE,48867.933000000005
GEO,ARM,4163.888
GEO,AUS,0.56
GEO,AUT,0.013
GEO,AZE,99.919
GEO,BFA,7916.233
GEO,BGR,342.431
GEO,BHR,0.246
GEO,CIV,0.05
GEO,COL,34.277
GEO,CZE,0.002
GEO,ECU,677.18
GEO,ESP,31168.324
GEO,FIN,4.386
GEO,FRA,132.892
GEO,GBR,101376.0
GEO,GRC,1583.961
GEO,IND,11.99
GEO,ISR,3.027
GEO,KAZ,19.976
GEO,KGZ,116.831
GEO,KHM,13.26
GEO,LTU,1.324
GEO,MDA,0.009
GEO,NLD,10978.434
GEO,ROU,3.554
GEO,SGP,316.78
GEO,SRB,348.649
GEO,THA,0.001
GEO,TUR,39322.189
GEO,UKR,1682.46
GEO,UZB,5057.3
GEO,ZAF,122.859
GEO,ZMB,0.513
GHA,AUT,37662.0
GHA,BEL,0.107
GHA,BEN,242.91000000000003
GHA,BFA,488734.17600000004
GHA,BGR,130241.8
GHA,BRA,648079.0
GHA,CAN,0.001
GHA,CHN,1896222.0
GHA,CIV,4.32
GHA,CYP,0.002
GHA,DEU,81895.0
GHA,DNK,0.003
GHA,ESP,130716.0
GHA,FRA,0.214
GHA,GBR,0.036
GHA,GRC,0.003
GHA,IND,386697.0
GHA,ISL,74.735
GHA,ITA,509614.017
GHA,LUX,0.001
GHA,MAR,0.003
GHA,NAM,0.1
GHA,NER,34.617
GHA,NLD,71035.514
GHA,PRT,260619.0
GHA,SEN,37084.38
GHA,SGP,76357.326
GHA,THA,0.099
GHA,TUR,0.008
GHA,USA,1433949.927
GHA,ZAF,502524.049
GHA,ZWE,0.004
GIB,BEL,9638.333
GIB,DEU,0.016
GIB,DNK,0.006
GIB,EGY,0.858
GIB,ESP,6.394
GIB,FRA,0.101
GIB,GRC,0.008
GIB,IND,9.62
GIB,ITA,1.874
GIB,KOR,517.804
GIB,MAR,34933.1
GIB,NLD,590.434
GIB,SAU,92991.6
GIB,SGP,2.618
GIB,TUR,0.003
GIN,BEL,0.039
GIN,BMU,721.658
GIN,CAN,0.002
GIN,CIV,22.762
GIN,EGY,91072.976
GIN,FRA,0.652
GIN,IND,168.645
GIN,NLD,0.504
GIN,SEN,5.452
GIN,TUR,0.001
GMB,BEL,0.002
GMB,CZE,1.436
GMB,FRA,0.052
GMB,GIN,1.163
GMB,GNB,1768.5500000000002
GMB,ITA,0.22
GMB,MLI,17330.0
GMB,NLD,0.097
GMB,SEN,5.0
GNQ,BEL,1906.5339999999999
GNQ,BFA,51.94
GNQ,BRA,28698.3
GNQ,CAF,7936.0
GNQ,CHL,33566.2
GNQ,CHN,1448322.7999999998
GNQ,DEU,50871.0
GNQ,DOM,7833.314
GNQ,ESP,1134843.596
GNQ,FRA,243416.633
GNQ,GBR,192734.0
GNQ,IDN,235148.0
GNQ,IND,995918.0
GNQ,IRL,0.038
GNQ,ITA,487800.5
GNQ,JPN,328707.0
GNQ,KOR,317697.9
GNQ,MAR,5281.97
GNQ,NGA,69.762
GNQ,NLD,139102.039
GNQ,PHL,188136.0
GNQ,POL,6185.28
GNQ,PRT,20544.8
GNQ,S19,237503.714
GNQ,SEN,5987.71
GNQ,SGP,0.04
GNQ,SLV,25917.8
GNQ,THA,262906.4
GNQ,UKR,523.01
GNQ,USA,197659.992
GNQ,ZAF,12467.822
GRC,ABW,41.76
GRC,AGO,84.108
GRC,ALB,147700.923
GRC,ARE,55669.696
GRC,ARG,0.001
GRC,ARM,22101.159
GRC,ATG,13768.034
GRC,AUS,76.06
GRC,AUT,11685.254
GRC,AZE,6398.167
GRC,BEL,120292.688
GRC,BFA,14287.635
GRC,BGD,0.823
GRC,BGR,148323.62
GRC,BHR,4176.427
GRC,BHS,128735.359
GRC,BIH,107581.418
GRC,BLR,78.32
GRC,BLZ,2938.182
GRC,BMU,35087.422
GRC,BRA,53803.086
GRC,BRB,10145.072
GRC,CAF,23.612
GRC,CAN,16742.093
GRC,CHE,100.092
GRC,CHL,548.783
GRC,CHN,416755.48
GRC,CIV,200.048
GRC,CMR,855.446
GRC,COD,34.542
GRC,COG,114.559
GRC,COK,985.21
GRC,COL,0.737
GRC,COM,927.082
GRC,CPV,49.82
GRC,CRI,14.368
GRC,CUB,80.128
GRC,CYM,4058.547
GRC,CYP,966530.6529999999
GRC,CZE,10094.689
GRC,DEU,94222.913
GRC,DJI,2602.107
GRC,DNK,6838.442
GRC,DOM,25730.1
GRC,DZA,4396.53
GRC,EGY,999346.273
GRC,ESP,158641.22
GRC,EST,3661.4809999999998
GRC,ETH,3535.388
GRC,FIN,2694.729
GRC,FJI,0.002
GRC,FLK,29937.1
GRC,FRA,24789.177
GRC,GAB,1172.283
GRC,GBR,214196.709
GRC,GEO,188917.651
GRC,GHA,241.858
GRC,GIB,1686913.869
GRC,GIN,119.433
GRC,GMB,169.842
GRC,GNB,320.962
GRC,GTM,1.171
GRC,HKG,71547.39700000001
GRC,HRV,273813.524
GRC,HUN,51645.993
GRC,IDN,95225.455
GRC,IND,52781.873
GRC,IOT,29843.7
GRC,IRL,81172.176
GRC,IRQ,89.175
GRC,ISL,881.646
GRC,ISR,121763.133
GRC,ITA,1066922.898
GRC,JOR,10471.395
GRC,JPN,251.529
GRC,KAZ,221.078
GRC,KEN,74.083
GRC,KNA,3000.722
GRC,KOR,1330494.0119999999
GRC,KWT,313.29
GRC,LBN,1557519.294
GRC,LBR,311534.961
GRC,LBY,1403086.022
GRC,LTU,172.248
GRC,LUX,7396.5869999999995
GRC,LVA,182.287
GRC,MAR,256164.751
GRC,MDA,21300.695
GRC,MDG,1.022
GRC,MEX,53.248
GRC,MHL,245097.191
GRC,MKD,865053.578
GRC,MLI,85.842
GRC,MLT,139442.154
GRC,MNE,264618.914
GRC,MNG,62.33
GRC,MRT,2901.605
GRC,MUS,0.013
GRC,MYS,235544.2
GRC,NGA,263.631
GRC,NLD,352818.443
GRC,NOR,1037.723
GRC,NPL,2.801
GRC,NZL,14.355
GRC,OMN,18.413
GRC,PAK,1.55
GRC,PAN,100504.989
GRC,PER,0.789
GRC,PHL,210.706
GRC,PLW,5534.46
GRC,POL,18304.186
GRC,PRT,38799.504
GRC,QAT,22659.696
GRC,ROU,323024.236
GRC,S19,202152.886
GRC,SAU,476846.498
GRC,SEN,9225.316
GRC,SGP,362132.088
GRC,SHN,10381.6
GRC,SLE,2624.051
GRC,SMR,445.378
GRC,SRB,63333.535
GRC,SUR,15.21
GRC,SVK,1029.057
GRC,SVN,411971.532
GRC,SWE,35884.808999999994
GRC,SYC,1.546
GRC,TGO,2910.706
GRC,THA,2.506
GRC,TKM,399.24
GRC,TUN,426612.782
GRC,TUR,568646.223
GRC,TUV,144.602
GRC,TZA,1639.788
GRC,UKR,1604072.7550000001
GRC,USA,350363.322
GRC,UZB,70.965
GRC,VCT,2055.204
GRC,VNM,125.459
GRC,VUT,1128.266
GRC,ZAF,126291.497
GRD,AUS,0.276
GRD,BEL,0.002
GRD,BRB,0.01
GRD,CAN,0.006
GRD,NLD,0.056
GRL,CAN,528.916
GRL,DNK,10.791
GRL,ISL,455.754
GRL,NLD,0.079
GRL,SGP,1.92
GRL,SWE,1.08
GTM,ATG,93.308
GTM,BEL,0.001
GTM,BLZ,30191.909
GTM,CAN,0.002
GTM,CHN,151.162
GTM,COL,37.255
GTM,CRI,71.347
GTM,DEU,0.389
GTM,DNK,90.368
GTM,DOM,152.767
GTM,ESP,2.833
GTM,FRA,0.074
GTM,GUY,0.098
GTM,HKG,377.021
GTM,HND,76350.712
GTM,ISL,6.462
GTM,LBR,230.086
GTM,MEX,42022.478
GTM,MHL,223.592
GTM,MLT,30.561
GTM,NIC,25659.82
GTM,NLD,0.003
GTM,PAN,1510.843
GTM,PER,0.482
GTM,PRT,297.473
GTM,SLV,217343.818
GTM,USA,177911.622
GTM,VCT,16.028
GTM,VEN,423.482
GTM,WLF,51.58
GUM,KOR,2411.065
GUM,NLD,0.221
GUM,SGP,20.05
GUY,AUT,275058.0
GUY,BEL,0.49
GUY,BGR,215318.2
GUY,BRA,1441031.9
GUY,CAN,8.38
GUY,CHN,452842.6
GUY,COL,83937.5
GUY,CZE,58806.0
GUY,DEU,4337417.0
GUY,ESP,2121250.0
GUY,FIN,248554.768
GUY,FRA,291540.863
GUY,GBR,1637200.0
GUY,GRC,347143.1
GUY,HRV,40000.0
GUY,HUN,0.005
GUY,IND,949.602
GUY,ITA,328644.0
GUY,NLD,4841960.069
GUY,POL,654172.0
GUY,ROU,1025702.85
GUY,SGP,103182.0
GUY,SVK,100754.0
GUY,SWE,1757959.0
GUY,USA,10033946.999
HKG,AGO,0.103
HKG,ARE,1075.916
HKG,ARG,17.52
HKG,AUS,5021.606
HKG,AUT,109.56
HKG,BEL,0.3
HKG,BGD,94.0
HKG,BLZ,1.08
HKG,BRA,2.877
HKG,BRB,43.978
HKG,BRN,419.318
HKG,CAN,10.956
HKG,CHN,127826.557
HKG,CIV,0.052
HKG,COL,0.498
HKG,CRI,1.778
HKG,DEU,0.124
HKG,ECU,0.188
HKG,EGY,538.036
HKG,ESP,0.001
HKG,EST,0.003
HKG,FJI,135.661
HKG,FRA,0.011
HKG,GBR,37.306
HKG,GHA,145.298
HKG,GIN,133.0
HKG,GRC,0.006
HKG,GTM,43.705
HKG,GUM,249.0
HKG,HUN,0.049
HKG,IDN,4791.464
HKG,IND,2719.084
HKG,IRN,80.71
HKG,ISL,43.239
HKG,ISR,272.912
HKG,JPN,1187.308
HKG,KAZ,3740.228
HKG,KEN,7.465
HKG,KGZ,44.784
HKG,KHM,5.983
HKG,KOR,7113.469
HKG,LKA,13.831000000000001
HKG,MAC,755.242
HKG,MDG,6.0
HKG,MLT,0.456
HKG,MMR,20.572
HKG,MNG,687.895
HKG,MOZ,11.919
HKG,MRT,13.335
HKG,MYS,3430.305
HKG,NAM,3.46
HKG,NLD,2.3619999999999997
HKG,NZL,478.921
HKG,OMN,3714.273
HKG,PAK,271.772
HKG,PAN,4.979
HKG,PER,51.998
HKG,PHL,950.179
HKG,PNG,318.898
HKG,PRT,0.233
HKG,ROU,0.005
HKG,RUS,2796.77
HKG,S19,9119.702
HKG,SAU,93.3
HKG,SGP,27106.283
HKG,SLV,2.618
HKG,SWE,0.196
HKG,SYC,0.167
HKG,THA,2594.413
HKG,TLS,693.0
HKG,TUR,4.038
HKG,TZA,630.942
HKG,USA,1106.8909999999998
HKG,UZB,243.752
HKG,VNM,4615.653
HKG,VUT,40.0
HKG,ZAF,4062.113
HKG,ZMB,9026.82
HKG,ZWE,619.467
HND,BEL,0.005
HND,BGR,0.033
HND,BLZ,370.336
HND,CAN,0.055
HND,CRI,675.71
HND,DEU,1.84
HND,DOM,7.332
HND,GTM,193.276
HND,MEX,4.776
HND,NIC,17.965
HND,NLD,0.491
HND,SLV,35.275
HND,USA,0.036
HRV,ALB,19098.388
HRV,ARE,299.95
HRV,AUS,0.012
HRV,AUT,2463.46
HRV,AZE,18.597
HRV,BEL,241.15300000000002
HRV,BGR,4080.209
HRV,BIH,249273.984
HRV,CAN,0.001
HRV,CHE,14.551
HRV,CHL,0.013
HRV,CHN,0.012
HRV,CYP,7299.97
HRV,CZE,324.974
HRV,DEU,1028.678
HRV,DNK,15.967
HRV,ESP,10554.126
HRV,EST,31.974
HRV,FIN,26.441
HRV,FRA,353.434
HRV,GBR,29.711
HRV,GIB,69302.244
HRV,GRC,5184.849999999999
HRV,GUY,26.898
HRV,HUN,1067604.546
HRV,IRL,21.32
HRV,ISL,241.757
HRV,ISR,2.896
HRV,ITA,67095.353
HRV,KGZ,0.06
HRV,KOR,0.357
HRV,LTU,7.606
HRV,LUX,0.013
HRV,LVA,123.978
HRV,MAR,2198.958
HRV,MDA,11215.046
HRV,MKD,3974.135
HRV,MLT,161495.1
HRV,MNE,121829.012
HRV,MYS,61.515
HRV,NGA,79.988
HRV,NLD,456.956
HRV,NOR,21.443
HRV,POL,191.601
HRV,PRT,24.624
HRV,QAT,17.156
HRV,ROU,780.452
HRV,S19,0.005
HRV,SEN,2579.596
HRV,SRB,10307.084
HRV,SVK,544000.043
HRV,SVN,194444.935
HRV,SWE,8.23
HRV,SYC,5.915
HRV,TUN,2152.337
HRV,TUR,2597.649
HRV,UKR,5543.807
HTI,AUT,0.003
HTI,BEL,0.006
HTI,BGR,0.011
HTI,CAN,0.003
HTI,CZE,0.001
HTI,DEU,0.005
HTI,DOM,14.798
HTI,FRA,0.046
HTI,LTU,23.607
HUN,ALB,641.049
HUN,ARE,22678.15
HUN,ARG,20.937
HUN,ARM,7.556
HUN,AUS,0.013
HUN,AUT,54753.121
HUN,AZE,129.581
HUN,BEL,7377.38
HUN,BGR,9128.422999999999
HUN,BHR,3.21
HUN,BIH,7786.1759999999995
HUN,BLR,4155.477
HUN,BMU,0.037
HUN,BRA,22.431
HUN,BRB,4.876
HUN,BRN,1.6
HUN,BWA,10.095
HUN,CAN,3.398
HUN,CHE,483.573
HUN,CHL,0.001
HUN,CHN,18993.598
HUN,COD,75.896
HUN,COK,23.614
HUN,CPV,7.039
HUN,CYP,1.311
HUN,CZE,39990.52
HUN,DEU,25886.266
HUN,DNK,192.155
HUN,DOM,349.871
HUN,DZA,38.82
HUN,ECU,25.667
HUN,EGY,4648.074
HUN,ESP,725.362
HUN,EST,3.48
HUN,FIN,201.978
HUN,FRA,1158.309
HUN,GBR,2236.48
HUN,GEO,2102.554
HUN,GHA,0.025
HUN,GIB,1.928
HUN,GRC,3577.8959999999997
HUN,GTM,0.17
HUN,HKG,50.082
HUN,HRV,143000.503
HUN,IDN,0.001
HUN,IND,27.105
HUN,IRL,452.65
HUN,IRQ,16.367
HUN,ISL,1647.0939999999998
HUN,ISR,4968.422
HUN,ITA,18287.909
HUN,JAM,0.993
HUN,JOR,1152.48
HUN,JPN,5.682
HUN,KAZ,251.199
HUN,KEN,8.064
HUN,KGZ,115.246
HUN,KOR,28.763
HUN,KWT,2.058
HUN,LBN,39.088
HUN,LBY,70.913
HUN,LCA,0.046
HUN,LKA,93.101
HUN,LTU,49.896
HUN,LUX,1399.581
HUN,LVA,1758.785
HUN,MAR,187.499
HUN,MDA,3396.779
HUN,MDV,64.211
HUN,MKD,681.191
HUN,MLT,3836.574
HUN,MNE,93.56099999999999
HUN,MNG,10.251
HUN,MUS,193.976
HUN,MYS,18.058
HUN,NGA,18.154
HUN,NLD,22954.349000000002
HUN,NOR,55.598
HUN,NZL,0.009
HUN,OMN,969.877
HUN,PAK,25.827
HUN,PER,0.028
HUN,PHL,16.19
HUN,POL,97423.505
HUN,PRT,46.444
HUN,PYF,14.095
HUN,QAT,6367.26
HUN,ROU,323332.70399999997
HUN,RUS,32.562
HUN,S19,1491.81
HUN,SAU,1105.546
HUN,SGP,17.856
HUN,SRB,311758.563
HUN,SVK,237787.902
HUN,SVN,111387.489
HUN,SWE,96.845
HUN,SYC,0.037
HUN,TGO,16.081
HUN,THA,0.92
HUN,TJK,4.418
HUN,TKM,39.112
HUN,TUN,90.746
HUN,TUR,6829.6990000000005
HUN,TZA,150.872
HUN,UKR,244594.546
HUN,USA,244.26
HUN,UZB,982.331
HUN,VNM,64.739
HUN,ZAF,246.229
HUN,ZWE,764.204
IDN,ARE,1690.918
IDN,ARG,313.627
IDN,ARM,1.544
IDN,AUS,234958.149
IDN,AUT,8.666
IDN,AZE,1.492
IDN,BEL,0.064
IDN,BGD,68323.0
IDN,BHR,1987.472
IDN,BIH,0.124
IDN,BRA,3915.48
IDN,BRN,71061.821
IDN,CAN,20.162000000000003
IDN,CHE,5.669
IDN,CHL,9.175
IDN,CHN,3775928.391
IDN,CIV,0.001
IDN,COL,14.636
IDN,CRI,34.841
IDN,CYM,1.02
IDN,CZE,954.972
IDN,DEU,1536.189
IDN,DNK,0.001
IDN,DZA,0.002
IDN,ECU,237.469
IDN,EGY,282.79
IDN,ESP,5451.771000000001
IDN,EST,0.557
IDN,FJI,53.474
IDN,FRA,60.916
IDN,GBR,3910.277
IDN,GRC,0.565
IDN,GTM,250.251
IDN,GUM,64959.5
IDN,HKG,0.048
IDN,HND,21.802
IDN,IND,68981.40100000001
IDN,IRL,0.492
IDN,IRN,1.959
IDN,IRQ,0.001
IDN,ISL,25.952
IDN,ISR,0.633
IDN,ITA,2.792
IDN,JPN,3302947.8680000002
IDN,KAZ,2.09
IDN,KEN,79.98
IDN,KHM,482.324
IDN,KOR,3818022.72
IDN,KWT,3.65
IDN,LBN,0.906
IDN,LBR,142.197
IDN,LBY,19.904
IDN,LKA,6.642
IDN,LTU,0.001
IDN,MAR,19.6
IDN,MDG,0.004
IDN,MDV,5.779
IDN,MEX,191373.0
IDN,MHL,149261.0
IDN,MKD,0.055
IDN,MMR,1403.208
IDN,MUS,22.169
IDN,MWI,1.028
IDN,MYS,2215125.6720000003
IDN,NAM,0.182
IDN,NGA,73.734
IDN,NIC,42.492
IDN,NLD,109603.911
IDN,NOR,0.701
IDN,NPL,38.396
IDN,NZL,297.924
IDN,OMN,61017.4
IDN,PAK,114356.39199999999
IDN,PER,480.734
IDN,PHL,138405.506
IDN,PNG,260.356
IDN,POL,138.371
IDN,QAT,238.356
IDN,RUS,43.871
IDN,S19,944361.0510000001
IDN,SAU,43.713
IDN,SGP,7074079.847
IDN,SLB,5.0
IDN,SLV,41.232
IDN,SRB,0.29
IDN,SUR,1.1
IDN,SVK,10.338
IDN,SVN,0.285
IDN,SWE,0.04
IDN,SYC,0.243
IDN,THA,3159355.29
IDN,TLS,12981.699
IDN,TTO,83998.2
IDN,TUN,3.121
IDN,TUR,3161.213
IDN,TZA,300.191
IDN,UGA,112.155
IDN,UKR,1.184
IDN,USA,7053.66
IDN,VNM,145614.974
IDN,YEM,30.998
IDN,ZAF,34946.576
IND,AFG,6.455
IND,AGO,113849.98300000001
IND,ALB,73156.144
IND,ARE,9622874.474
IND,ARG,115316.203
IND,ARM,2.488
IND,AUS,4856028.379
IND,AUT,124.598
IND,AZE,0.312
IND,BDI,612.895
IND,BEL,439538.48799999995
IND,BEN,5858.602
IND,BFA,2190.346
IND,BGD,1773019.3490000002
IND,BGR,1954.633
IND,BHR,585.104
IND,BHS,89701.0
IND,BLZ,65.117
IND,BOL,245.725
IND,BRA,684826.359
IND,BRB,0.087
IND,BRN,0.052
IND,BTN,224903.75400000002
IND,BWA,0.318
IND,CAF,87.94
IND,CAN,132217.359
IND,CHE,234.553
IND,CHL,1779.806
IND,CHN,1014829.2710000001
IND,CIV,7768.617
IND,CMR,5178.065
IND,COD,2742.812
IND,COG,59.921
IND,COL,6968.149
IND,COM,0.316
IND,CRI,1410.076
IND,CUB,12.842
IND,CYP,16.972
IND,CZE,93.719
IND,DEU,179841.31
IND,DJI,407957.593
IND,DNK,155463.914
IND,DOM,802.732
IND,DZA,1875.022
IND,ECU,2113.729
IND,EGY,243166.39
IND,ESP,653343.885
IND,EST,3.052
IND,ETH,3644.033
IND,FIN,15298.477
IND,FJI,536.504
IND,FRA,2432377.8090000004
IND,GAB,2273.217
IND,GBR,2418199.238
IND,GEO,1479.216
IND,GHA,7808.882
IND,GIN,9640.517
IND,GMB,277.592
IND,GNB,395.114
IND,GNQ,0.414
IND,GRC,7190.018
IND,GTM,4767.6410000000005
IND,GUY,1182.599
IND,HKG,303327.075
IND,HND,2012.711
IND,HRV,6.301
IND,HTI,150.095
IND,HUN,159.548
IND,IDN,961206.7239999999
IND,IRL,3067.7470000000003
IND,IRN,1540.956
IND,IRQ,553271.337
IND,ISL,317.184
IND,ISR,92099.51699999999
IND,ITA,754906.117
IND,JAM,576.838
IND,JOR,311039.913
IND,JPN,218695.245
IND,KAZ,20.478
IND,KEN,594056.85
IND,KHM,71.777
IND,KOR,2132219.185
IND,KWT,6543.009
IND,LBN,199.525
IND,LBR,3425.051
IND,LBY,592.197
IND,LKA,922466.274
IND,LSO,175.687
IND,LTU,977.639
IND,LUX,0.002
IND,LVA,9934.015
IND,MAR,344736.07999999996
IND,MDA,3433.263
IND,MDG,1827.181
IND,MDV,5485.875
IND,MEX,647.011
IND,MKD,1060.613
IND,MLI,157.821
IND,MLT,1069.54
IND,MMR,35000.656
IND,MNE,5.215
IND,MNG,26.3
IND,MOZ,859539.842
IND,MRT,353.33599999999996
IND,MUS,295328.843
IND,MWI,67.587
IND,MYS,3530899.789
IND,NAM,193933.841
IND,NER,1534.521
IND,NGA,217928.504
IND,NIC,664.444
IND,NLD,14874642.589
IND,NOR,4823.529
IND,NPL,2353927.341
IND,NZL,14113.23
IND,OMN,1740035.402
IND,PAK,788816.802
IND,PAN,2215.968
IND,PER,3790.149
IND,PHL,376834.484
IND,PNG,0.037
IND,POL,145946.398
IND,PRT,121000.317
IND,PRY,184807.358
IND,PYF,0.126
IND,QAT,137450.918
IND,ROU,198851.35
IND,RUS,10083.254
IND,RWA,877.302
IND,S19,99194.373
IND,SAU,411162.753
IND,SDN,1722.249
IND,SEN,4207.634
IND,SGP,7025226.94
IND,SLE,1800.747
IND,SLV,561.0939999999999
IND,SOM,188.863
IND,SRB,16051.037
IND,SSD,1.776
IND,SUR,82.007
IND,SVK,36.436
IND,SVN,20690.823
IND,SWE,34364.137
IND,SYC,13.161
IND,SYR,25.13
IND,TCD,1.37
IND,TGO,2896819.443
IND,THA,16225.348
IND,TKM,0.445
IND,TON,58.059
IND,TTO,227.652
IND,TUN,94.134
IND,TUR,1011766.451
IND,TZA,2471046.3129999996
IND,UGA,106006.78600000001
IND,UKR,94028.82
IND,URY,78095.201
IND,USA,4707255.047
IND,UZB,44.448
IND,VEN,2487.95
IND,VNM,16784.061
IND,YEM,529.082
IND,ZAF,3679987.298
IND,ZMB,11746.395999999999
IND,ZWE,358.995
IOT,SGP,280.01
IRL,AGO,3.608
IRL,ARE,0.857
IRL,AUS,17.996
IRL,AUT,2.0669999999999997
IRL,BEL,46715.536
IRL,BHR,0.748
IRL,BOL,0.012
IRL,BRA,10.913
IRL,BRB,8.383
IRL,CAN,39817.899
IRL,CHE,1.702
IRL,CHL,0.006
IRL,CHN,1.323
IRL,COL,2.366
IRL,CRI,0.283
IRL,CYP,0.072
IRL,CZE,109.268
IRL,DEU,46770.513999999996
IRL,DNK,0.619
IRL,DOM,0.126
IRL,EGY,0.281
IRL,ESP,790.7130000000001
IRL,EST,0.001
IRL,FIN,0.838
IRL,FRA,38887.93
IRL,GAB,0.2
IRL,GBR,557780.186
IRL,GHA,1.108
IRL,GRC,2.113
IRL,GTM,0.008
IRL,HKG,0.608
IRL,HND,0.016
IRL,HRV,0.038
IRL,HUN,0.29100000000000004
IRL,IDN,0.073
IRL,IND,196.178
IRL,ISL,3637.554
IRL,ISR,54.57
IRL,ITA,880.956
IRL,JOR,0.002
IRL,JPN,0.817
IRL,KAZ,3.169
IRL,KEN,16.94
IRL,KGZ,15.835
IRL,KOR,0.007
IRL,KWT,0.913
IRL,LTU,0.17300000000000001
IRL,LUX,0.001
IRL,LVA,8.906
IRL,MAC,0.166
IRL,MAR,0.026
IRL,MDV,0.025
IRL,MEX,0.005
IRL,MLT,0.026
IRL,MNG,49.5
IRL,NAM,0.001
IRL,NCL,0.066
IRL,NGA,47415.076
IRL,NLD,76678.419
IRL,NOR,34447.907
IRL,NZL,0.049
IRL,OMN,0.036
IRL,PAK,0.026
IRL,PAN,6.646
IRL,PER,0.001
IRL,PHL,0.547
IRL,POL,112.318
IRL,PRT,0.655
IRL,QAT,44287.849
IRL,ROU,130.853
IRL,S19,0.583
IRL,SAU,43.68
IRL,SGP,28358.366
IRL,SLV,0.006
IRL,SRB,0.117
IRL,SVK,131.222
IRL,SVN,0.014
IRL,SWE,1.73
IRL,THA,13.827
IRL,TTO,0.001
IRL,TUN,0.015
IRL,TUR,0.005
IRL,USA,9774.28
IRL,UZB,0.006
IRL,VNM,0.735
IRL,ZAF,0.251
IRL,ZMB,0.168
IRN,ARM,357427.461
IRN,AZE,310.697
IRN,BFA,4192.358
IRN,BGR,1105.23
IRN,BHR,0.338
IRN,CAN,0.004
IRN,CHE,0.477
IRN,CHN,0.031
IRN,CIV,248.504
IRN,FRA,0.004
IRN,IND,6172.58
IRN,IRL,0.001
IRN,KAZ,177.869
IRN,KEN,1643.8300000000002
IRN,KGZ,140.338
IRN,KOR,34.14
IRN,MDV,0.001
IRN,MKD,378.546
IRN,MMR,1039.92
IRN,MYS,268.02
IRN,PAK,1461121.19
IRN,ROU,66.879
IRN,S19,612.24
IRN,SRB,2556.3
IRN,TUR,5380.192
IRN,TZA,193.521
IRN,UGA,3.7
IRN,UZB,3081.43
IRN,ZMB,0.009
IRQ,ARM,1021.34
IRQ,AUT,245856.0
IRQ,AZE,78.33
IRQ,BEL,0.005
IRQ,BFA,4735.134
IRQ,BGR,1242297.753
IRQ,BHR,97.98
IRQ,BIH,21.6
IRQ,BRA,61.16
IRQ,CHN,66328782.704
IRQ,DEU,3305485.112
IRQ,DOM,12545.4
IRQ,EGY,230992.616
IRQ,ESP,2071890.701
IRQ,FRA,3806776.4949999996
IRQ,GRC,9758234.9
IRQ,IDN,48106.0
IRQ,IND,52208432.1
IRQ,ITA,4874807.005
IRQ,JPN,22847.78
IRQ,KOR,15832296.0
IRQ,KWT,378.986
IRQ,LKA,153000.4
IRQ,MDG,99.04
IRQ,MKD,110.0
IRQ,MYS,557460.35
IRQ,NLD,7203107.688999999
IRQ,PAK,361549.727
IRQ,PHL,871129.44
IRQ,QAT,267.01
IRQ,S19,791979.0
IRQ,SAU,48153.0
IRQ,SGP,2863040.0
IRQ,SRB,1080197.317
IRQ,THA,1.26
IRQ,TUR,3661960.56
IRQ,TZA,10072.8
IRQ,UGA,1352.09
IRQ,USA,14752492.23
IRQ,UZB,14306.1
IRQ,ZAF,14479.789999999999
ISL,ABW,8.867
ISL,ARE,132.307
ISL,ATG,6837.891
ISL,AUS,0.015
ISL,AUT,28.733
ISL,BEL,13.298
ISL,BGR,13.279
ISL,BHR,0.58
ISL,BHS,2873.206
ISL,BRB,264.444
ISL,CAN,1271.426
ISL,CCK,31.924
ISL,CHE,689.464
ISL,CHL,7.15
ISL,COG,71.517
ISL,CPV,33.988
ISL,CUB,40.746
ISL,CYM,930.488
ISL,CYP,9.625
ISL,CZE,17.604
ISL,DEU,4363.513
ISL,DNK,6857.086
ISL,ECU,3.496
ISL,ESP,47.812
ISL,EST,2248.179
ISL,FIN,59.575
ISL,FRA,3195.813
ISL,GBR,923.955
ISL,GRC,3208.943
ISL,GRL,17979.827
ISL,HRV,10.25
ISL,IND,496.984
ISL,IRL,472.495
ISL,ITA,1818.776
ISL,JPN,110.008
ISL,KNA,1.806
ISL,LBN,260.123
ISL,LBR,350.372
ISL,LBY,425.62
ISL,LTU,85.903
ISL,LUX,266.693
ISL,LVA,317.665
ISL,MAR,9.508
ISL,MDG,191.837
ISL,MDV,4.367
ISL,MLT,411.81
ISL,MMR,195.0
ISL,MYS,18.669
ISL,NGA,2.897
ISL,NLD,12862.719
ISL,NOR,16272.205
ISL,OMN,147.813
ISL,PAK,43.44
ISL,PAN,817.814
ISL,PHL,12.298
ISL,POL,1834.497
ISL,PRT,2955.041
ISL,SAU,1.375
ISL,SGP,484.077
ISL,SLV,5.016
ISL,SRB,13.84
ISL,SWE,9.139
ISL,TCA,40.51
ISL,TUR,283.232
ISL,UKR,306.393
ISL,URY,417.745
ISL,USA,36227.273
ISL,UZB,10.19
ISL,VGB,120.78
ISL,VUT,64.736
ISL,YEM,4.706
ISR,ALB,18931.535
ISR,ARG,0.948
ISR,ARM,0.164
ISR,AUS,47.382
ISR,AUT,45366.065
ISR,AZE,42.0
ISR,BEL,30021.606
ISR,BGR,0.177
ISR,BRA,1042.668
ISR,CAN,105.628
ISR,CHE,93.839
ISR,CHL,0.179
ISR,CHN,4595.886
ISR,COL,247.395
ISR,CRI,0.673
ISR,CYP,723235.225
ISR,CZE,40.732
ISR,DEU,29804.418
ISR,ECU,5.387
ISR,EGY,5388223.555
ISR,ESP,67443.884
ISR,FRA,4948.009
ISR,GBR,34114.88
ISR,GRC,239176.225
ISR,GTM,42.989
ISR,HND,0.333
ISR,HUN,0.081
ISR,IDN,3.135
ISR,IND,1.876
ISR,IRL,8.338
ISR,ITA,91139.39
ISR,JPN,49.252
ISR,KAZ,4.165
ISR,KEN,0.735
ISR,KGZ,0.112
ISR,KOR,60.585
ISR,LKA,1.711
ISR,MAR,1063.213
ISR,MDA,2935.72
ISR,MKD,543.351
ISR,MLT,73528.986
ISR,MNE,0.208
ISR,MUS,0.023
ISR,NAM,0.014
ISR,NGA,42.7
ISR,NIC,0.044
ISR,NLD,577020.627
ISR,NOR,1.225
ISR,NZL,4.622
ISR,PAN,1.481
ISR,PER,1.579
ISR,PHL,6.123
ISR,POL,71.351
ISR,PRT,153.789
ISR,PRY,0.983
ISR,ROU,112218.649
ISR,S19,588.905
ISR,SGP,179.14
ISR,SLV,1.1849999999999998
ISR,SRB,22789.267
ISR,SVK,0.14
ISR,SVN,64384.256
ISR,SWE,0.098
ISR,THA,0.003
ISR,TUR,354408.049
ISR,TZA,0.322
ISR,UGA,0.991
ISR,UKR,318307.0
ISR,URY,0.504
ISR,USA,376264.737
ISR,ZAF,3007.762
ITA,AGO,556.505
ITA,ALB,75627.649
ITA,ARE,698.655
ITA,ARG,36835.195
ITA,ARM,156.266
ITA,ATG,0.036
ITA,AUS,673.061
ITA,AUT,467544.23400000005
ITA,AZE,654.765
ITA,BEL,274437.86
ITA,BEN,0.024
ITA,BFA,1453.795
ITA,BGD,42.087
ITA,BGR,52668.515
ITA,BHR,25.982
ITA,BHS,451.111
ITA,BIH,806918.63
ITA,BLR,970.7130000000001
ITA,BMU,39.805
ITA,BOL,261.664
ITA,BRA,112519.509
ITA,BRB,20.994
ITA,BRN,4.304
ITA,BTN,20.032
ITA,CAF,0.371
ITA,CAN,5525.496000000001
ITA,CHE,439362.00499999995
ITA,CHL,520.5559999999999
ITA,CHN,90500.778
ITA,CIV,58237.218
ITA,CMR,542.783
ITA,COD,9.522
ITA,COG,614.2579999999999
ITA,COL,3728.5249999999996
ITA,CPV,87032.045
ITA,CRI,680.004
ITA,CUB,37948.645
ITA,CYM,23.224
ITA,CYP,67087.48599999999
ITA,CZE,6838.286
ITA,DEU,337099.943
ITA,DNK,1866.6039999999998
ITA,DOM,3838.9
ITA,DZA,11256.762
ITA,ECU,95219.709
ITA,EGY,839812.348
ITA,ESP,3683058.8819999998
ITA,EST,796.597
ITA,ETH,5.822
ITA,FIN,8700.008
ITA,FJI,0.001
ITA,FRA,1088738.1330000001
ITA,GAB,18.866
ITA,GBR,456066.35099999997
ITA,GEO,444.929
ITA,GHA,3752.066
ITA,GIB,3837618.8
ITA,GIN,14751.519
ITA,GNB,3.05
ITA,GRC,238263.69
ITA,GTM,1941.283
ITA,HKG,54.129
ITA,HND,1207.6219999999998
ITA,HRV,1552394.9330000002
ITA,HTI,0.012
ITA,HUN,12312.648000000001
ITA,IDN,79603.66
ITA,IND,3050.6220000000003
ITA,IRL,22938.29
ITA,IRN,60.446
ITA,IRQ,583.085
ITA,ISL,3296.719
ITA,ISR,69796.6
ITA,JAM,10.374
ITA,JOR,185.777
ITA,JPN,331.506
ITA,KAZ,1673.798
ITA,KEN,33.33
ITA,KGZ,273.315
ITA,KHM,10.052
ITA,KOR,177662.5
ITA,KWT,4.407
ITA,LBN,431843.36699999997
ITA,LBR,620.304
ITA,LBY,1764446.905
ITA,LKA,85.923
ITA,LTU,4297.759
ITA,LUX,39.156
ITA,LVA,348.532
ITA,MAC,3.677
ITA,MAR,721400.086
ITA,MDA,1072.13
ITA,MDG,87.05
ITA,MDV,0.923
ITA,MEX,4638.609
ITA,MHL,1883.156
ITA,MKD,5491.942
ITA,MLT,834984.347
ITA,MMR,0.003
ITA,MNE,3014.588
ITA,MNG,41.912
ITA,MOZ,39.813
ITA,MRT,0.019
ITA,MUS,6925.047
ITA,MYS,16816.659
ITA,NAM,73788.577
ITA,NCL,2.907
ITA,NER,2408.631
ITA,NGA,73810.516
ITA,NIC,153.82
ITA,NLD,694518.733
ITA,NOR,22466.177
ITA,NRU,18.271
ITA,NZL,27.877000000000002
ITA,OMN,224.338
ITA,PAK,198.183
ITA,PAN,7852.287
ITA,PER,2776.626
ITA,PHL,2.762
ITA,POL,14770.786
ITA,PRT,123288.469
ITA,PRY,11.278
ITA,PSE,157.871
ITA,QAT,130926.796
ITA,ROU,63388.814
ITA,RUS,23.696
ITA,RWA,9.062
ITA,S19,34232.797
ITA,SAU,382944.978
ITA,SEN,51447.806000000004
ITA,SGP,97858.63100000001
ITA,SLE,28.99
ITA,SLV,1127.324
ITA,SMR,21565.0
ITA,SRB,37766.575
ITA,SVK,1560.4170000000001
ITA,SVN,1388557.794
ITA,SWE,19757.246
ITA,SYC,0.945
ITA,SYR,18.465999999999998
ITA,TGO,0.027
ITA,THA,260.538
ITA,TJK,64.863
ITA,TKM,302.641
ITA,TTO,33959.6
ITA,TUN,323544.732
ITA,TUR,1175273.52
ITA,TZA,0.889
ITA,UGA,1.444
ITA,UKR,79282.12700000001
ITA,URY,138.457
ITA,USA,1258469.31
ITA,UZB,701.973
ITA,VEN,22803.482
ITA,VNM,162.501
ITA,YEM,263.827
ITA,ZAF,500717.894
ITA,ZMB,15.533999999999999
ITA,ZWE,0.097
JAM,BEL,0.019
JAM,BHS,984.709
JAM,BRB,11680.722
JAM,CAN,0.004
JAM,COL,11.227
JAM,DOM,17348.59
JAM,FRA,0.357
JAM,NLD,0.541
JAM,SGP,700.044
JAM,USA,18776.628
JOR,BEL,0.127
JOR,CAN,0.002
JOR,CIV,0.9
JOR,FRA,0.322
JOR,IND,316.17
JOR,ISL,41.786
JOR,ISR,121.593
JOR,ITA,22.0
JOR,KOR,0.001
JOR,NLD,8.264
JOR,SAU,7.0
JOR,SVK,0.004
JOR,SWE,0.745
JOR,TUR,58.606
JPN,AGO,0.344
JPN,ALB,4.294
JPN,ARE,1831.76
JPN,ARG,94.418
JPN,ARM,89.466
JPN,AUS,2002090.76
JPN,AUT,90.183
JPN,AZE,100.873
JPN,BEL,198.25
JPN,BFA,176.566
JPN,BGD,181479.875
JPN,BGR,224.727
JPN,BHR,346.716
JPN,BHS,2730.693
JPN,BIH,1.846
JPN,BLR,74.435
JPN,BLZ,0.815
JPN,BMU,0.251
JPN,BOL,276.389
JPN,BRA,1138.844
JPN,BRB,52.735
JPN,BRN,30.972
JPN,BTN,0.894
JPN,CAF,5.996
JPN,CAN,5429.306
JPN,CHE,643.638
JPN,CHL,567130.706
JPN,CHN,884357.626
JPN,CIV,0.341
JPN,COL,101.356
JPN,CRI,26.043
JPN,CYP,5.179
JPN,CZE,113.929
JPN,DEU,559.2
JPN,DJI,0.07
JPN,DNK,0.054
JPN,DOM,1.831
JPN,ECU,5.469
JPN,EGY,701.367
JPN,ESP,61.732
JPN,EST,2.654
JPN,ETH,4.926
JPN,FIN,16.104
JPN,FJI,35.435
JPN,FRA,634.189
JPN,FSM,40.687
JPN,GBR,665.119
JPN,GEO,90.462
JPN,GRC,0.347
JPN,GTM,77.092
JPN,HKG,242722.814
JPN,HND,9.451
JPN,HRV,0.048
JPN,HUN,37.675
JPN,IDN,94916.394
JPN,IND,6998.2570000000005
JPN,IRL,5.794
JPN,IRQ,543.099
JPN,ISL,134.132
JPN,ISR,77.066
JPN,ITA,51.302
JPN,JAM,1.008
JPN,JOR,174.409
JPN,KAZ,2801.407
JPN,KEN,34.263
JPN,KGZ,378.415
JPN,KHM,359.718
JPN,KOR,1527952.983
JPN,KWT,58.066
JPN,LBN,5.929
JPN,LBR,1801.599
JPN,LBY,5.18
JPN,LKA,759.555
JPN,LTU,107.125
JPN,LUX,141.121
JPN,LVA,0.003
JPN,MAC,63.446
JPN,MAR,48.765
JPN,MDA,32.179
JPN,MDG,0.355
JPN,MDV,9.809
JPN,MEX,1827.658
JPN,MHL,3381.138
JPN,MKD,6.055
JPN,MLT,12.718
JPN,MMR,118.751
JPN,MNE,2.632
JPN,MNG,856.805
JPN,MOZ,0.83
JPN,MRT,101.574
JPN,MUS,47.705
JPN,MWI,49.154
JPN,MYS,528398.693
JPN,NAM,56.8
JPN,NCL,0.801
JPN,NER,1.8
JPN,NGA,2.392
JPN,NIC,3.418
JPN,NLD,1279.262
JPN,NOR,18.125
JPN,NPL,66.311
JPN,NZL,405052.818
JPN,OMN,38.273
JPN,PAK,2238.489
JPN,PAN,8628.945
JPN,PER,78906.156
JPN,PHL,650095.7860000001
JPN,PLW,0.654
JPN,PNG,21367.8
JPN,POL,231.379
JPN,PRT,3.169
JPN,PRY,169.035
JPN,QAT,119.602
JPN,ROU,55.172
JPN,RUS,5252.496
JPN,S19,216747.812
JPN,SAU,634.106
JPN,SEN,1.453
JPN,SGP,1556457.132
JPN,SLB,0.702
JPN,SLV,354.238
JPN,SRB,7.498
JPN,SVK,19.159
JPN,SVN,26.825
JPN,SWE,202.19299999999998
JPN,SWZ,0.391
JPN,SYC,0.237
JPN,THA,48798.935000000005
JPN,TJK,18.719
JPN,TKM,18.18
JPN,TLS,8.712
JPN,TTO,2.211
JPN,TUN,59.94
JPN,TUR,550.321
JPN,TZA,18.428
JPN,UGA,141.456
JPN,UKR,150.129
JPN,URY,1.784
JPN,USA,316783.085
JPN,UZB,30.587
JPN,VEN,166.16
JPN,VNM,41600.808
JPN,WSM,3.408
JPN,YEM,728.451
JPN,ZAF,445.114
JPN,ZMB,54.993
JPN,ZWE,15.658
KAZ,AFG,111661.341
KAZ,ALB,7500.28
KAZ,ARE,1623.141
KAZ,ARM,2.427
KAZ,AUT,4281050.0
KAZ,AZE,223412.358
KAZ,BEL,0.004
KAZ,BGR,2100090.4250000003
KAZ,BHS,84948.0
KAZ,BLR,556.539
KAZ,BRN,263752.0
KAZ,CHE,127188.92599999999
KAZ,CHN,5356858.522
KAZ,CIV,31861.8
KAZ,CZE,1015210.0
KAZ,DEU,1975643.026
KAZ,DNK,4025.319
KAZ,EGY,205121.0
KAZ,ESP,2306774.632
KAZ,EST,3405.683
KAZ,FIN,11163.352
KAZ,FRA,5304860.462
KAZ,GBR,405525.11299999995
KAZ,GEO,12383.5
KAZ,GRC,5595267.586
KAZ,HRV,463153.562
KAZ,HUN,3006.9010000000003
KAZ,IDN,0.013
KAZ,IND,467769.555
KAZ,ISR,187982.124
KAZ,ITA,20758126.608
KAZ,KGZ,194404.765
KAZ,KOR,1472304.933
KAZ,LKA,4.043
KAZ,LTU,3468.5919999999996
KAZ,LVA,20280.462
KAZ,MAR,189189.1
KAZ,MDA,1701.28
KAZ,MKD,9555.839
KAZ,MLT,800.0
KAZ,MNG,510.67
KAZ,MYS,0.06
KAZ,NLD,8791308.19
KAZ,PAK,4.776
KAZ,POL,193109.348
KAZ,QAT,10623.1
KAZ,ROU,4558749.55
KAZ,RUS,253680.51
KAZ,SEN,29913.9
KAZ,SGP,1623226.3
KAZ,SRB,843469.806
KAZ,SVK,100064.0
KAZ,TJK,333302.273
KAZ,TKM,1397.859
KAZ,TUR,3366428.055
KAZ,UKR,34081.4
KAZ,URY,145867.224
KAZ,USA,2068715.0150000001
KAZ,UZB,243214.602
KAZ,VNM,0.15
KEN,AGO,55.072
KEN,ARE,419868.011
KEN,AUS,1.4
KEN,BDI,3705.761
KEN,BEL,0.005
KEN,BHR,13802.0
KEN,CAF,376.629
KEN,CHE,0.203
KEN,CIV,0.018
KEN,COD,19312.751
KEN,COG,1652.496
KEN,COM,0.258
KEN,DEU,0.189
KEN,DNK,4.0
KEN,EGY,39.97
KEN,ETH,3023.217
KEN,FRA,0.33299999999999996
KEN,GAB,5.22
KEN,GHA,287.437
KEN,GNQ,0.02
KEN,IDN,7.537
KEN,IND,1377.93
KEN,ISL,107.50399999999999
KEN,MAR,0.022
KEN,MDG,18.678
KEN,MHL,1.98
KEN,MLI,38.456
KEN,MOZ,935.452
KEN,MUS,32.196
KEN,MWI,419.674
KEN,NER,0.189
KEN,NGA,10.437
KEN,NLD,50320.01
KEN,OMN,33455.1
KEN,PAN,7.776
KEN,PRT,2.16
KEN,RWA,15138.494999999999
KEN,SAU,70777.1
KEN,SDN,1.472
KEN,SEN,14.74
KEN,SGP,122.14
KEN,SOM,8665.242
KEN,SSD,8716.900000000001
KEN,SWE,0.329
KEN,TCD,0.17
KEN,TUR,0.02
KEN,TZA,65456.659
KEN,UGA,32763.994000000002
KEN,USA,128900.0
KEN,ZAF,51.629
KEN,ZMB,1267.444
KEN,ZWE,237.318
KGZ,AFG,70154.5
KGZ,ARE,9874.704
KGZ,AUT,26.055
KGZ,AZE,310.735
KGZ,BEL,19.439
KGZ,BFA,0.001
KGZ,BGD,170.564
KGZ,BGR,124.32
KGZ,BHR,30.61
KGZ,BLR,0.457
KGZ,BOL,6.61
KGZ,CHE,52.574
KGZ,CHN,12608.699999999999
KGZ,CYP,5.709
KGZ,DEU,34.767
KGZ,EGY,1268.73
KGZ,ESP,12.724
KGZ,FRA,256.132
KGZ,GBR,64.361
KGZ,GEO,3173.993
KGZ,HKG,201.891
KGZ,HRV,2708.93
KGZ,HUN,73.707
KGZ,IND,951.064
KGZ,IRL,0.001
KGZ,IRN,4.593
KGZ,ISL,6.367
KGZ,ITA,21.72
KGZ,JOR,57.068
KGZ,JPN,9.3
KGZ,KAZ,9154.398
KGZ,KOR,1371.01
KGZ,KWT,3207.93
KGZ,LBY,8.921
KGZ,LVA,25.015
KGZ,MLI,10.213
KGZ,MMR,5.4
KGZ,MNG,54.16
KGZ,NGA,116.471
KGZ,NOR,6.642
KGZ,OMN,24.0
KGZ,PAK,837.584
KGZ,POL,40.033
KGZ,QAT,45.726
KGZ,RUS,979.055
KGZ,S19,106.138
KGZ,SAU,2612.34
KGZ,SDN,7.0
KGZ,SGP,356.253
KGZ,SMR,6.557
KGZ,SRB,27.7
KGZ,SWE,31.999
KGZ,THA,73.387
KGZ,TJK,22.136
KGZ,TKM,177.479
KGZ,TUR,113637.807
KGZ,USA,18.737
KGZ,UZB,94680.43
KGZ,VNM,119.528
KGZ,ZAF,328.571
KHM,AUT,0.076
KHM,CHN,0.015
KHM,GTM,0.562
KHM,IRL,0.005
KHM,ISL,45.97
KHM,KOR,0.003
KHM,MMR,813.802
KHM,POL,0.087
KHM,SGP,120.0
KHM,THA,0.003
KHM,USA,179.324
KIR,KOR,49.32
KNA,DEU,0.004
KNA,IND,54.0
KNA,NLD,0.001
KNA,ZAF,6.0
KOR,AFG,44.039
KOR,AGO,521689.915
KOR,ALB,0.194
KOR,ARE,288735.593
KOR,ARG,4608.5560000000005
KOR,ARM,1543.341
KOR,ASM,333.236
KOR,ATG,11.669
KOR,AUS,13081908.852
KOR,AUT,486.147
KOR,AZE,1535.632
KOR,BEL,256442.742
KOR,BFA,348.6
KOR,BGD,552330.2050000001
KOR,BGR,351.015
KOR,BHR,1938.284
KOR,BHS,483.47
KOR,BIH,1.4529999999999998
KOR,BLR,538.031
KOR,BLZ,39.568
KOR,BMU,13.559999999999999
KOR,BOL,117.11999999999999
KOR,BRA,36900.941999999995
KOR,BRB,28.068
KOR,BRN,15033.748
KOR,CAF,60.0
KOR,CAN,355770.342
KOR,CHE,1474.932
KOR,CHL,572364.122
KOR,CHN,3792104.44
KOR,CIV,120.13
KOR,CMR,84.712
KOR,COG,0.1
KOR,COL,6873.104
KOR,CRI,367.28200000000004
KOR,CUB,93.627
KOR,CYP,14.796
KOR,CZE,82.868
KOR,DEU,15577.889000000001
KOR,DJI,115.36
KOR,DNK,93837.412
KOR,DOM,689.134
KOR,DZA,26.868
KOR,ECU,364370.614
KOR,EGY,1104.198
KOR,ESP,28467.631999999998
KOR,EST,8.802
KOR,ETH,208.44
KOR,FIN,13676.005000000001
KOR,FJI,140300.251
KOR,FRA,266612.91099999996
KOR,FSM,282.175
KOR,GBR,460115.50399999996
KOR,GEO,3535.614
KOR,GHA,1444.82
KOR,GIB,259280.2
KOR,GIN,197.683
KOR,GRC,534.345
KOR,GTM,16269.908999999998
KOR,GUM,213588.934
KOR,GUY,190.872
KOR,HKG,2066030.336
KOR,HND,304.206
KOR,HTI,90.49
KOR,HUN,991.556
KOR,IDN,900290.304
KOR,IND,1243234.114
KOR,IRL,11321.403
KOR,IRN,347.526
KOR,IRQ,6822.063999999999
KOR,ISL,32.683
KOR,ISR,1253.492
KOR,ITA,82050.05600000001
KOR,JAM,114.661
KOR,JOR,731.476
KOR,JPN,8229123.8040000005
KOR,KAZ,9057.926000000001
KOR,KEN,1202.7549999999999
KOR,KGZ,1981.803
KOR,KHM,591.257
KOR,KIR,283.301
KOR,KWT,1780.806
KOR,LAO,461.647
KOR,LBN,162.698
KOR,LBR,0.04
KOR,LBY,7688.339
KOR,LKA,16345.217
KOR,LTU,833.614
KOR,LUX,0.01
KOR,LVA,611.727
KOR,MAC,14.711
KOR,MAR,80467.605
KOR,MDA,74.496
KOR,MDG,774.743
KOR,MDV,42.212
KOR,MEX,52404.815
KOR,MHL,90.04100000000001
KOR,MKD,0.124
KOR,MLT,0.703
KOR,MMR,2269.561
KOR,MNE,0.134
KOR,MNG,9237.294
KOR,MNP,904.0819999999999
KOR,MOZ,48.527
KOR,MUS,1956.8700000000001
KOR,MWI,15.834
KOR,MYS,3460303.6130000004
KOR,NAM,2.8040000000000003
KOR,NCL,6.906
KOR,NGA,21888.141
KOR,NIC,199.254
KOR,NLD,238327.19999999998
KOR,NOR,973.6320000000001
KOR,NPL,0.014
KOR,NRU,16.296
KOR,NZL,4384481.762
KOR,OMN,414936.647
KOR,PAK,129087.47
KOR,PAN,81563.856
KOR,PER,10062.238
KOR,PHL,4992678.718
KOR,PLW,17131.780000000002
KOR,PNG,48787.197
KOR,POL,646.4209999999999
KOR,PRT,67901.715
KOR,PRY,21315.878999999997
KOR,PYF,22187.894
KOR,QAT,3416.288
KOR,ROU,437.618
KOR,RUS,75858.82699999999
KOR,RWA,101316.63
KOR,S19,2371836.446
KOR,SAU,59167.373999999996
KOR,SDN,3.264
KOR,SEN,124.987
KOR,SGP,7467463.971999999
KOR,SLB,1778.2330000000002
KOR,SLE,1.4
KOR,SLV,181.511
KOR,SRB,14.815999999999999
KOR,SUR,21.424
KOR,SVK,62.251999999999995
KOR,SVN,198.91199999999998
KOR,SWE,415.965
KOR,SWZ,0.2
KOR,SYC,61.882
KOR,SYR,23.212
KOR,TGO,198890.1
KOR,THA,1169284.7810000002
KOR,TJK,1954.05
KOR,TKM,166.68
KOR,TLS,45.92
KOR,TTO,78.386
KOR,TUN,38.569
KOR,TUR,18385.132
KOR,TUV,48.632
KOR,TZA,1545.583
KOR,UGA,297.192
KOR,UKR,796.46
KOR,URY,53107.948000000004
KOR,USA,6366323.21
KOR,UZB,11439.242999999999
KOR,VEN,1267.35
KOR,VNM,3776464.301
KOR,VUT,57.531
KOR,WSM,19.88
KOR,YEM,312.099
KOR,ZAF,16911.456
KOR,ZMB,475.109
KWT,AGO,54.569
KWT,ALB,13655.462
KWT,ARE,41278.401
KWT,ARG,11302.4
KWT,AUS,6.739
KWT,BEL,116995.874
KWT,BEN,4880.916
KWT,BFA,183.113
KWT,BGD,46.291
KWT,BHR,40.139
KWT,BRA,793343.3
KWT,CAN,81471.8
KWT,CHN,17718903.96
KWT,CIV,276.48
KWT,CMR,88.061
KWT,DEU,403688.98
KWT,DNK,191187.731
KWT,DZA,0.792
KWT,EGY,483338.505
KWT,ESP,378816.402
KWT,FIN,28580.607
KWT,FRA,4721452.198
KWT,GBR,4350753.248
KWT,GRC,15843.008
KWT,IDN,398363.762
KWT,IND,9130587.577
KWT,IRL,842587.4
KWT,IRQ,163.076
KWT,ISL,150730.776
KWT,ITA,1089152.0
KWT,JOR,1201.986
KWT,JPN,11744550.22
KWT,KEN,584779.728
KWT,KOR,14514105.565
KWT,LBY,394.041
KWT,LKA,7657.79
KWT,LSO,32.495
KWT,LVA,19162.202
KWT,MAR,63837.94
KWT,MDA,650.829
KWT,MDG,14285.92
KWT,MKD,192.236
KWT,MMR,25304.055
KWT,MNE,2.497
KWT,MOZ,66129.8
KWT,MUS,3470.62
KWT,MWI,53471.223
KWT,MYS,578857.22
KWT,NAM,36715.99
KWT,NER,2.5
KWT,NGA,28.0
KWT,NLD,2161179.4590000003
KWT,NOR,41439.91
KWT,PAK,2329133.177
KWT,PHL,133730.0
KWT,POL,231086.035
KWT,PRT,130991.98
KWT,PRY,3091.69
KWT,QAT,1078601.511
KWT,ROU,67905.541
KWT,S19,6296938.513
KWT,SAU,105061.662
KWT,SEN,21861.9
KWT,SGP,1370009.465
KWT,SRB,9025.73
KWT,SVK,1436.444
KWT,SVN,156877.732
KWT,SWE,234738.0
KWT,SYR,27.744
KWT,THA,956548.3999999999
KWT,TUR,96590.616
KWT,TZA,402930.33
KWT,UGA,250864.004
KWT,UKR,376486.0
KWT,URY,6102.83
KWT,USA,2719684.179
KWT,ZAF,1121548.907
KWT,ZMB,19527.75
KWT,ZWE,1184.437
LAO,HND,0.165
LAO,KOR,249.302
LAO,MMR,100.831
LAO,NAM,0.005
LAO,THA,0.281
LBN,AGO,62.923
LBN,AUT,0.004
LBN,BEL,0.004
LBN,CAF,17.74
LBN,CIV,31.344
LBN,CYP,0.009
LBN,FRA,0.221
LBN,GMB,226.0
LBN,GRC,0.844
LBN,IND,1866.197
LBN,MYS,0.3
LBN,NGA,26.092
LBN,NLD,0.093
LBN,PRT,0.004
LBN,ROU,2229.7
LBN,SEN,128.0
LBN,ZAF,8.5
LBR,AUS,101489.0
LBR,BEL,0.008
LBR,CHL,8611.58
LBR,GBR,90132.7
LBR,GMB,3158.0
LBR,GRC,0.007
LBR,GTM,51.39
LBR,IND,3262.455
LBR,KOR,9694.461
LBR,NGA,1260.156
LBR,NLD,0.01
LBR,PRY,11006.2
LBR,TZA,17197.41
LBR,USA,104.94
LBR,ZAF,1817.027
LBY,ALB,32955.808
LBY,ARM,8395.41
LBY,AUS,201245.9
LBY,AUT,1058710.0
LBY,BEL,80557.411
LBY,BGR,561148.466
LBY,BIH,192.98
LBY,CHE,92994.0
LBY,CHN,1762777.79
LBY,CYP,84013.15
LBY,DEU,7406030.1899999995
LBY,DNK,162361.0
LBY,ESP,4056537.4899999998
LBY,FRA,3408677.0889999997
LBY,GBR,4364055.8
LBY,GRC,4103761.08
LBY,HRV,112173.12000000001
LBY,IND,142412.848
LBY,ITA,12536570.7
LBY,MAR,12677.75
LBY,MKD,1885.58
LBY,MNE,19.22
LBY,MYS,216778.4
LBY,NER,1778.56
LBY,NLD,1539398.29
LBY,NOR,41944.0
LBY,POL,20.06
LBY,PRT,108637.9
LBY,ROU,493610.6
LBY,SGP,51080.6
LBY,SRB,85314.67000000001
LBY,SVK,27656.0
LBY,SVN,33153.39
LBY,SWE,588108.0
LBY,THA,838883.8
LBY,TUN,15691.415
LBY,TUR,245630.629
LBY,UKR,33058.5
LBY,USA,2701943.127
LCA,BEL,0.001
LCA,BRB,3.68
LCA,DEU,0.382
LCA,USA,143.1
LKA,ARE,51827.209
LKA,AUS,156.19
LKA,AUT,0.052
LKA,AZE,646.725
LKA,BEL,1025.601
LKA,BGD,173940.766
LKA,BRA,8180.68
LKA,CHN,2973.482
LKA,CIV,1778.748
LKA,CYP,66.924
LKA,DJI,1628.23
LKA,EGY,2871.005
LKA,ESP,4797.609
LKA,EST,158.6
LKA,FJI,0.205
LKA,FRA,1.703
LKA,GBR,1056.152
LKA,GEO,119.73
LKA,GHA,2504.81
LKA,GRC,209.516
LKA,GTM,0.15
LKA,HKG,7824.03
LKA,HTI,297.628
LKA,IDN,408.984
LKA,IND,73920.19099999999
LKA,ISL,23.031
LKA,ITA,2593.239
LKA,JOR,97.726
LKA,JPN,49.852
LKA,KEN,3896.785
LKA,KNA,249.849
LKA,KOR,20890.3
LKA,LBY,692.051
LKA,MAR,2699.63
LKA,MDV,41665.568
LKA,MLI,386.214
LKA,MMR,1907.863
LKA,MOZ,5331.113
LKA,MUS,1446.788
LKA,MYS,27279.194
LKA,NGA,218.024
LKA,NLD,1410.668
LKA,NOR,900.0
LKA,OMN,1527.2939999999999
LKA,PAK,491.218
LKA,PAN,24.449
LKA,PHL,93.851
LKA,QAT,418.902
LKA,RUS,1595.318
LKA,SAU,2375.27
LKA,SDN,44.941
LKA,SGP,39904.086
LKA,SOM,1449.394
LKA,SWZ,229.908
LKA,SYC,11.068
LKA,THA,632.665
LKA,TUR,429.736
LKA,TZA,221.189
LKA,USA,797.916
LKA,VNM,590.806
LKA,YEM,119.797
LKA,ZAF,11554.974
LSO,ZAF,268.176
LTU,AFG,22.438
LTU,ALB,232.384
LTU,ARE,4337.545
LTU,ARG,12118.091
LTU,ARM,460.613
LTU,AUT,548.319
LTU,AZE,30469.622
LTU,BEL,40215.843
LTU,BEN,261.338
LTU,BFA,83.019
LTU,BGR,544.9979999999999
LTU,BIH,580.982
LTU,BLR,3044.654
LTU,BOL,18.294
LTU,BRA,49536.567
LTU,BRB,161.276
LTU,BRN,50.048
LTU,CAN,480.384
LTU,CHE,56.721000000000004
LTU,CHL,1467.362
LTU,CHN,138.407
LTU,CIV,89.724
LTU,CMR,85.516
LTU,COD,14.81
LTU,CRI,255.669
LTU,CUB,199.067
LTU,CYP,365.979
LTU,CZE,2147.868
LTU,DEU,22208.17
LTU,DNK,1470.7079999999999
LTU,DOM,89.752
LTU,DZA,137.98
LTU,ECU,1248.605
LTU,EGY,1082.908
LTU,ESP,26277.546
LTU,EST,692482.55
LTU,FIN,94896.059
LTU,FRA,1538.4979999999998
LTU,GBR,98890.29699999999
LTU,GEO,738.738
LTU,GHA,25786.892
LTU,GIB,220426.28
LTU,GNQ,0.02
LTU,GRC,864.612
LTU,GRD,39.24
LTU,GTM,370.609
LTU,GUY,295.471
LTU,HKG,69.0
LTU,HRV,1904.7830000000001
LTU,HTI,47.22
LTU,HUN,2532.3140000000003
LTU,IDN,14.647
LTU,IND,18.335
LTU,IRL,17.39
LTU,IRQ,2162.817
LTU,ISL,2034.2830000000001
LTU,ISR,893.274
LTU,ITA,40077.52099999999
LTU,JAM,0.069
LTU,JOR,339.37
LTU,JPN,0.037
LTU,KAZ,3877.431
LTU,KEN,32738.103
LTU,KGZ,836.508
LTU,KHM,47.638
LTU,KOR,364.534
LTU,KWT,103.94
LTU,LBN,449.505
LTU,LBR,45.982
LTU,LBY,32731.749
LTU,LCA,45.924
LTU,LUX,0.036
LTU,LVA,1418046.752
LTU,MAR,718.833
LTU,MDA,124.067
LTU,MDG,41.613
LTU,MDV,0.341
LTU,MKD,168.461
LTU,MLI,48.828
LTU,MLT,13.349
LTU,MMR,79.251
LTU,MNE,0.211
LTU,MNG,1612.262
LTU,MRT,61.701
LTU,MUS,23.325
LTU,MYS,854.958
LTU,NAM,40.737
LTU,NGA,34917.367
LTU,NIC,180.993
LTU,NLD,419870.736
LTU,NOR,6189.098
LTU,NZL,22.762
LTU,OMN,272.39
LTU,PAK,0.103
LTU,PAN,5.854
LTU,PER,14.034
LTU,POL,888229.527
LTU,PRT,1412.5990000000002
LTU,PRY,83.338
LTU,PSE,455.732
LTU,ROU,981.04
LTU,S19,1566.46
LTU,SAU,0.001
LTU,SEN,198.627
LTU,SGP,144.802
LTU,SOM,153.037
LTU,SRB,1075.823
LTU,SVK,5073.893
LTU,SVN,29760.34
LTU,SWE,24962.431
LTU,THA,18.015
LTU,TJK,616.192
LTU,TUN,30306.242
LTU,TUR,1131.947
LTU,UKR,971652.643
LTU,URY,6.107
LTU,USA,736430.516
LTU,UZB,3173.705
LTU,VCT,98.42
LTU,VEN,160.758
LTU,VNM,65.757
LTU,YEM,39.641
LTU,ZAF,25.898
LUX,AGO,0.017
LUX,ARE,0.035
LUX,AUS,0.038
LUX,AUT,0.542
LUX,AZE,0.48
LUX,BEL,7526.5560000000005
LUX,BFA,0.003
LUX,BGR,1.409
LUX,BHR,0.198
LUX,CAN,0.001
LUX,CHE,0.093
LUX,CHL,0.012
LUX,CHN,0.055
LUX,CIV,0.001
LUX,CMR,0.03
LUX,COL,0.006
LUX,CZE,2.532
LUX,DEU,1786.233
LUX,DNK,0.041
LUX,DZA,0.017
LUX,EGY,0.021
LUX,ESP,19314.754
LUX,EST,0.024
LUX,ETH,0.035
LUX,FIN,0.169
LUX,FJI,0.001
LUX,FRA,272.517
LUX,GBR,351.336
LUX,GHA,0.016
LUX,GRC,4468.725
LUX,HRV,0.109
LUX,HUN,4.816
LUX,IDN,0.006
LUX,IND,0.02
LUX,IRL,14.044
LUX,IRQ,0.025
LUX,ISR,0.824
LUX,ITA,94027.40699999999
LUX,JPN,0.037
LUX,KAZ,0.005
LUX,KEN,0.005
LUX,KHM,0.001
LUX,KOR,0.001
LUX,KWT,0.207
LUX,LAO,0.001
LUX,LKA,0.001
LUX,LTU,0.016
LUX,LVA,0.035
LUX,MAR,0.01
LUX,MEX,0.248
LUX,MKD,0.002
LUX,MMR,0.001
LUX,MNG,0.001
LUX,MOZ,0.001
LUX,MUS,0.007
LUX,MYS,0.008
LUX,NGA,0.037
LUX,NLD,390.876
LUX,NOR,0.082
LUX,NZL,0.005
LUX,OMN,0.001
LUX,PAK,0.027
LUX,PHL,0.023
LUX,POL,4.171
LUX,PRT,29.439
LUX,QAT,0.015
LUX,ROU,16.434
LUX,S19,0.009
LUX,SAU,0.026
LUX,SEN,0.038
LUX,SGP,7.852
LUX,SVK,1.14
LUX,SVN,0.127
LUX,SWE,18756.091
LUX,THA,0.165
LUX,TJK,0.022
LUX,TKM,0.009
LUX,TUN,0.014
LUX,TUR,0.001
LUX,TZA,0.029
LUX,UGA,0.011
LUX,UKR,0.092
LUX,USA,0.233
LUX,UZB,0.003
LUX,ZAF,20.096
LUX,ZMB,0.096
LUX,ZWE,0.002
LVA,ARE,98.389
LVA,ARG,904.0
LVA,ARM,20.813
LVA,ATG,10782.728
LVA,AUT,435.82599999999996
LVA,AZE,1751.845
LVA,BEL,1036.772
LVA,BFA,27403.916
LVA,BGD,14.592
LVA,BGR,69.754
LVA,BHS,14.491
LVA,BIH,6124.853
LVA,BLR,49.82
LVA,BRB,6.364
LVA,CHE,0.084
LVA,CHN,0.02
LVA,CMR,0.001
LVA,COL,21.98
LVA,CYP,3683.258
LVA,CZE,6354.241
LVA,DEU,44084.804
LVA,DNK,102.32
LVA,ECU,71.152
LVA,EGY,111.938
LVA,ESP,392.871
LVA,EST,84490.817
LVA,FIN,64953.995
LVA,FRA,101.164
LVA,GBR,99.663
LVA,GEO,0.264
LVA,GIB,7.33
LVA,GRC,107.329
LVA,HKG,15.359
LVA,HRV,20.524
LVA,HUN,43474.736000000004
LVA,IND,1.095
LVA,IRL,4256.525000000001
LVA,ISL,0.011
LVA,ISR,81.12
LVA,ITA,125.175
LVA,JPN,0.582
LVA,KAZ,48.58
LVA,KGZ,637.655
LVA,KNA,36.966
LVA,LBN,51.396
LVA,LBR,31.355
LVA,LBY,50.795
LVA,LTU,355142.11699999997
LVA,LUX,3.164
LVA,MAR,13520.644
LVA,MDA,2960.37
LVA,MDV,0.042
LVA,MHL,25.345
LVA,MLI,52.234
LVA,MLT,426.903
LVA,MNE,27.874000000000002
LVA,MUS,1.807
LVA,NER,1553.38
LVA,NGA,23959.806
LVA,NLD,4487.278
LVA,NOR,5.353
LVA,PAN,3.469
LVA,PER,131.44
LVA,POL,105721.226
LVA,PRT,664.132
LVA,PYF,0.004
LVA,ROU,3.0389999999999997
LVA,S19,0.018
LVA,SAU,0.1
LVA,SEN,13228.0
LVA,SGP,19.733
LVA,SSD,0.488
LVA,SVK,5581.627
LVA,SVN,4.153
LVA,SWE,271.004
LVA,TGO,2402.99
LVA,THA,0.002
LVA,TJK,37.247
LVA,TKM,0.004
LVA,TUN,60990.2
LVA,TUR,32.747
LVA,UGA,134.19
LVA,UKR,25857.722
LVA,USA,228.895
LVA,UZB,613.876
LVA,VCT,1.633
LVA,ZMB,0.003
MAC,CAN,0.624
MAC,FRA,0.005
MAC,HKG,2414.0
MAC,KOR,515.523
MAR,AGO,227.035
MAR,ARE,2.862
MAR,AUS,0.003
MAR,BEL,0.854
MAR,BEN,1321.419
MAR,BFA,9126.248
MAR,BGR,0.02
MAR,CAN,0.989
MAR,CHE,0.016
MAR,CIV,5901.016
MAR,CMR,821.564
MAR,COD,0.03
MAR,COG,50.559
MAR,CPV,1697.932
MAR,CYP,27.54
MAR,DEU,3.694
MAR,ESP,2377.3610000000003
MAR,FJI,0.264
MAR,FRA,13.218
MAR,GAB,817.736
MAR,GBR,0.008
MAR,GHA,21127.818
MAR,GIN,9651.21
MAR,GRC,0.048
MAR,HKG,4.175
MAR,IND,138.618
MAR,ISL,268.654
MAR,ITA,0.195
MAR,JPN,8.779
MAR,KEN,0.002
MAR,KWT,0.011
MAR,LBR,241.816
MAR,MDV,4387.07
MAR,MLI,6073.257
MAR,MRT,6742.293000000001
MAR,MYS,0.081
MAR,NER,827.496
MAR,NGA,48.9
MAR,NLD,28.212
MAR,NOR,0.651
MAR,PAN,10.41
MAR,PHL,0.072
MAR,POL,56.403
MAR,SEN,17693.356
MAR,SGP,709.765
MAR,SLE,590.4
MAR,SOM,401.306
MAR,STP,0.94
MAR,TGO,2055.095
MAR,THA,0.001
MAR,TUN,691.806
MAR,TUR,108.315
MAR,TZA,56.739
MAR,UGA,68.645
MAR,USA,97.41
MDA,AUT,0.001
MDA,BEL,0.012
MDA,BGR,2922.28
MDA,BLR,73.034
MDA,DEU,203.203
MDA,GBR,20.0
MDA,HUN,0.002
MDA,KNA,0.865
MDA,LKA,547.878
MDA,LTU,11.945
MDA,NLD,0.021
MDA,POL,0.021
MDA,PRT,0.111
MDA,ROU,2230.335
MDA,UKR,129510.63799999999
MDA,ZWE,583.944
MDG,AGO,12.108
MDG,ARE,82.262
MDG,AUT,9.802
MDG,BEL,0.011
MDG,BGR,10.379
MDG,BWA,23.785
MDG,CAN,0.002
MDG,CHN,24.918
MDG,CIV,4.685
MDG,COM,1615.1019999999999
MDG,CZE,92.598
MDG,DEU,0.26
MDG,DJI,20.93
MDG,EGY,54.434
MDG,ESP,656.62
MDG,ETH,11580.7
MDG,FRA,19372.337
MDG,GAB,6.9
MDG,GBR,194.993
MDG,GHA,5.049
MDG,IND,99.86
MDG,ISL,20.026
MDG,ITA,1424.25
MDG,JPN,380.25
MDG,KEN,1722.64
MDG,LKA,57.455
MDG,LTU,3.621
MDG,MAR,1.707
MDG,MDV,13.793
MDG,MOZ,49.246
MDG,MRT,2.756
MDG,MUS,262.348
MDG,MWI,0.42
MDG,NAM,163.34
MDG,NLD,0.003
MDG,PHL,3.064
MDG,POL,715.554
MDG,PRT,0.001
MDG,RWA,13.562
MDG,S19,42.25
MDG,SEN,0.269
MDG,SGP,40.0
MDG,SYC,47.347
MDG,TUR,436.706
MDG,TZA,56.991
MDG,UGA,107.018
MDG,USA,0.003
MDG,ZAF,711.027
MDG,ZMB,8.681
MDG,ZWE,16.354
MDV,BEL,4.933
MDV,CAN,0.024
MDV,IND,807.417
MDV,MUS,20611.4
MDV,SGP,21741.404
MDV,SYC,0.001
MEX,ARG,76.104
MEX,AUS,64.26
MEX,AUT,0.254
MEX,BEL,0.126
MEX,BFA,1069.225
MEX,BGR,0.013
MEX,BHR,0.071
MEX,BHS,58.292
MEX,BIH,0.001
MEX,BLZ,706.133
MEX,BOL,2908.864
MEX,BRA,347.82
MEX,BRB,39.562
MEX,CAN,70959.552
MEX,CHE,0.013
MEX,CHL,375.516
MEX,CHN,1047997.129
MEX,COL,8032.785
MEX,CRI,4606.343999999999
MEX,CUB,139.259
MEX,CZE,3.311
MEX,DEU,1286948.84
MEX,DNK,0.007
MEX,DOM,17490.394
MEX,ECU,561.401
MEX,EGY,48.178
MEX,ESP,8586858.372
MEX,EST,0.014
MEX,FIN,0.002
MEX,FJI,0.048
MEX,FRA,837.362
MEX,GRC,0.002
MEX,GTM,10763.362
MEX,HND,3666.5609999999997
MEX,IDN,6.409
MEX,IND,3249948.237
MEX,IRL,0.011
MEX,ITA,652563.078
MEX,JAM,75.788
MEX,JPN,107694.0
MEX,KAZ,0.017
MEX,KEN,9.5
MEX,KOR,3777603.161
MEX,MAR,11652.306
MEX,MDA,0.141
MEX,MLT,0.01
MEX,MYS,57.979
MEX,NIC,4530.049
MEX,NLD,98079.31
MEX,NOR,938.125
MEX,NZL,0.095
MEX,PAN,33729.11
MEX,PER,58367.920000000006
MEX,PHL,1.593
MEX,POL,33.5
MEX,PRT,98.84
MEX,PRY,466.745
MEX,S19,7879608.728
MEX,SAU,0.352
MEX,SGP,689795.026
MEX,SLV,4218.848
MEX,SVK,0.332
MEX,SVN,0.08
MEX,SWE,1.472
MEX,THA,0.112
MEX,TUR,0.035
MEX,URY,39.706
MEX,USA,37250037.046000004
MEX,VEN,2901.186
MEX,ZAF,0.004
MHL,BEL,723.615
MHL,CHL,22007.9
MHL,DOM,5877.32
MHL,IND,567.2
MHL,ITA,2.531
MHL,JPN,50.363
MHL,KOR,428.477
MHL,NAM,1.57
MHL,NLD,0.004
MHL,PAK,69959.0
MHL,PRY,6496.29
MHL,THA,20.0
MHL,TZA,44780.3
MHL,ZAF,1501.767
MHL,ZMB,700.309
MKD,ALB,421.676
MKD,ARE,7.929
MKD,AUT,0.47100000000000003
MKD,BEL,0.159
MKD,BFA,51.264
MKD,BGR,1380.0159999999998
MKD,BIH,84.771
MKD,CHE,414.308
MKD,CHN,21.247
MKD,CIV,85.5
MKD,CZE,173.018
MKD,DEU,1582.018
MKD,EGY,85.637
MKD,ESP,17.101999999999997
MKD,FRA,15.968
MKD,GBR,2800.045
MKD,GRC,37.919
MKD,HKG,8.55
MKD,HRV,191.005
MKD,HUN,246.174
MKD,IDN,0.152
MKD,IND,34.2
MKD,ITA,1.632
MKD,JOR,25.595
MKD,LBN,8.55
MKD,LTU,30.684
MKD,MAR,68.422
MKD,MLT,378.058
MKD,MNE,1998.606
MKD,MRT,34.2
MKD,NLD,91.453
MKD,POL,112.997
MKD,PRT,33.05
MKD,ROU,137.448
MKD,SGP,20.0
MKD,SMR,0.835
MKD,SRB,72357.86200000001
MKD,SVN,46.195
MKD,SWE,34.176
MKD,TUN,125.973
MKD,TUR,782.812
MKD,USA,123.033
MKD,ZAF,194.728
MLI,BEL,0.003
MLI,BFA,1.2
MLI,DEU,0.05
MLI,DNK,0.001
MLI,FRA,1.696
MLI,GBR,4.186
MLI,MAR,0.033
MLI,MYS,5000.0
MLI,NLD,0.215
MLI,SEN,0.6
MLI,SWE,0.294
MLI,ZAF,0.024
MLT,ARE,0.016
MLT,ARM,29085.1
MLT,AZE,2009.86
MLT,BEL,2346.925
MLT,BFA,7958.716
MLT,BRA,222708.33000000002
MLT,CAN,0.864
MLT,CHE,4.526
MLT,CHN,0.756
MLT,CIV,75215.4
MLT,CYP,7087.64
MLT,DEU,56609.85
MLT,DNK,145.0
MLT,EGY,3633.226
MLT,ESP,221802.978
MLT,FRA,0.025
MLT,GBR,288.961
MLT,GRC,476584.158
MLT,IDN,79358.4
MLT,IND,47.7
MLT,ISL,32.543
MLT,ITA,31670.191
MLT,KOR,164082.886
MLT,LBY,0.016
MLT,MAR,24307.165
MLT,MYS,38987.24
MLT,NAM,4115.203
MLT,NER,966.604
MLT,NLD,32824.15
MLT,QAT,11435.5
MLT,ROU,0.007
MLT,SAU,12947.267
MLT,SGP,57007.314
MLT,SVN,29525.2
MLT,SWE,171.963
MLT,TUN,9843.016
MLT,TUR,5717.813
MLT,TZA,6755.11
MLT,UGA,303.211
MLT,USA,0.012
MLT,ZAF,467.492
MMR,CHN,2797555.31
MMR,HKG,354.907
MMR,IND,28.223
MMR,MYS,5.829
MMR,NLD,0.026
MMR,PAK,728.814
MMR,PHL,1.258
MMR,SGP,1515.417
MMR,THA,4785869.819
MNE,ALB,0.027
MNE,AUT,12.96
MNE,BGR,96.435
MNE,BIH,252.32
MNE,GBR,0.006
MNE,GIB,0.006
MNE,HRV,0.157
MNE,IRL,0.066
MNE,NLD,0.013
MNE,POL,1.58
MNE,SEN,39.64
MNE,SRB,15.554
MNE,SVN,18344.759
MNG,CHN,568765.75
MNG,ISL,17.576
MNG,KOR,859.436
MNG,MOZ,744.3
MNG,SGP,0.008
MOZ,ARE,111024.206
MOZ,BEL,0.017
MOZ,BHR,10.148
MOZ,CHN,1326609.739
MOZ,FRA,0.996
MOZ,HKG,0.001
MOZ,IND,983649.926
MOZ,JPN,113682.38
MOZ,KOR,430559.126
MOZ,KWT,1196.59
MOZ,LSO,2059.98
MOZ,MHL,25.0
MOZ,MWI,25883.497
MOZ,MYS,292083.092
MOZ,NLD,0.344
MOZ,OMN,2146.237
MOZ,PRT,0.001
MOZ,S19,148155.438
MOZ,SAU,2471.5
MOZ,SGP,1538642.0960000001
MOZ,SWE,1.344
MOZ,THA,526845.537
MOZ,TZA,603.833
MOZ,ZAF,2929887.589
MOZ,ZMB,40980.953
MOZ,ZWE,97024.508
MRT,ARE,52.889
MRT,BEL,0.001
MRT,CIV,6.398
MRT,COG,1.186
MRT,ESP,37.552
MRT,FRA,3888.218
MRT,NIC,4.432
MRT,NLD,0.283
MRT,SEN,119.811
MRT,SGP,6.16
MRT,ZAF,0.001
MUS,ARE,0.022
MUS,AUS,384.839
MUS,BEL,0.049
MUS,COK,0.013
MUS,ESP,0.465
MUS,FRA,0.523
MUS,IND,62.566
MUS,ISL,18.84
MUS,JPN,10.077
MUS,KEN,0.003
MUS,LKA,29.71
MUS,MDG,4.03
MUS,MOZ,28.284
MUS,MRT,30.349
MUS,MWI,676.12
MUS,NAM,3.22
MUS,NLD,1.562
MUS,S19,1.8
MUS,SEN,0.002
MUS,SGP,443.534
MUS,SYC,8.824
MUS,TZA,0.4
MUS,ZAF,1.789
MUS,ZMB,92791.173
MUS,ZWE,7364.124
MWI,DEU,0.008
MWI,GBR,0.007
MWI,KEN,0.01
MWI,ZAF,0.031
MWI,ZWE,0.705
MYS,AGO,17536.991
MYS,ARE,310923.75
MYS,ARG,3746.07
MYS,ARM,442.8
MYS,ASM,132899.27
MYS,ATG,1.465
MYS,AUS,10240718.219
MYS,AUT,258.363
MYS,AZE,24.38
MYS,BEL,59295.505
MYS,BEN,5022.05
MYS,BFA,3451.782
MYS,BGD,1988269.887
MYS,BGR,1.203
MYS,BHR,2.201
MYS,BHS,5.095
MYS,BLZ,1.998
MYS,BRA,32081.697
MYS,BRB,0.028
MYS,BRN,2413620.38
MYS,CAN,0.613
MYS,CHE,0.131
MYS,CHL,582.3
MYS,CHN,66151703.797
MYS,CIV,1.149
MYS,COG,342.839
MYS,COL,1506.45
MYS,CRI,93.2
MYS,CXR,20.088
MYS,CYP,5.058
MYS,CZE,0.023
MYS,DEU,10391.86
MYS,DJI,41444.961
MYS,DMA,4.846
MYS,DNK,28045.688
MYS,DOM,15.66
MYS,DZA,0.64
MYS,ECU,2.565
MYS,EGY,834.776
MYS,ESP,97429.13100000001
MYS,FIN,187.799
MYS,FJI,24258.588
MYS,FRA,183984.311
MYS,GAB,133.53
MYS,GBR,174691.65399999998
MYS,GHA,110585.738
MYS,GMB,34.514
MYS,GNQ,2998.688
MYS,GRC,1919.476
MYS,GTM,1591.777
MYS,GUM,29605.7
MYS,GUY,47.488
MYS,HKG,1044986.99
MYS,HND,1144.804
MYS,HUN,0.011
MYS,IDN,6535883.637
MYS,IND,1218052.506
MYS,IRL,4697.194
MYS,IRN,321.523
MYS,IRQ,1432.413
MYS,ISL,24.142
MYS,ITA,193822.942
MYS,JOR,40.212
MYS,JPN,12022906.905
MYS,KEN,64221.073
MYS,KHM,447401.04099999997
MYS,KIR,1.236
MYS,KOR,8639838.695
MYS,KWT,2.472
MYS,LAO,4302.557
MYS,LBN,10.16
MYS,LBR,152.257
MYS,LBY,486.951
MYS,LKA,511327.68
MYS,MAR,16.512
MYS,MDV,91726.959
MYS,MEX,264515.9
MYS,MHL,16588.895
MYS,MLI,1.284
MYS,MLT,0.013
MYS,MMR,693051.967
MYS,MNG,191.562
MYS,MOZ,31261.634
MYS,MUS,38936.036
MYS,MWI,0.036
MYS,NAM,46957.679
MYS,NCL,31030.067
MYS,NER,1539.631
MYS,NGA,85015.605
MYS,NIC,0.159
MYS,NLD,149275.046
MYS,NOR,0.413
MYS,NPL,1748.822
MYS,NZL,510012.981
MYS,OMN,153809.42
MYS,PAK,169170.639
MYS,PAN,343.916
MYS,PER,594.267
MYS,PHL,1973338.842
MYS,PNG,88950.034
MYS,POL,51.504
MYS,PRT,2.762
MYS,PRY,27606.759
MYS,PYF,85192.257
MYS,QAT,322150.708
MYS,ROU,111.302
MYS,RUS,9800.793
MYS,S19,1952121.29
MYS,SAU,210469.571
MYS,SDN,155.692
MYS,SEN,118.475
MYS,SGP,17054300.715
MYS,SLB,1131.172
MYS,SLV,112.794
MYS,SOM,2.736
MYS,SRB,0.052
MYS,SUR,50.654
MYS,SVK,0.999
MYS,SWE,1.9849999999999999
MYS,SYC,1.9929999999999999
MYS,TGO,59718.7
MYS,THA,5802232.226
MYS,TJK,59.16
MYS,TLS,10109.330999999998
MYS,TON,72.687
MYS,TTO,0.91
MYS,TUN,0.08
MYS,TUR,104.79
MYS,TUV,23.844
MYS,TZA,171.659
MYS,UGA,17480.695
MYS,UKR,19.17
MYS,URY,233.658
MYS,USA,89922.341
MYS,UZB,170.634
MYS,VEN,23.148
MYS,VNM,2477765.271
MYS,VUT,104666.152
MYS,WSM,127.238
MYS,YEM,248.199
MYS,ZAF,239474.218
MYS,ZMB,1180.45
NAM,AGO,459.551
NAM,ARE,858.152
NAM,ATG,1401.56
NAM,BEL,10.287
NAM,BHS,1834.972
NAM,BLZ,26.868000000000002
NAM,BMU,1.562
NAM,BRB,146.564
NAM,BWA,256090.661
NAM,CHE,0.048
NAM,CHN,0.075
NAM,CMR,194.805
NAM,COD,1612.114
NAM,COG,2.165
NAM,COK,102.188
NAM,CYM,217.456
NAM,CYP,72.495
NAM,DEU,787.659
NAM,DMA,4.28
NAM,DNK,214.631
NAM,ESP,3357.847
NAM,FLK,206.636
NAM,FRA,254.04399999999998
NAM,GBR,1.262
NAM,GIN,71.778
NAM,GNB,468.769
NAM,GRC,2.501
NAM,IND,362.838
NAM,ISR,99.538
NAM,ITA,4.314
NAM,KEN,2.7
NAM,KIR,11.477
NAM,KNA,293.523
NAM,LBR,3368.488
NAM,LTU,0.071
NAM,LUX,28.952
NAM,MEX,16.38
NAM,MHL,6417.245
NAM,MLT,10487.329
NAM,MOZ,0.051
NAM,MRT,101.825
NAM,MUS,141.609
NAM,MWI,83.081
NAM,MYS,0.087
NAM,NGA,151.77
NAM,NLD,143.17
NAM,NOR,30.418
NAM,NRU,0.06
NAM,OMN,26.856
NAM,PAN,790.298
NAM,PHL,0.04
NAM,PLW,826.44
NAM,POL,1.04
NAM,PRT,3827.9429999999998
NAM,RUS,110.94
NAM,SDN,0.11800000000000001
NAM,SEN,48.4
NAM,SGP,329.135
NAM,SHN,1367.203
NAM,SLE,107.168
NAM,THA,48.569
NAM,UKR,2.461
NAM,USA,0.209
NAM,VCT,207.224
NAM,VUT,1756.1
NAM,ZAF,561.4
NAM,ZMB,10057.499
NAM,ZWE,7570.473
NCL,BEL,0.037000000000000005
NCL,DEU,0.008
NCL,FRA,0.131
NCL,JPN,38.541
NCL,NLD,0.268
NCL,NZL,2130.25
NCL,SGP,0.01
NER,AGO,40.96
NER,ARE,51.064
NER,BEN,178.408
NER,BFA,43005.149
NER,BIH,0.005
NER,CAN,0.001
NER,CHN,149953.49
NER,CIV,584.613
NER,CMR,2.756
NER,COG,0.056
NER,CZE,0.024
NER,DEU,10.114
NER,DZA,375.167
NER,ESP,51.334
NER,ETH,2368.29
NER,FRA,137902.916
NER,GHA,110.0
NER,GIN,110.967
NER,GMB,27.333
NER,HUN,15.474
NER,ITA,373.613
NER,KAZ,14.266
NER,KEN,57.054
NER,KGZ,0.357
NER,LBY,117.573
NER,MAR,1157.65
NER,MLI,24900.546
NER,MRT,1.159
NER,MYS,36331.347
NER,NGA,170.199
NER,NLD,0.014
NER,PHL,0.025
NER,RUS,57.557
NER,S19,0.02
NER,SAU,23.153
NER,SEN,57.609
NER,SGP,80340.50899999999
NER,SLE,15.119
NER,SVN,3.744
NER,SYR,45.0
NER,TCD,119180.208
NER,TGO,143014.644
NER,TUN,298.572
NER,TUR,978.111
NER,UKR,0.029
NGA,ALB,4136.736
NGA,ARE,163.249
NGA,ARG,41953.3
NGA,AUS,240412.5
NGA,BEL,271348.504
NGA,BEN,89209.349
NGA,BFA,17611.596
NGA,BGD,16797.84
NGA,BGR,430.44
NGA,BIH,19.5
NGA,BRA,873466.8500000001
NGA,CAF,1185.0
NGA,CAN,2488180.5779999997
NGA,CHE,954938.0
NGA,CHN,2815484.175
NGA,CIV,3344657.648
NGA,COL,137362.0
NGA,CZE,0.002
NGA,DEU,2400157.28
NGA,DNK,13000.0
NGA,DOM,183.901
NGA,EGY,253166.275
NGA,ESP,9210945.132000001
NGA,FRA,7095024.903
NGA,GBR,2383846.028
NGA,GHA,3716.13
NGA,GIB,83526.155
NGA,GMB,1355.2
NGA,GRC,255567.781
NGA,HKG,113241.75
NGA,HRV,418121.1
NGA,HUN,0.01
NGA,IDN,4748696.594
NGA,IND,7680076.0479999995
NGA,IRL,0.005
NGA,ISL,41902.2
NGA,ISR,949.511
NGA,ITA,3623410.478
NGA,JAM,28993.64
NGA,JPN,520058.044
NGA,KOR,2228973.103
NGA,KWT,55133.01
NGA,LTU,58086.6
NGA,LUX,0.004
NGA,MAR,131855.41
NGA,MOZ,0.5
NGA,MRT,71463.89
NGA,MYS,257386.443
NGA,NAM,3.313
NGA,NER,50699.87
NGA,NLD,3571416.764
NGA,NOR,444327.001
NGA,PAK,590986.996
NGA,PER,1114619.367
NGA,PHL,393228.82200000004
NGA,POL,628704.3369999999
NGA,PRT,2547587.535
NGA,S19,262689.678
NGA,SEN,693777.4940000001
NGA,SGP,763382.2289999999
NGA,SRB,323.26
NGA,SWE,1220140.0
NGA,TCD,77.8
NGA,TGO,3531.552
NGA,THA,1490397.387
NGA,TUR,574629.666
NGA,URY,686898.782
NGA,USA,9559055.456
NGA,ZAF,3958188.961
NIC,BEL,0.001
NIC,CAN,0.003
NIC,CHN,0.005
NIC,CRI,2704.484
NIC,GTM,1403.354
NIC,HND,579.183
NIC,ISL,0.005
NIC,MHL,0.001
NIC,PAN,97340.592
NIC,SEN,552599.16
NIC,SLV,1350.2830000000001
NIC,SVK,0.005
NIC,USA,0.002
NLD,ABW,26.341
NLD,AGO,60365.867999999995
NLD,ALB,2842.5739999999996
NLD,AND,0.152
NLD,ARE,215724.018
NLD,ARG,78290.163
NLD,ARM,620.775
NLD,ATG,0.022
NLD,AUS,4395.005999999999
NLD,AUT,89122.12
NLD,AZE,786.875
NLD,BDI,5.335
NLD,BEL,40631966.419
NLD,BEN,11699.97
NLD,BES,13.023
NLD,BFA,7602.747
NLD,BGD,289.496
NLD,BGR,2415.438
NLD,BHR,126.076
NLD,BHS,1367997.164
NLD,BIH,284.858
NLD,BLR,975.711
NLD,BLZ,23.373
NLD,BMU,0.115
NLD,BOL,109225.284
NLD,BRA,784493.637
NLD,BRB,135687.173
NLD,BRN,44.078
NLD,CAN,1739008.706
NLD,CHE,501371.482
NLD,CHL,888.283
NLD,CHN,12538.406
NLD,CIV,78468.782
NLD,CMR,827.906
NLD,COD,68.66
NLD,COG,686.283
NLD,COL,150407.957
NLD,CPV,71421.075
NLD,CRI,287499.108
NLD,CUB,3202.733
NLD,CUW,345.37699999999995
NLD,CYP,1914.4370000000001
NLD,CZE,37581.923
NLD,DEU,20695602.122
NLD,DJI,2.363
NLD,DMA,23.68
NLD,DNK,390387.678
NLD,DOM,151287.978
NLD,DZA,5251.912
NLD,ECU,1829.693
NLD,EGY,124255.82400000001
NLD,ERI,1.705
NLD,ESP,1496575.0899999999
NLD,EST,20237.088
NLD,ETH,7.947
NLD,FIN,186523.36299999998
NLD,FJI,0.441
NLD,FLK,0.302
NLD,FRA,5622911.534999999
NLD,GAB,1631.772
NLD,GBR,5631838.976
NLD,GEO,8412.221
NLD,GHA,822064.724
NLD,GIB,428998.837
NLD,GIN,36552.663
NLD,GMB,39.003
NLD,GNQ,243.059
NLD,GRC,80820.63500000001
NLD,GRL,23287.506
NLD,GTM,3552.296
NLD,GUM,0.005
NLD,GUY,163.953
NLD,HKG,547.776
NLD,HND,24.211
NLD,HRV,3738.6519999999996
NLD,HTI,133.412
NLD,HUN,19438.938
NLD,IDN,792.327
NLD,IND,5634.0470000000005
NLD,IRL,1591844.743
NLD,IRN,813.615
NLD,IRQ,5166.4220000000005
NLD,ISL,63710.148
NLD,ISR,3870.333
NLD,ITA,1551992.449
NLD,JAM,1475.905
NLD,JOR,1951.685
NLD,JPN,502.03700000000003
NLD,KAZ,2692.3340000000003
NLD,KEN,219154.42700000003
NLD,KGZ,792.166
NLD,KHM,28.622
NLD,KNA,0.025
NLD,KOR,180328.62300000002
NLD,KWT,440.99
NLD,LBN,3843.523
NLD,LBR,803.437
NLD,LBY,159596.345
NLD,LKA,8.852
NLD,LTU,21043.433
NLD,LUX,261404.483
NLD,LVA,20625.723
NLD,MAR,31235.64
NLD,MDA,7039.045999999999
NLD,MDG,178.071
NLD,MDV,19.285
NLD,MEX,17531.464
NLD,MKD,224.821
NLD,MLI,785.54
NLD,MLT,477.647
NLD,MMR,1.568
NLD,MNE,52.549
NLD,MNG,3.131
NLD,MOZ,12743.365
NLD,MRT,8946.196
NLD,MUS,56132.665
NLD,MWI,0.022
NLD,MYS,210268.543
NLD,NAM,48597.281
NLD,NCL,95.041
NLD,NER,13365.523
NLD,NGA,1272289.702
NLD,NIC,141.441
NLD,NOR,1559997.1349999998
NLD,NPL,0.301
NLD,NZL,154.892
NLD,OMN,116326.26
NLD,PAK,85735.959
NLD,PAN,978.5279999999999
NLD,PER,157.092
NLD,PHL,104.826
NLD,PNG,473.251
NLD,POL,678617.9639999999
NLD,PRT,322560.07200000004
NLD,PRY,45050.183
NLD,PYF,0.879
NLD,QAT,50404.683
NLD,ROU,15827.014
NLD,RUS,9.683
NLD,RWA,9.611
NLD,S19,6313.535
NLD,SAU,1188768.279
NLD,SEN,167966.253
NLD,SGP,1256175.348
NLD,SLE,49.671
NLD,SLV,35.616
NLD,SMR,0.214
NLD,SOM,0.126
NLD,SRB,2092.759
NLD,SUR,526.211
NLD,SVK,7871.012000000001
NLD,SVN,42780.511
NLD,SWE,1225534.382
NLD,SXM,22.187
NLD,SYC,1.3239999999999998
NLD,TCD,1142.426
NLD,TGO,79193.865
NLD,THA,3551.567
NLD,TJK,775.892
NLD,TKM,705.349
NLD,TTO,736.506
NLD,TUN,1417.84
NLD,TUR,201932.834
NLD,TZA,13082.494
NLD,UGA,135348.259
NLD,UKR,30599.960000000003
NLD,URY,17612.853
NLD,USA,6457307.802
NLD,UZB,319.289
NLD,VEN,380.584
NLD,VGB,0.982
NLD,VNM,408.736
NLD,YEM,360.51
NLD,ZAF,308001.902
NLD,ZMB,725.618
NLD,ZWE,25.362
NOR,AGO,10.177999999999999
NOR,ARE,30.86
NOR,ARG,0.031
NOR,AUS,2835.041
NOR,AUT,139285.12
NOR,AZE,0.047
NOR,BEL,13556234.607
NOR,BEN,4830.28
NOR,BFA,15589.28
NOR,BGR,778409.2629999999
NOR,BIH,19.78
NOR,BRA,2.919
NOR,CAN,578809.333
NOR,CHE,154.599
NOR,CHL,0.262
NOR,CHN,2124748.0130000003
NOR,CIV,37046.222
NOR,COL,0.009
NOR,CUW,0.006
NOR,CYP,1.618
NOR,CZE,2927063.26
NOR,DEU,38941715.415
NOR,DNK,4682077.316
NOR,DOM,36809.8
NOR,ECU,70852.8
NOR,EGY,4.88
NOR,ESP,1150235.138
NOR,EST,300304.659
NOR,FIN,7921872.606000001
NOR,FRA,15626866.758000001
NOR,GBR,45136307.283
NOR,GHA,0.029
NOR,GMB,838.05
NOR,GNQ,0.166
NOR,GRC,1528735.419
NOR,GRL,0.41
NOR,HKG,1.217
NOR,HRV,146827.793
NOR,HUN,0.046
NOR,IDN,75174.46800000001
NOR,IND,1591.119
NOR,IRL,3347.617
NOR,ISL,609228.5310000001
NOR,ITA,5061729.318
NOR,JPN,37.238
NOR,KOR,256690.28699999998
NOR,KWT,0.248
NOR,LTU,3149748.377
NOR,LVA,247704.64
NOR,MAR,19821.506
NOR,MEX,0.07
NOR,MKD,20.19
NOR,MLT,12495.008
NOR,MYS,31721.989999999998
NOR,NAM,1466.732
NOR,NER,614.528
NOR,NGA,1280564.224
NOR,NLD,21331194.126
NOR,NZL,0.012
NOR,PAK,1.0
NOR,PAN,1.91
NOR,PER,0.009
NOR,PHL,0.136
NOR,POL,10630458.511
NOR,PRT,517578.83
NOR,QAT,1.187
NOR,ROU,587394.767
NOR,RUS,45.204
NOR,S19,166897.498
NOR,SAU,0.552
NOR,SEN,6871.75
NOR,SGP,93388.178
NOR,SLV,0.024
NOR,SRB,158.06
NOR,SVK,135783.0
NOR,SVN,312.65500000000003
NOR,SWE,9829124.477
NOR,THA,0.523
NOR,TTO,0.068
NOR,TUN,0.194
NOR,TUR,918172.339
NOR,UKR,32458.867
NOR,USA,1863133.812
NOR,VNM,0.013
NOR,ZAF,563.912
NPL,GBR,2.8
NPL,ISL,52.389
NPL,KOR,10.07
NRU,FRA,0.024
NZL,ARE,1218.782
NZL,ARG,0.004
NZL,ASM,1764.913
NZL,AUS,231275.22100000002
NZL,BEL,0.039
NZL,BGR,0.269
NZL,BRA,0.001
NZL,CAN,46.858
NZL,CHL,0.016
NZL,CHN,132379.35700000002
NZL,COK,8617.49
NZL,DEU,16.0
NZL,DNK,0.002
NZL,ESP,0.008
NZL,FJI,111.259
NZL,FRA,0.875
NZL,FSM,25.0
NZL,GBR,1.701
NZL,GHA,0.003
NZL,GIN,0.045
NZL,HKG,0.028
NZL,IDN,16683.621
NZL,IND,6755.299
NZL,IRL,0.076
NZL,ITA,0.025
NZL,JPN,25.076
NZL,KEN,0.001
NZL,KIR,206.93900000000002
NZL,KOR,213719.66499999998
NZL,LVA,0.005
NZL,MAC,0.001
NZL,MEX,0.002
NZL,MHL,1756.385
NZL,MNG,0.001
NZL,MUS,7.116
NZL,MYS,3.586
NZL,NAM,0.047
NZL,NCL,132.601
NZL,NFK,6.512
NZL,NIU,3583.5609999999997
NZL,NLD,3.352
NZL,NOR,0.007
NZL,NPL,556.2
NZL,NRU,41.736
NZL,PCN,1275.318
NZL,PHL,0.005
NZL,PNG,356.865
NZL,POL,0.041
NZL,PYF,22.293
NZL,QAT,0.008
NZL,S19,17.159
NZL,SEN,0.001
NZL,SGP,243532.501
NZL,SLB,0.015
NZL,SWE,0.366
NZL,THA,96146.225
NZL,TON,931.52
NZL,TUV,1091.1660000000002
NZL,UKR,0.158
NZL,USA,0.817
NZL,VNM,256.67
NZL,VUT,1513.602
NZL,WLF,118.78
NZL,WSM,2021.4899999999998
NZL,ZAF,0.009
NZL,ZMB,0.505
OMN,AGO,45.287
OMN,ALB,19256.68
OMN,AUS,149036.9
OMN,AZE,34.408
OMN,BEL,42289.893000000004
OMN,BHR,971.597
OMN,BRA,375311.3
OMN,CAN,55183.474
OMN,CHN,45276283.47
OMN,CIV,17.293
OMN,CYP,0.001
OMN,DEU,101684.001
OMN,DNK,0.017
OMN,EGY,63730.469
OMN,ESP,39995.003
OMN,FRA,471197.212
OMN,GBR,296090.031
OMN,IDN,525493.005
OMN,IND,2870152.402
OMN,IRL,17505.8
OMN,ITA,145068.096
OMN,JPN,4112674.3
OMN,KEN,574948.76
OMN,KOR,7718954.773
OMN,KWT,2796.931
OMN,LKA,524407.559
OMN,MAR,229483.833
OMN,MDA,248.607
OMN,MDG,792692.6
OMN,MDV,329954.676
OMN,MKD,993.229
OMN,MOZ,541369.223
OMN,MUS,35998.13
OMN,MYS,442572.92
OMN,NAM,251673.6
OMN,NLD,240420.49
OMN,PAK,1612907.185
OMN,PHL,29037.487
OMN,POL,13551.06
OMN,PRY,28064.07
OMN,QAT,538491.574
OMN,ROU,2079.783
OMN,S19,4142344.603
OMN,SAU,1466251.445
OMN,SGP,1160422.0
OMN,THA,659818.203
OMN,TUR,45172.679
OMN,TZA,246363.654
OMN,UGA,250700.41999999998
OMN,UKR,61965.2
OMN,URY,101403.0
OMN,USA,82901.01
OMN,UZB,660.2
OMN,ZAF,4246685.684
OMN,ZMB,2305.66
PAK,AFG,1934.717
PAK,AGO,4.42
PAK,ARE,490936.0
PAK,BEL,0.097
PAK,BGD,37.0
PAK,BGR,0.006
PAK,BRN,64666.8
PAK,CAN,0.027
PAK,CHL,0.02
PAK,CHN,77404.451
PAK,CYP,0.001
PAK,DEU,0.049
PAK,ESP,0.005
PAK,FRA,0.175
PAK,GBR,1.0
PAK,GIN,2.0
PAK,GTM,0.011
PAK,HRV,0.416
PAK,IRQ,63.0
PAK,KAZ,0.381
PAK,KEN,91.0
PAK,KGZ,0.444
PAK,KOR,114864.064
PAK,LKA,0.001
PAK,MNE,0.001
PAK,MOZ,2.12
PAK,MUS,42399.778
PAK,MWI,3.0
PAK,MYS,90522.93
PAK,NLD,0.163
PAK,NZL,0.012
PAK,PER,117.6
PAK,QAT,200.0
PAK,S19,13574.9
PAK,SAU,1.426
PAK,SEN,14.01
PAK,SGP,344263.64400000003
PAK,SVN,0.005
PAK,TGO,14448.0
PAK,THA,164747.053
PAK,TUR,0.041
PAK,USA,92212.209
PAK,UZB,0.027
PAN,ABW,19.29
PAN,ATG,21.456
PAN,AUS,209.3
PAN,BEL,0.103
PAN,BES,178.959
PAN,BGR,1468.25
PAN,BIH,37.9
PAN,BLZ,0.018
PAN,BRA,14.8
PAN,BRB,2.36
PAN,CAN,0.024
PAN,CHL,0.353
PAN,CHN,3.213
PAN,COL,411.575
PAN,CRI,184703.638
PAN,CUB,49.855
PAN,CUW,702.218
PAN,DNK,0.002
PAN,DOM,19927.897
PAN,ECU,54513.557
PAN,ESP,0.002
PAN,FIN,0.005
PAN,FRA,9.285
PAN,GRC,0.02
PAN,GTM,39.438
PAN,GUY,84.135
PAN,HND,150.428
PAN,IND,4558.168
PAN,ISL,11.267
PAN,JPN,153.282
PAN,KOR,21000.031
PAN,NIC,7952.672
PAN,NLD,1.841
PAN,NOR,0.095
PAN,PER,967.302
PAN,PRY,8266.93
PAN,SGP,54455.714
PAN,SLV,5653.034000000001
PAN,SUR,21.313
PAN,THA,4.0
PAN,TZA,11043.58
PAN,URY,47.776
PAN,USA,1539.222
PAN,VEN,1521.017
PAN,ZAF,4455.692
PCN,COL,10.381
PCN,ESP,0.004
PER,ABW,1310.068
PER,ARE,0.02
PER,ARG,19859.006
PER,BEL,0.34400000000000003
PER,BES,33829.3
PER,BHS,41078.812000000005
PER,BOL,129970.99900000001
PER,BRA,645831.1630000001
PER,CAN,189016.418
PER,CHL,70553.026
PER,CHN,490630.06299999997
PER,COL,8052.804999999999
PER,CRI,2077.744
PER,CUB,1324.89
PER,DEU,66.432
PER,DOM,9733.988
PER,ECU,30100.173
PER,ESP,201166.293
PER,FRA,320102.762
PER,GBR,241092.68
PER,GTM,33960.994
PER,GUY,10.52
PER,HND,31115.764
PER,ISL,218.754
PER,JAM,14.643
PER,JPN,1638543.176
PER,KOR,1203658.233
PER,MAR,1965014.29
PER,MEX,45698.17
PER,NIC,27995.199
PER,NLD,881988.0750000001
PER,NOR,0.085
PER,PAN,900814.579
PER,PHL,53.468
PER,PRY,2679.503
PER,S19,183700.469
PER,SGP,0.006
PER,SLV,3790.245
PER,SWE,0.447
PER,THA,61523.37
PER,TUR,3164.51
PER,URY,4758.256
PER,USA,642529.972
PER,VEN,1033.63
PHL,ARE,61683.9
PHL,AUS,10392.6
PHL,AUT,43.635999999999996
PHL,BEL,0.025
PHL,BHR,8781.68
PHL,BRA,0.008
PHL,BRN,106309.91500000001
PHL,CAN,47.722
PHL,CHL,0.069
PHL,CHN,9502.08
PHL,CZE,0.016
PHL,DEU,8.769
PHL,DNK,0.004
PHL,FIN,0.005
PHL,FRA,227.455
PHL,FSM,0.84
PHL,GBR,467.928
PHL,GTM,0.422
PHL,GUM,2002.58
PHL,HKG,1765.737
PHL,HRV,0.002
PHL,HUN,2.118
PHL,IDN,1997.415
PHL,IND,25.429
PHL,IRL,0.001
PHL,JPN,741.664
PHL,KHM,41.311
PHL,KOR,95656.826
PHL,KWT,8655.52
PHL,LKA,7.68
PHL,MAC,56.707
PHL,MDV,29.788
PHL,MMR,183.068
PHL,MYS,50228.371
PHL,NCL,52.125
PHL,NLD,0.648
PHL,NZL,0.7
PHL,OMN,8287.42
PHL,PLW,503.121
PHL,PNG,37.137
PHL,QAT,34853.2
PHL,S19,18100.924
PHL,SAU,24568.2
PHL,SGP,54452.49
PHL,SLV,0.001
PHL,THA,116182.58600000001
PHL,TUR,16890.8
PHL,USA,21881.601
PHL,VNM,2469.537
PLW,KOR,0.003
PLW,NLD,0.002
PNG,AUS,608.141
PNG,BEL,0.009000000000000001
PNG,CHN,2907440.9
PNG,HKG,115065.0
PNG,IDN,78277.4
PNG,IND,796.588
PNG,JPN,3662589.0
PNG,KOR,912473.3999999999
PNG,MKD,27.288
PNG,MYS,104481.42
PNG,NLD,0.468
PNG,S19,1595667.506
PNG,SGP,334939.49
POL,AGO,26.725
POL,ALB,78.515
POL,AND,1.213
POL,ARE,63.481
POL,ARG,1517.808
POL,ARM,184.09
POL,ATF,46.202999999999996
POL,AUS,1069.658
POL,AUT,12199.208
POL,AZE,446.85299999999995
POL,BEL,18560.513
POL,BGR,3990.3909999999996
POL,BHR,68.77300000000001
POL,BIH,754.964
POL,BLR,6402.629
POL,BMU,0.522
POL,BRA,6608.388
POL,CAF,18.264
POL,CAN,73.568
POL,CHE,1227.135
POL,CHL,207.67000000000002
POL,CHN,43.047
POL,CIV,13.295
POL,CMR,209.353
POL,COD,46.12
POL,COG,23.298
POL,COL,735.567
POL,CPV,11.523
POL,CRI,351.587
POL,CYP,745.0500000000001
POL,CZE,271368.062
POL,DEU,382947.402
POL,DNK,11177.953000000001
POL,DOM,71.721
POL,DZA,2481.253
POL,ECU,1190.946
POL,EGY,139.229
POL,ESP,2674.902
POL,EST,2226.475
POL,FIN,181354.565
POL,FRA,24533.979
POL,GAB,11.52
POL,GBR,44140.335
POL,GEO,407.464
POL,GHA,3.035
POL,GIN,91.002
POL,GMB,2.0
POL,GNQ,36.799
POL,GRC,5314.657999999999
POL,GRL,101.097
POL,GTM,0.204
POL,GUY,1.8
POL,HKG,21.374
POL,HRV,3169.542
POL,HUN,43453.651
POL,IDN,104.857
POL,IND,2619.974
POL,IRL,2765.457
POL,IRN,10.603
POL,IRQ,857.327
POL,ISL,515.1619999999999
POL,ISR,1139.275
POL,ITA,21378.795000000002
POL,JAM,86.075
POL,JOR,128.078
POL,JPN,12.151
POL,KAZ,457.519
POL,KEN,360.418
POL,KGZ,707.753
POL,KHM,370.064
POL,KOR,570.9879999999999
POL,KWT,2.162
POL,LBN,188.026
POL,LBR,78.741
POL,LBY,55.009
POL,LKA,68.8
POL,LTU,19186.9
POL,LUX,25.807
POL,LVA,7674.8369999999995
POL,MAR,2602.388
POL,MDA,1165.0040000000001
POL,MDG,0.221
POL,MEX,0.007
POL,MHL,0.001
POL,MKD,327.241
POL,MLT,36.397000000000006
POL,MNE,72.201
POL,MNG,12.936
POL,MRT,100.172
POL,MUS,0.007
POL,MWI,0.018
POL,MYS,9.488
POL,NAM,0.305
POL,NGA,505.127
POL,NLD,251203.126
POL,NOR,1145.18
POL,NZL,0.012
POL,OMN,3.406
POL,PAK,63.296
POL,PAN,2213.784
POL,PER,422.61400000000003
POL,PHL,21.026
POL,PRT,1244.316
POL,PRY,0.001
POL,PSE,12.161
POL,PYF,0.11
POL,QAT,51.267
POL,ROU,5614.603
POL,RUS,0.356
POL,RWA,23.04
POL,S19,161.862
POL,SAU,110.99199999999999
POL,SDN,13.59
POL,SEN,3303.785
POL,SGP,1530.057
POL,SLV,12.579
POL,SMR,1.819
POL,SRB,15203.054
POL,SSD,35.136
POL,SVK,62327.336
POL,SVN,2204.008
POL,SWE,78421.982
POL,SYC,0.207
POL,TCD,20.736
POL,TGO,0.096
POL,THA,7.543
POL,TJK,287.857
POL,TUN,857.653
POL,TUR,1636.568
POL,TZA,1.394
POL,UGA,206.967
POL,UKR,1444252.2340000002
POL,URY,0.154
POL,USA,12827.809000000001
POL,UZB,1541.813
POL,VEN,18.371
POL,VNM,30.875
POL,YEM,67.351
POL,ZAF,1132.419
POL,ZWE,0.098
PRK,AUT,24.18
PRK,BGR,0.001
PRK,BHS,184.412
PRK,MDV,1.864
PRK,MNE,0.381
PRT,AGO,7531.358
PRT,ALB,31.732
PRT,AND,0.2
PRT,ARE,1.281
PRT,ARG,342.634
PRT,ATG,1.044
PRT,AUS,4.03
PRT,AUT,0.21
PRT,BEL,329696.378
PRT,BEN,7.5
PRT,BES,0.031
PRT,BGD,0.022
PRT,BGR,16.491
PRT,BHR,0.121
PRT,BHS,475.666
PRT,BIH,0.005
PRT,BLM,15.496
PRT,BRA,34871.78
PRT,CAF,12.51
PRT,CAN,0.316
PRT,CHE,1.11
PRT,CHL,0.035
PRT,CHN,2.406
PRT,CIV,1.298
PRT,COG,0.005
PRT,COL,0.595
PRT,CPV,72533.485
PRT,CUB,15.614
PRT,CYP,63.752
PRT,CZE,0.008
PRT,DEU,61969.851
PRT,DNK,493.42
PRT,DOM,0.15
PRT,DZA,467.784
PRT,ECU,0.064
PRT,EGY,37836.858
PRT,ESP,661384.0619999999
PRT,EST,89.944
PRT,FIN,59698.146
PRT,FRA,108271.502
PRT,GBR,4564.284
PRT,GHA,17.462
PRT,GIB,885500.055
PRT,GIN,2.192
PRT,GMB,0.012
PRT,GNB,73239.989
PRT,GRC,4054.586
PRT,GTM,0.973
PRT,HKG,11.907
PRT,HND,0.215
PRT,HRV,116.375
PRT,HTI,0.002
PRT,HUN,168.704
PRT,IDN,0.008
PRT,IND,37.0
PRT,IRL,17.022
PRT,ISL,1845.435
PRT,ISR,49.232
PRT,ITA,6900.063999999999
PRT,JPN,0.54
PRT,KAZ,0.072
PRT,KEN,21.163
PRT,KGZ,0.008
PRT,KOR,26.773
PRT,KWT,0.003
PRT,LBR,951.959
PRT,LBY,30132.9
PRT,LKA,0.031
PRT,LTU,0.114
PRT,LUX,5.843
PRT,MAC,0.009
PRT,MAR,301138.64800000004
PRT,MDV,0.01
PRT,MEX,0.001
PRT,MHL,0.156
PRT,MLI,0.062
PRT,MLT,1.117
PRT,MOZ,820.287
PRT,MRT,4093.66
PRT,MUS,0.01
PRT,MWI,0.012
PRT,NAM,0.441
PRT,NGA,0.365
PRT,NLD,552347.746
PRT,NOR,0.237
PRT,NZL,0.224
PRT,PAN,25744.74
PRT,PER,13.512
PRT,PHL,0.012
PRT,POL,65.415
PRT,PRY,9138.53
PRT,QAT,44944.6
PRT,ROU,88.765
PRT,S19,0.002
PRT,SAU,0.134
PRT,SEN,14468.255
PRT,SGP,84030.394
PRT,SLE,0.024999999999999998
PRT,SLV,0.138
PRT,SRB,5.868
PRT,STP,208.50099999999998
PRT,SVK,167.818
PRT,SVN,0.901
PRT,SWE,0.002
PRT,SWZ,55.469
PRT,SYC,0.218
PRT,TGO,30.98
PRT,THA,0.18
PRT,TTO,0.014
PRT,TUN,26.714
PRT,TUR,13273.368
PRT,TZA,0.017
PRT,UGA,3871.052
PRT,UKR,0.003
PRT,URY,0.424
PRT,USA,1558661.173
PRT,VEN,33.292
PRT,ZAF,47.807
PRT,ZMB,0.025
PRY,ARG,0.052
PRY,BOL,5725.553
PRY,CHL,0.419
PRY,NLD,0.003
PYF,AUS,53.408
PYF,BEL,0.001
PYF,DEU,0.272
PYF,FRA,0.874
PYF,IRL,0.147
PYF,ISL,95.265
PYF,NLD,0.536
PYF,NZL,119.655
QAT,AGO,0.132
QAT,ARG,12337.028
QAT,AUT,2.051
QAT,BEL,2042632.846
QAT,BHR,188.71
QAT,BIH,143.76
QAT,BRA,430950.287
QAT,BRN,124690.0
QAT,CAN,33599.47
QAT,CHE,2677.73
QAT,CHN,31563003.149
QAT,CZE,244.541
QAT,DEU,351051.225
QAT,DNK,107346.001
QAT,EGY,2728.622
QAT,ESP,705669.049
QAT,EST,25031.1
QAT,FIN,87569.761
QAT,FRA,378046.11699999997
QAT,GBR,919707.079
QAT,HKG,826032.0
QAT,HUN,0.05
QAT,IDN,864946.138
QAT,IND,18811624.798
QAT,IRL,0.038
QAT,ITA,4752920.0
QAT,JPN,10430766.195
QAT,KEN,19.96
QAT,KOR,19255502.19
QAT,KWT,1632.64
QAT,LKA,6694.71
QAT,LTU,398.46
QAT,MAR,1986.231
QAT,MDG,13514.05
QAT,MDV,17.804
QAT,MKD,2.201
QAT,MMR,1357009.0
QAT,MYS,1506222.6269999999
QAT,NAM,49073.449
QAT,NGA,52.32
QAT,NLD,1132236.163
QAT,NOR,1619.226
QAT,NZL,0.01
QAT,PAK,6829967.029999999
QAT,PER,219.42
QAT,PHL,471904.334
QAT,POL,22596.905
QAT,ROU,2986.061
QAT,S19,7068827.846000001
QAT,SAU,221555.991
QAT,SEN,319.39
QAT,SGP,8488721.264
QAT,SVK,35.08
QAT,SWE,415889.687
QAT,THA,5023381.522
QAT,TUN,422.299
QAT,TUR,41116.264
QAT,UGA,3386.39
QAT,UKR,500.0
QAT,USA,777877.2159999999
QAT,UZB,1149.94
QAT,ZAF,48773.219
QAT,ZMB,100.3
QAT,ZWE,0.53
ROU,AGO,18.663
ROU,ALB,19334.54
ROU,ARE,922.012
ROU,ARM,15381.127
ROU,AUS,0.002
ROU,AUT,140035.32499999998
ROU,AZE,51771.219
ROU,BEL,5479.725
ROU,BEN,31.6
ROU,BGR,417473.109
ROU,BHR,15.405
ROU,BIH,5415.016
ROU,BRA,7957.86
ROU,CHE,8.77
ROU,CHL,0.044
ROU,CHN,26.742
ROU,COL,0.004
ROU,CYP,5755.857
ROU,CZE,720.524
ROU,DEU,48810.354999999996
ROU,DNK,1.726
ROU,DZA,2.24
ROU,EGY,27150.07
ROU,ESP,14640.548
ROU,EST,389.73
ROU,FIN,264.971
ROU,FRA,2892.821
ROU,GAB,7.86
ROU,GBR,910.7860000000001
ROU,GEO,262961.583
ROU,GIB,313978.19
ROU,GRC,18114.778
ROU,GTM,1.208
ROU,HKG,22.842
ROU,HRV,2399.9880000000003
ROU,HUN,1134300.5150000001
ROU,IDN,9.521
ROU,IND,10427.076
ROU,IRL,39.038000000000004
ROU,IRN,0.2
ROU,IRQ,529.46
ROU,ISL,30.926
ROU,ISR,871.395
ROU,ITA,93950.387
ROU,JOR,52.358
ROU,KAZ,2484.548
ROU,KGZ,304.527
ROU,KOR,68521.809
ROU,LBN,86985.69200000001
ROU,LBR,0.366
ROU,LBY,28846.867
ROU,LKA,33.12
ROU,LTU,255.997
ROU,LUX,5.25
ROU,LVA,185.501
ROU,MAR,47669.81
ROU,MDA,1207082.116
ROU,MEX,1.533
ROU,MHL,0.27
ROU,MKD,11346.598999999998
ROU,MLT,30411.371
ROU,MNE,261.397
ROU,MWI,0.002
ROU,MYS,0.002
ROU,NAM,0.2
ROU,NER,4.586
ROU,NLD,96097.816
ROU,NOR,9.17
ROU,NZL,0.002
ROU,PAK,4592.0
ROU,PER,0.128
ROU,POL,5525.92
ROU,PRT,0.8210000000000001
ROU,QAT,31.22
ROU,S19,11.864
ROU,SAU,0.236
ROU,SGP,21951.664
ROU,SRB,72366.62700000001
ROU,SVK,908.8689999999999
ROU,SVN,27689.972
ROU,SWE,1.889
ROU,SYR,5.963
ROU,THA,28.507
ROU,TJK,55.879
ROU,TUN,61407.72
ROU,TUR,126438.333
ROU,UKR,562875.01
ROU,URY,0.017
ROU,USA,647.645
ROU,UZB,55.12
ROU,ZAF,0.521
RUS,AGO,0.828
RUS,ARM,2144060.522
RUS,AUT,906.663
RUS,AZE,2073465.981
RUS,BEL,2557923.217
RUS,BEN,255845.0
RUS,BFA,674575.075
RUS,BGR,347828.804
RUS,BHR,9.245
RUS,BIH,183883.836
RUS,BOL,14614.195
RUS,BRA,9202233.376
RUS,BRN,1219420.0
RUS,CHL,95.302
RUS,CHN,147458086.62
RUS,CIV,504509.0
RUS,COL,23.553
RUS,CZE,4024918.018
RUS,DEU,62731.742
RUS,DOM,92.8
RUS,EGY,169135.455
RUS,ESP,4045805.6
RUS,EST,32418.59
RUS,FIN,118877.827
RUS,FRA,6341829.795
RUS,GMB,10610.5
RUS,GRC,3751595.1999999997
RUS,GTM,19.104
RUS,HRV,308968.56
RUS,HUN,10239404.2
RUS,IDN,359684.211
RUS,IND,97496927.367
RUS,ISR,79.704
RUS,ITA,3994852.3
RUS,JPN,5683618.0
RUS,KAZ,1547789.382
RUS,KGZ,1446312.623
RUS,KOR,2123884.6679999996
RUS,LKA,0.692
RUS,LTU,43850.32
RUS,LVA,333261.631
RUS,MDA,3625.6499999999996
RUS,MKD,180496.99
RUS,MMR,603.982
RUS,MWI,29.712
RUS,MYS,1442860.716
RUS,NER,2546.591
RUS,NGA,376.117
RUS,NIC,209.919
RUS,NLD,2409490.001
RUS,NOR,13688.9
RUS,PAK,51.0
RUS,PER,239.957
RUS,POL,1004753.549
RUS,PRT,216826.0
RUS,PRY,114629.92
RUS,QAT,117.901
RUS,S19,4738499.443
RUS,SAU,3221010.1
RUS,SEN,1141134.0
RUS,SGP,7405140.0
RUS,SRB,1692109.5829999999
RUS,SVK,8059390.597999999
RUS,SVN,27442.1
RUS,SWE,44803.0
RUS,THA,210.193
RUS,TUN,677878.236
RUS,TUR,16625173.714
RUS,TZA,134.76
RUS,UZB,4511441.979
RUS,ZAF,39154.175
RWA,FRA,0.005
RWA,ISL,48.148
RWA,KEN,0.01
RWA,NLD,0.02
RWA,TZA,0.01
RWA,UGA,1235.164
RWA,ZAF,0.012
RWA,ZMB,24.01
S19,ARE,52177.484
S19,ARG,38.254
S19,AUS,4081619.8630000004
S19,AUT,2.425
S19,AZE,0.069
S19,BEL,79520.413
S19,BGD,298629.298
S19,BGR,0.33699999999999997
S19,BHR,0.448
S19,BIH,0.062
S19,BLZ,0.009
S19,BRA,0.66
S19,CAN,49.93000000000001
S19,CHE,2.6889999999999996
S19,CHL,5.354
S19,CHN,358850.356
S19,CIV,7.729
S19,CMR,1.102
S19,COD,5.406
S19,COL,21.899
S19,CRI,0.689
S19,CZE,9.279
S19,DEU,1326.997
S19,DNK,139.743
S19,DOM,23.148
S19,ECU,39035.395
S19,EGY,15.779
S19,ESP,24.936
S19,EST,0.126
S19,FIN,13.723
S19,FJI,30.396
S19,FRA,8.991
S19,FSM,42430.299
S19,GBR,1493.386
S19,GHA,266.433
S19,GRC,0.023
S19,GTM,9137.17
S19,GUM,0.312
S19,HKG,693613.416
S19,HND,0.753
S19,HRV,0.008
S19,HUN,0.005
S19,IDN,324046.89
S19,IND,145904.729
S19,IRL,0.079
S19,IRQ,75356.2
S19,ISL,67.742
S19,ISR,0.804
S19,ITA,1146.88
S19,JAM,374.98
S19,JPN,122339.746
S19,KAZ,0.305
S19,KEN,3.166
S19,KHM,390.697
S19,KIR,7576.6
S19,KOR,106727.49900000001
S19,LKA,23819.0
S19,LSO,0.138
S19,LTU,0.002
S19,LUX,0.112
S19,LVA,180.02
S19,MAC,62.236
S19,MAR,0.342
S19,MDA,0.02
S19,MDG,4.672
S19,MDV,0.006
S19,MEX,813.623
S19,MHL,204105.941
S19,MMR,74.922
S19,MNE,0.005
S19,MNP,589.714
S19,MOZ,68.301
S19,MUS,17.894
S19,MYS,2213343.572
S19,NAM,0.08299999999999999
S19,NGA,0.027
S19,NIC,8315.08
S19,NLD,126451.8
S19,NOR,0.896
S19,NPL,0.05
S19,NZL,546.7040000000001
S19,OMN,418699.0
S19,PAK,5881.644
S19,PAN,75.276
S19,PER,60.921
S19,PHL,801542.2999999999
S19,PLW,106.184
S19,PNG,59080.222
S19,POL,97.29199999999999
S19,PRT,1.043
S19,PRY,0.6
S19,PYF,79.82
S19,QAT,183.73
S19,RUS,67.396
S19,SAU,934.328
S19,SEN,422.063
S19,SGP,3087037.511
S19,SLB,93.01
S19,SLV,9416.578
S19,SRB,0.201
S19,SUR,141.405
S19,SVK,0.596
S19,SVN,0.544
S19,SWE,10.895
S19,SYC,26.874
S19,THA,1843.954
S19,TLS,68559.524
S19,TUN,0.029
S19,TUR,4884.204
S19,TUV,0.057
S19,TZA,526.061
S19,UGA,0.022
S19,UKR,24.947
S19,URY,0.08
S19,USA,490409.615
S19,UZB,0.1
S19,VNM,100363.751
S19,ZAF,107.193
S19,ZMB,0.113
SAU,AGO,2117.17
SAU,ALB,257004.739
SAU,ARE,1585.426
SAU,ARG,91464.25
SAU,AUS,121.35
SAU,AUT,925890.26
SAU,AZE,538.608
SAU,BEL,310895.683
SAU,BEN,13498.7
SAU,BFA,21392.215
SAU,BGR,875071.299
SAU,BHR,6149.082
SAU,BIH,237.235
SAU,BRA,3354954.129
SAU,BRN,271467.0
SAU,CAF,40.0
SAU,CAN,2255225.332
SAU,CHE,33.025
SAU,CHL,12136.24
SAU,CHN,80309012.8
SAU,CIV,71601.187
SAU,COL,448.593
SAU,CYP,132807.482
SAU,CZE,0.002
SAU,DEU,1859995.106
SAU,DNK,107106.003
SAU,DOM,461.96
SAU,EGY,5772547.963
SAU,ESP,4183129.89
SAU,EST,4620.03
SAU,FIN,6619.107
SAU,FRA,5665853.993999999
SAU,GBR,1625729.839
SAU,GRC,2371079.0
SAU,HKG,0.058
SAU,HRV,108409.29
SAU,IDN,5218887.822
SAU,IND,35781883.709
SAU,IRL,5928.44
SAU,ITA,7026758.944
SAU,JPN,46943167.392
SAU,KEN,152357.975
SAU,KOR,49118291.962
SAU,KWT,2312.58
SAU,LKA,100769.21
SAU,LTU,3720328.862
SAU,LVA,28855.6
SAU,MAR,2073162.707
SAU,MDA,2548.45
SAU,MDG,0.001
SAU,MEX,5635.53
SAU,MKD,21396.637
SAU,MLT,0.009
SAU,MOZ,615.561
SAU,MUS,44960.47
SAU,MYS,11405016.909
SAU,NAM,8359.495
SAU,NER,62.778
SAU,NGA,353.671
SAU,NIC,14.027
SAU,NLD,4439552.358
SAU,PAK,5563324.693
SAU,PAN,70.54
SAU,PER,150.632
SAU,PHL,3438763.0
SAU,POL,13492226.794
SAU,PRT,649074.8
SAU,PRY,28375.7
SAU,QAT,43339.255
SAU,ROU,719376.633
SAU,S19,14585840.395
SAU,SEN,79572.42
SAU,SGP,6894475.757
SAU,SRB,47682.839
SAU,SVN,864940.601
SAU,SWE,0.098
SAU,THA,6058358.79
SAU,TUN,51056.902
SAU,TUR,338749.393
SAU,TZA,120477.212
SAU,UGA,5587.723
SAU,UKR,204016.0
SAU,URY,19199.379
SAU,USA,19506086.376000002
SAU,UZB,2.0
SAU,YEM,23.359
SAU,ZAF,3030161.399
SAU,ZMB,253251.872
SAU,ZWE,136.82999999999998
SDN,EGY,0.161
SDN,ITA,488001.0
SDN,MYS,505839.1
SDN,SGP,150206.0
SDN,TUR,0.01
SEN,ARE,40.0
SEN,BEL,7322.298
SEN,BEN,403.061
SEN,BFA,33944.372
SEN,BRA,71877.633
SEN,BRN,146.174
SEN,CAN,0.005
SEN,CHE,0.077
SEN,CHN,1110942.896
SEN,CIV,1587.299
SEN,CMR,8262.863
SEN,COD,7.08
SEN,COG,1017.908
SEN,COL,4.825
SEN,DEU,95999.837
SEN,ESP,155731.728
SEN,FRA,0.49
SEN,GAB,2371.443
SEN,GBR,9994.987000000001
SEN,GEO,52.533
SEN,GHA,11.977
SEN,GIB,16871.91
SEN,GIN,36407.982
SEN,GMB,21888.989
SEN,GNB,9569.204
SEN,GNQ,657.37
SEN,HTI,41.217
SEN,IND,15.023
SEN,ITA,77363.773
SEN,KOR,0.201
SEN,LBR,634.24
SEN,MAR,35012.1
SEN,MLI,931455.6449999999
SEN,MRT,2050.744
SEN,NER,522.523
SEN,NGA,115.435
SEN,NLD,136926.008
SEN,OMN,80.274
SEN,SGP,70893.568
SEN,SLE,742.601
SEN,SUR,27.261
SEN,TCD,1024.711
SEN,TGO,3564.243
SEN,TZA,13.435
SEN,UGA,2.658
SEN,USA,159703.066
SGP,AGO,6804.408
SGP,ARE,281836.1
SGP,ARG,31.141
SGP,ARM,107.405
SGP,ASM,53349.5
SGP,ATG,73.78
SGP,AUS,10793222.951
SGP,AUT,0.81
SGP,AZE,3292.293
SGP,BEL,1608.5259999999998
SGP,BEN,172.473
SGP,BFA,227.452
SGP,BGD,1676735.13
SGP,BGR,43.57
SGP,BHR,574.2
SGP,BIH,9.679
SGP,BLR,174.52
SGP,BLZ,87.135
SGP,BOL,15962.677
SGP,BRA,9422.048
SGP,BRB,64.784
SGP,BRN,1864.2649999999999
SGP,CAF,39.94
SGP,CAN,34119.643
SGP,CHE,3.952
SGP,CHL,17139.292
SGP,CHN,3130880.023
SGP,CIV,258.467
SGP,CMR,2629.14
SGP,COD,70016.2
SGP,COG,626.53
SGP,COK,29.79
SGP,COL,2281.839
SGP,COM,21.84
SGP,CRI,580.594
SGP,CUB,16.15
SGP,CXR,0.38
SGP,CYP,9.682
SGP,CZE,2.482
SGP,DEU,27.466
SGP,DJI,16.34
SGP,DMA,81.0
SGP,DNK,10.713
SGP,DOM,30.774
SGP,ECU,197.305
SGP,EGY,83797.139
SGP,ESP,67062.105
SGP,EST,139.033
SGP,FIN,5856.345
SGP,FJI,904224.927
SGP,FRA,1153381.2999999998
SGP,FSM,259.89
SGP,GAB,764.17
SGP,GBR,63514.368
SGP,GEO,107.08
SGP,GHA,5716.33
SGP,GIN,1534.67
SGP,GMB,17.03
SGP,GNQ,117.12
SGP,GRC,0.024
SGP,GTM,1272.22
SGP,GUM,233892.9
SGP,GUY,740.65
SGP,HKG,3806501.522
SGP,HND,991.321
SGP,HUN,3.285
SGP,IDN,15083666.542999998
SGP,IND,760026.271
SGP,IOT,0.09
SGP,IRL,0.002
SGP,IRQ,1912.07
SGP,ISL,10.409
SGP,ISR,94205.18
SGP,ITA,19448.455
SGP,JAM,41.56
SGP,JOR,357.89
SGP,JPN,434940.747
SGP,KAZ,1505.72
SGP,KEN,2223.944
SGP,KGZ,153.682
SGP,KHM,728197.714
SGP,KIR,99.01
SGP,KOR,1496790.6700000002
SGP,KWT,589.45
SGP,LAO,858.862
SGP,LBN,53.32
SGP,LBR,216.14
SGP,LBY,63.25
SGP,LKA,1459494.764
SGP,LSO,67.344
SGP,LTU,0.01
SGP,LVA,2.09
SGP,MAC,8361.813
SGP,MAR,176.038
SGP,MDA,5.657
SGP,MDG,171.17
SGP,MDV,86156.265
SGP,MEX,269221.139
SGP,MHL,366772.0
SGP,MKD,9.016
SGP,MLI,63.06
SGP,MLT,0.401
SGP,MMR,3084165.825
SGP,MNG,7260.31
SGP,MNP,102593.8
SGP,MOZ,185096.123
SGP,MRT,556.406
SGP,MUS,6462.574
SGP,MWI,784.886
SGP,MYS,12428135.109
SGP,NAM,67716.1
SGP,NCL,464117.6
SGP,NGA,6739.118
SGP,NIC,862.507
SGP,NLD,314653.011
SGP,NOR,1.623
SGP,NPL,4388.71
SGP,NRU,0.86
SGP,NZL,2700501.6240000003
SGP,OMN,195277.1
SGP,PAK,1197544.2079999999
SGP,PAN,7161.8099999999995
SGP,PER,4799.652
SGP,PHL,1486395.294
SGP,PLW,378.51
SGP,PNG,855657.188
SGP,POL,6.056
SGP,PRY,414563.90900000004
SGP,PYF,70441.8
SGP,QAT,180581.771
SGP,ROU,0.073
SGP,RUS,2838.54
SGP,RWA,11.97
SGP,S19,1233970.808
SGP,SAU,10365.921
SGP,SEN,598.378
SGP,SLB,133485.7
SGP,SLE,684.18
SGP,SLV,1053.427
SGP,SRB,11.876
SGP,SSD,15.9
SGP,SUR,72.597
SGP,SVK,0.021
SGP,SVN,0.289
SGP,SWE,7.08
SGP,SYC,299.774
SGP,TCD,300.99
SGP,TGO,83120.5
SGP,THA,2912155.065
SGP,TJK,136.73
SGP,TKM,0.07
SGP,TLS,53481.369999999995
SGP,TON,779.86
SGP,TTO,47.29
SGP,TUN,52.736
SGP,TUR,12.51
SGP,TZA,19442.31
SGP,UGA,2706.1699999999996
SGP,URY,18327.872
SGP,USA,1571976.0990000002
SGP,UZB,230.982
SGP,VEN,22.43
SGP,VNM,3267171.78
SGP,VUT,31421.07
SGP,WLF,53.55
SGP,WSM,126303.8
SGP,YEM,88.48
SGP,ZAF,113463.837
SGP,ZMB,360281.365
SGP,ZWE,249953.595
SHN,CZE,1.11
SHN,FJI,2006.53
SHN,FRA,0.019
SLB,CHE,0.537
SLB,EST,0.656
SLB,NLD,0.02
SLE,AUT,0.01
SLE,BEL,0.01
SLE,CZE,0.058
SLE,FRA,0.073
SLE,MNE,2.072
SLE,MYS,3.118
SLV,AND,36.828
SLV,AUT,0.009
SLV,BEL,0.001
SLV,BLZ,3755.568
SLV,BRB,1.356
SLV,CRI,8486.256
SLV,DEU,0.014
SLV,DOM,2956.7
SLV,ECU,6.877
SLV,ESP,17784.354
SLV,GTM,85665.593
SLV,HND,51675.653999999995
SLV,HTI,928.886
SLV,JAM,1280.095
SLV,JPN,0.56
SLV,MEX,18007.035
SLV,NAM,0.048
SLV,NIC,85112.61799999999
SLV,NLD,0.04
SLV,PAN,7642.559
SLV,PER,1265.271
SLV,POL,1.083
SLV,SWE,0.001
SLV,TTO,217.087
SLV,URY,38.609
SLV,USA,10985.272
SMR,AUT,20.893
SMR,FRA,0.206
SOM,IND,14.66
SPM,NLD,2.73
SPM,UGA,261.934
SRB,ALB,566.086
SRB,ARE,419.051
SRB,ARM,7.376
SRB,AUT,166.697
SRB,AZE,18.641
SRB,BEL,0.005
SRB,BGR,58814.003000000004
SRB,BHR,0.002
SRB,BIH,248861.329
SRB,BLR,1078.87
SRB,CAN,0.004
SRB,CHE,3525.051
SRB,CHL,21.132
SRB,CHN,117.502
SRB,CIV,21.402
SRB,COD,35.756
SRB,COG,21.6
SRB,CUB,17.828
SRB,CYP,84.483
SRB,CZE,223.387
SRB,DEU,7979.379000000001
SRB,DNK,0.037
SRB,DZA,66.346
SRB,EGY,829.855
SRB,ESP,185.082
SRB,EST,41.002
SRB,FRA,3.26
SRB,GBR,49.196
SRB,GEO,366.486
SRB,GNQ,3.25
SRB,GRC,4307.564
SRB,HRV,7048.853
SRB,HUN,639802.156
SRB,IRL,0.036
SRB,IRQ,38.861
SRB,ISL,0.7
SRB,ISR,20.988
SRB,ITA,6.954000000000001
SRB,JOR,3.819
SRB,KAZ,814.246
SRB,KEN,0.003
SRB,KGZ,294.743
SRB,LBN,0.016
SRB,LBY,95.932
SRB,LVA,20.5
SRB,MDA,156.182
SRB,MKD,23165.588
SRB,MLT,137.868
SRB,MNE,20692.144
SRB,MNG,21.75
SRB,NAM,0.008
SRB,NIC,52.447
SRB,NLD,11401.675
SRB,NOR,581.817
SRB,POL,592.551
SRB,QAT,1530.13
SRB,ROU,29714.852
SRB,RUS,15.796
SRB,SAU,227.251
SRB,SGP,50.545
SRB,SVK,3366.377
SRB,SVN,1936.281
SRB,SWE,27.963
SRB,TUN,593.746
SRB,TUR,5193.281000000001
SRB,UKR,387.084
SRB,USA,166.75
SRB,UZB,283.458
SRB,VNM,0.775
SSD,CHN,462716.1
SSD,JPN,13925.4
SSD,MOZ,0.005
SSD,SGP,258822.0
SSD,UGA,922.998
STP,FRA,74.54
STP,NAM,0.001
STP,NLD,0.019
STP,PAK,4944.0
STP,USA,10.176
SUR,FRA,10436.05
SUR,GTM,0.96
SUR,IND,64.304
SUR,NLD,0.40700000000000003
SUR,SVN,0.191
SUR,USA,13.001
SVK,ALB,39.125
SVK,ARE,2.929
SVK,ARM,1.436
SVK,AUS,0.97
SVK,AUT,100474.418
SVK,AZE,22.243
SVK,BEL,64.466
SVK,BGR,1859.982
SVK,BHR,0.176
SVK,BIH,31622.779000000002
SVK,BLR,820.97
SVK,BRA,0.622
SVK,CAN,7.757
SVK,CHE,0.16
SVK,CHL,0.11
SVK,CHN,3.49
SVK,CMR,0.116
SVK,COL,0.832
SVK,CUB,0.022
SVK,CYP,11.603
SVK,CZE,820449.177
SVK,DEU,70842.30200000001
SVK,DNK,7.5729999999999995
SVK,ECU,75998.2
SVK,EGY,1.53
SVK,ESP,326.157
SVK,EST,17.637999999999998
SVK,FIN,0.006
SVK,FRA,12.216
SVK,GBR,1.849
SVK,GRC,6.818
SVK,GTM,0.154
SVK,HKG,3.691
SVK,HRV,54231.253
SVK,HUN,1001254.7930000001
SVK,IND,0.004
SVK,IRL,0.247
SVK,IRQ,10.82
SVK,ISR,10.148
SVK,ITA,206.806
SVK,JPN,5.808
SVK,KAZ,26.049
SVK,KEN,0.001
SVK,KGZ,314.197
SVK,KOR,0.005
SVK,LTU,25.598
SVK,LUX,0.001
SVK,LVA,3873.278
SVK,MAR,37.615
SVK,MDA,5372.234
SVK,MKD,588.5419999999999
SVK,MLT,50.531
SVK,MNE,1383.963
SVK,MUS,0.021
SVK,MYS,0.02
SVK,NLD,23275.259000000002
SVK,NOR,0.74
SVK,NZL,0.003
SVK,PAK,1.0
SVK,PER,0.059
SVK,POL,90306.738
SVK,PRT,10.937999999999999
SVK,ROU,48647.928
SVK,S19,232.08
SVK,SEN,19.136
SVK,SGP,0.01
SVK,SRB,13222.074
SVK,SVN,18915.26
SVK,SWE,3.207
SVK,TUN,0.009
SVK,TUR,11.74
SVK,TZA,0.001
SVK,UKR,426652.629
SVK,USA,56.703
SVK,ZAF,25.698
SVN,ALB,490.274
SVN,AUT,426009.081
SVN,AZE,24.534
SVN,BEL,127.21600000000001
SVN,BGR,149.74599999999998
SVN,BIH,8841.701
SVN,BLR,172.196
SVN,CAN,0.01
SVN,CHE,10.493
SVN,CHL,0.09
SVN,CHN,113.874
SVN,CMR,13.734
SVN,CYP,68.15
SVN,CZE,237.66299999999998
SVN,DEU,169297.36
SVN,DNK,0.072
SVN,EGY,79.311
SVN,ESP,205.836
SVN,EST,19.124
SVN,FIN,244.199
SVN,FRA,1114.104
SVN,GBR,8.386
SVN,GEO,0.145
SVN,GRC,51.547
SVN,GTM,0.099
SVN,HKG,25.982
SVN,HRV,769482.443
SVN,HUN,288589.694
SVN,IDN,0.005
SVN,IND,0.057
SVN,IRL,92.872
SVN,IRN,143.598
SVN,ISR,25.362
SVN,ITA,506036.302
SVN,KAZ,40.361
SVN,KGZ,97.47
SVN,KOR,0.176
SVN,LBN,1.721
SVN,LTU,12.8
SVN,LUX,8.573
SVN,LVA,33.975
SVN,MDA,0.791
SVN,MEX,0.001
SVN,MKD,300.662
SVN,MLT,2941.955
SVN,MNE,479.922
SVN,MNG,2.5
SVN,MYS,251.797
SVN,NAM,0.01
SVN,NLD,683.936
SVN,NOR,216.432
SVN,NZL,0.09
SVN,PHL,0.221
SVN,POL,982.054
SVN,PRT,65.05499999999999
SVN,ROU,2513.5910000000003
SVN,S19,194.726
SVN,SAU,0.002
SVN,SGP,40.062
SVN,SLV,0.005
SVN,SRB,26181.388
SVN,SVK,71053.826
SVN,SWE,0.099
SVN,THA,2.267
SVN,TUN,37.387
SVN,TUR,47.51
SVN,UKR,14541.376
SVN,USA,0.002
SVN,UZB,0.013
SVN,VNM,11.32
SVN,ZAF,0.035
SWE,AGO,249.27
SWE,ALB,72.652
SWE,ARE,308.145
SWE,ARG,3604.261
SWE,ARM,79.471
SWE,ATG,0.341
SWE,AUS,469.118
SWE,AUT,3087.018
SWE,AZE,36.331
SWE,BEL,854161.012
SWE,BEN,0.91
SWE,BFA,4.617
SWE,BGR,82.566
SWE,BHR,1.533
SWE,BHS,3.187
SWE,BIH,37.821
SWE,BLZ,0.017
SWE,BOL,20.866
SWE,BRA,3844.0139999999997
SWE,BRB,5.441
SWE,BRN,1.179
SWE,CAN,56064.303
SWE,CHE,3995.246
SWE,CHL,160.501
SWE,CHN,1727.979
SWE,CIV,13.113
SWE,CMR,1.252
SWE,COD,9.194
SWE,COG,24.827
SWE,COL,96.273
SWE,CRI,69.097
SWE,CYP,27.541
SWE,CZE,904.6750000000001
SWE,DEU,525188.3319999999
SWE,DNK,1046673.888
SWE,DOM,33697.905
SWE,DZA,134.803
SWE,ECU,70.548
SWE,EGY,130170.673
SWE,ERI,24.0
SWE,ESP,64497.238
SWE,EST,110920.938
SWE,FIN,1718430.9649999999
SWE,FJI,0.549
SWE,FRA,314470.638
SWE,GAB,6.487
SWE,GBR,1213764.186
SWE,GEO,17.982
SWE,GHA,32.2
SWE,GIB,154313.0
SWE,GIN,4.666
SWE,GMB,0.5
SWE,GRC,150.286
SWE,GRL,201967.398
SWE,GTM,10.858
SWE,GUY,3.3
SWE,HKG,11.874
SWE,HND,3.371
SWE,HRV,129.146
SWE,HUN,1738.368
SWE,IDN,437.24
SWE,IND,17069.003
SWE,IRL,78442.541
SWE,IRN,22.193
SWE,IRQ,32.842
SWE,ISL,6705.478
SWE,ISR,479.239
SWE,ITA,3150.901
SWE,JAM,0.683
SWE,JOR,7.17
SWE,JPN,150.247
SWE,KAZ,372.578
SWE,KEN,10.619
SWE,KGZ,52.532
SWE,KHM,0.569
SWE,KOR,248.128
SWE,KWT,0.918
SWE,LBN,4.024
SWE,LBR,1.0
SWE,LBY,10.015
SWE,LKA,409.514
SWE,LTU,2073.23
SWE,LUX,33.464999999999996
SWE,LVA,37791.468
SWE,MAR,48350.224
SWE,MDA,6.835
SWE,MDG,0.197
SWE,MDV,23.07
SWE,MEX,174.509
SWE,MKD,44.778999999999996
SWE,MLI,29.038
SWE,MLT,122599.557
SWE,MNE,22.706
SWE,MNG,9.967
SWE,MOZ,272.834
SWE,MUS,1.841
SWE,MWI,2.132
SWE,MYS,235.315
SWE,NAM,20455.145
SWE,NGA,34.71
SWE,NIC,17.639
SWE,NLD,1297016.2689999999
SWE,NOR,2043603.341
SWE,NPL,16.388
SWE,NZL,56.986
SWE,OMN,7.715
SWE,PAK,158.0
SWE,PAN,22.034
SWE,PER,189.775
SWE,PHL,8.379
SWE,PNG,10.0
SWE,POL,1211310.474
SWE,PRT,17.802
SWE,PRY,90.618
SWE,PYF,1.707
SWE,QAT,103453.686
SWE,ROU,623.724
SWE,S19,764.437
SWE,SAU,292.462
SWE,SEN,24240.088
SWE,SGP,165181.811
SWE,SLB,0.114
SWE,SLE,0.114
SWE,SLV,2.638
SWE,SRB,640.337
SWE,SUR,15.795
SWE,SVK,97.317
SWE,SVN,571.162
SWE,SWZ,0.114
SWE,SYC,0.006
SWE,TCD,2.049
SWE,THA,2443.877
SWE,TTO,4.341
SWE,TUN,199.85
SWE,TUR,59443.582
SWE,TZA,4.758
SWE,UGA,8.898
SWE,UKR,133470.299
SWE,URY,9.448
SWE,USA,537094.117
SWE,UZB,10.665
SWE,VNM,760.703
SWE,YEM,0.797
SWE,ZAF,148265.756
SWE,ZMB,107.719
SWZ,ARG,0.011
SWZ,CAN,0.002
SWZ,COL,0.023
SWZ,FRA,0.024
SWZ,ISR,1227.347
SWZ,KEN,2.515
SWZ,MDV,0.832
SWZ,MOZ,4290.66
SWZ,MUS,0.005
SWZ,NAM,0.01
SWZ,SAU,0.64
SWZ,ZAF,247.599
SWZ,ZMB,505.242
SXM,BEL,0.001
SXM,FIN,0.015
SXM,FRA,0.064
SXM,NLD,0.479
SYC,ARE,258957.947
SYC,BEL,0.011
SYC,CHE,20.0
SYC,DEU,0.004
SYC,ESP,0.02
SYC,EST,4.308
SYC,KEN,0.313
SYC,KOR,15.0
SYC,MUS,0.03
SYC,NLD,0.084
SYC,PHL,0.001
SYC,SGP,0.008
SYC,ZAF,0.003
SYC,ZMB,6367.02
SYC,ZWE,286.236
SYR,KOR,5.556
SYR,TUR,25.2
TCA,BEN,6251.57
TCA,BHS,797.41
TCA,CAN,0.001
TCA,FIN,0.002
TCD,CHN,1214666.4009999998
TCD,DEU,1750370.017
TCD,ESP,0.005
TCD,FRA,1128104.026
TCD,MYS,268389.0
TCD,NER,2628.924
TCD,NLD,792486.0
TCD,S19,201260.0
TCD,USA,148875.993
TGO,BEL,0.053
TGO,BEN,94327.143
TGO,BFA,1776.35
TGO,CAF,321.76
TGO,CIV,23578.1
TGO,ESP,0.015
TGO,FRA,4714.059
TGO,GMB,15556.59
TGO,MRT,4986.37
TGO,NAM,73378.7
TGO,NGA,84.064
TGO,NLD,8.081
TGO,PRY,2394.6
TGO,SEN,850.319
TGO,SGP,86884.9
TGO,ZAF,103656.551
THA,ARE,3458.48
THA,ARM,101.197
THA,AUS,27158.482
THA,AUT,0.876
THA,AZE,117.791
THA,BEL,28.16
THA,BFA,23.43
THA,BGD,333757.122
THA,BHR,264.736
THA,BLR,45.451
THA,BRA,1015.715
THA,BRB,14.663
THA,BRN,42655.782
THA,BTN,6.685
THA,CAF,0.001
THA,CAN,7.660000000000001
THA,CHE,0.48
THA,CHL,225.454
THA,CHN,762186.33
THA,CIV,22.168
THA,COL,299.292
THA,CUB,14.801
THA,CYP,0.775
THA,CZE,0.774
THA,DEU,6.439
THA,DJI,133.741
THA,DNK,0.597
THA,ECU,1952.407
THA,EGY,341.687
THA,ESP,3.802
THA,EST,0.402
THA,ETH,157.869
THA,FIN,0.318
THA,FJI,135.188
THA,FRA,0.513
THA,GAB,2.83
THA,GBR,485.003
THA,GEO,336.019
THA,GHA,86.174
THA,GIN,45.645
THA,GTM,79.081
THA,HKG,343517.365
THA,HND,15.46
THA,HUN,0.012
THA,IDN,128594.448
THA,IND,23305.44
THA,IRL,0.035
THA,IRN,117.391
THA,IRQ,139.157
THA,ISL,0.025
THA,ISR,23.495
THA,ITA,4.589
THA,JOR,573.574
THA,JPN,105308.207
THA,KAZ,1875.225
THA,KEN,193.339
THA,KGZ,398.917
THA,KHM,1687201.7050000003
THA,KIR,0.02
THA,KOR,524081.95699999994
THA,KWT,435.954
THA,LAO,1546683.1889999998
THA,LBN,120.665
THA,LBY,96.578
THA,LKA,4826.486
THA,LSO,227.359
THA,LTU,22.472
THA,LUX,0.005
THA,MAC,20.946
THA,MAR,392.208
THA,MDA,32.623
THA,MDG,67.656
THA,MDV,214.20000000000002
THA,MEX,261.009
THA,MHL,17.35
THA,MKD,0.031
THA,MLT,0.05
THA,MMR,613563.7270000001
THA,MNG,630.758
THA,MOZ,0.004
THA,MUS,21.336
THA,MWI,3.875
THA,MYS,2027732.534
THA,NAM,4781.84
THA,NCL,61.91
THA,NGA,2097.6
THA,NIC,0.001
THA,NLD,310.932
THA,NOR,0.392
THA,NPL,76.914
THA,NZL,5393.13
THA,OMN,507.738
THA,PAK,2631.243
THA,PAN,100.906
THA,PER,98.34
THA,PHL,299847.834
THA,PNG,52.448
THA,POL,3.481
THA,PRY,0.018
THA,PYF,20.591
THA,QAT,540.121
THA,ROU,30.851
THA,RUS,5336.353
THA,S19,86958.51999999999
THA,SAU,2737.077
THA,SGP,1724906.854
THA,SLB,0.006
THA,SLV,10.822
THA,SOM,23.868
THA,SRB,0.004
THA,SVK,1.032
THA,SVN,0.038
THA,SWE,4.872
THA,SYC,2.136
THA,TGO,139.17
THA,TJK,45.93
THA,TLS,737.725
THA,TUN,15.405
THA,TUR,36.195
THA,TZA,112.335
THA,UGA,120.12
THA,UKR,51.088
THA,USA,27002.042
THA,UZB,406.087
THA,VNM,1048750.083
THA,VUT,48.966
THA,ZAF,18798.343
THA,ZWE,22.807000000000002
TKM,AZE,776598.0
TKM,BGR,262549.53
TKM,CHN,18974531.546
TKM,COL,83.281
TKM,CZE,0.112
TKM,ECU,62.875
TKM,GRC,525913.0
TKM,IND,10439.12
TKM,ITA,18786.267
TKM,KAZ,269315.651
TKM,KGZ,2000.0
TKM,MAR,694.502
TKM,POL,364.6
TKM,ROU,1668.451
TKM,SGP,191908.0
TKM,TUR,1634088.935
TKM,UKR,24180.1
TKM,UZB,1438961.737
TLS,KOR,4.241
TLS,SGP,40.0
TLS,THA,75885.7
TON,FJI,21.0
TON,GMB,9104.95
TON,NLD,0.001
TON,SGP,0.022
TTO,ARG,93856.17
TTO,BEL,118663.175
TTO,BHS,17.123
TTO,BMU,0.005
TTO,BRB,392837.602
TTO,CAN,363888.642
TTO,CHL,1084230.0
TTO,CHN,229471.6
TTO,COL,192364.83
TTO,CRI,250.289
TTO,DOM,815804.494
TTO,ESP,42289.9
TTO,FRA,150759.906
TTO,GBR,474837.3
TTO,GTM,1590.858
TTO,HND,1431.99
TTO,HRV,266476.5
TTO,IND,382001.045
TTO,ITA,157511.0
TTO,JPN,59632.0
TTO,KOR,8603.09
TTO,LTU,102122.0
TTO,MLT,224931.3
TTO,NIC,2863.43
TTO,NLD,876371.048
TTO,PER,299161.5
TTO,PRT,38124.1
TTO,SGP,231013.063
TTO,SLV,329742.3
TTO,SRB,0.204
TTO,SYC,0.013
TTO,THA,192876.3
TTO,USA,3572268.235
TUN,ALB,22.633
TUN,AUT,54128.354
TUN,BEL,25.815
TUN,BFA,70.4
TUN,BGR,141266.474
TUN,CHE,88458.598
TUN,CHN,320498.8
TUN,CIV,441.275
TUN,CMR,284.285
TUN,CZE,7.028
TUN,DEU,81304.7
TUN,DZA,15.757
TUN,EGY,14.02
TUN,ESP,63947.022000000004
TUN,FRA,5845.07
TUN,GAB,57.643
TUN,GBR,100861.113
TUN,GHA,12.862
TUN,GRC,64031.259
TUN,GTM,0.005
TUN,HKG,16.857
TUN,HRV,0.187
TUN,IND,75.053
TUN,ITA,323602.42
TUN,LBY,1016.481
TUN,MAR,3009.312
TUN,MDA,198.48
TUN,MKD,0.004
TUN,MLT,48303.417
TUN,MRT,119.227
TUN,MYS,59334.67
TUN,NER,544.96
TUN,NLD,49482.570999999996
TUN,NOR,12278.573
TUN,PAK,40.0
TUN,POL,0.111
TUN,QAT,7846.13
TUN,ROU,8844.174
TUN,S19,48810.1
TUN,SEN,259.149
TUN,SGP,87621.513
TUN,SRB,156.61
TUN,SVN,12.999
TUN,TCD,129.071
TUN,TGO,32.946
TUN,THA,42041.0
TUN,TUR,87856.163
TUN,TZA,36.8
TUN,UKR,4881.19
TUN,USA,0.008
TUR,AFG,231.57
TUR,AGO,95.379
TUR,ALB,56145.583
TUR,ARE,1248725.5580000002
TUR,ARG,87.449
TUR,ARM,8168.187
TUR,ATG,4936.263
TUR,AUS,164.979
TUR,AUT,3756.67
TUR,AZE,21246.128
TUR,BEL,180318.073
TUR,BEN,747.56
TUR,BFA,444.495
TUR,BGD,12427.193
TUR,BGR,480291.53300000005
TUR,BHR,733.715
TUR,BHS,2437.944
TUR,BIH,2301.995
TUR,BLR,3291.17
TUR,BLZ,2261.481
TUR,BMU,30.297
TUR,BOL,132.319
TUR,BRA,2325.649
TUR,BRB,6299.048
TUR,BRN,0.6
TUR,CAF,57.14
TUR,CAN,11623.358
TUR,CHE,45928.438
TUR,CHL,2987.176
TUR,CHN,57266.585
TUR,CIV,53877.176
TUR,CMR,3381.602
TUR,COD,209.46
TUR,COG,210.757
TUR,COK,2432.618
TUR,COL,362.107
TUR,COM,3518.37
TUR,CRI,782.233
TUR,CUB,49.518
TUR,CUW,3.41
TUR,CYM,11199.648
TUR,CYP,736722.629
TUR,CZE,241.204
TUR,DEU,359299.967
TUR,DJI,4022.969
TUR,DMA,5.419
TUR,DNK,44689.989
TUR,DOM,1397.35
TUR,DZA,30120.647
TUR,ECU,123.688
TUR,EGY,886174.278
TUR,ERI,184.3
TUR,ESP,586855.898
TUR,EST,9245.592
TUR,ETH,9.163
TUR,FIN,7471.068
TUR,FJI,5.237
TUR,FRA,179591.685
TUR,GAB,3909.902
TUR,GBR,1624772.3090000001
TUR,GEO,75953.93800000001
TUR,GHA,4471.873
TUR,GIB,158664.609
TUR,GIN,3387.177
TUR,GMB,1730.232
TUR,GNB,1944.838
TUR,GNQ,253.614
TUR,GRC,2259683.336
TUR,GRD,66.715
TUR,GTM,139.036
TUR,GUY,321.726
TUR,HKG,20720.743
TUR,HND,156.457
TUR,HRV,12305.536
TUR,HUN,167988.342
TUR,IDN,5168.019
TUR,IND,946323.794
TUR,IRL,9933.926000000001
TUR,IRN,1948.732
TUR,IRQ,58898.473999999995
TUR,ISL,7531.193
TUR,ISR,9911.733
TUR,ITA,923288.775
TUR,JAM,380.0
TUR,JOR,24872.308
TUR,JPN,2471.983
TUR,KAZ,22555.796000000002
TUR,KEN,34101.739
TUR,KGZ,5342.648
TUR,KHM,158.535
TUR,KNA,5509.571
TUR,KOR,94937.874
TUR,KWT,967.012
TUR,LBN,420152.497
TUR,LBR,86258.83
TUR,LBY,221861.59
TUR,LCA,1.0
TUR,LKA,7.735
TUR,LTU,329.085
TUR,LUX,74.038
TUR,LVA,219.68
TUR,MAR,501930.744
TUR,MDA,41681.134
TUR,MDG,113.051
TUR,MDV,635.204
TUR,MEX,1007.059
TUR,MHL,104640.628
TUR,MKD,2469.722
TUR,MLI,914.035
TUR,MLT,100658.041
TUR,MMR,17.946
TUR,MNE,1150.978
TUR,MNG,422.069
TUR,MNP,4.368
TUR,MOZ,2095.953
TUR,MRT,1066.929
TUR,MUS,194.569
TUR,MWI,24.917
TUR,MYS,17289.022
TUR,NAM,0.031
TUR,NCL,489.381
TUR,NER,230.867
TUR,NGA,4302.011
TUR,NIC,77.703
TUR,NIU,108.189
TUR,NLD,1859386.9470000002
TUR,NOR,1995.897
TUR,NPL,0.003
TUR,NZL,0.561
TUR,OMN,3242.009
TUR,PAK,6428.456
TUR,PAN,34166.938
TUR,PER,256.555
TUR,PHL,432.239
TUR,PLW,6759.324
TUR,POL,4053.262
TUR,PRT,102205.411
TUR,PRY,289.797
TUR,PSE,3287.171
TUR,PYF,0.004
TUR,QAT,1240.971
TUR,ROU,1263598.25
TUR,RUS,87143.546
TUR,RWA,55.457
TUR,S19,565.559
TUR,SAU,71794.992
TUR,SDN,2393.797
TUR,SEN,10362.056
TUR,SGP,1739304.742
TUR,SLE,3979.66
TUR,SLV,36.587
TUR,SMR,604.331
TUR,SOM,1180.632
TUR,SRB,11523.729000000001
TUR,SSD,8.842
TUR,STP,71.512
TUR,SUR,653.278
TUR,SVK,27.496
TUR,SVN,276908.2
TUR,SWE,3430.673
TUR,SWZ,4.575
TUR,SYC,1017.225
TUR,SYR,149542.398
TUR,TGO,2758.175
TUR,THA,240.43
TUR,TJK,2747.659
TUR,TKM,7576.644
TUR,TON,61.485
TUR,TTO,163.398
TUR,TUN,73862.07800000001
TUR,TUV,162.24
TUR,TZA,4274.077
TUR,UGA,288.835
TUR,UKR,436525.951
TUR,URY,380.266
TUR,USA,1341241.344
TUR,UZB,11602.802
TUR,VCT,8187.771
TUR,VEN,8827.459
TUR,VGB,509.505
TUR,VNM,1309.506
TUR,VUT,961.51
TUR,YEM,5538.319
TUR,ZAF,60961.09099999999
TUR,ZMB,1.644
TUR,ZWE,21.527
TUV,FJI,8.0
TUV,THA,12.0
TUV,ZAF,37.55
TZA,ARE,0.35
TZA,BDI,1387.8990000000001
TZA,BEL,0.015
TZA,CIV,0.012
TZA,COD,6548.91
TZA,COG,1059.6
TZA,COM,19.654
TZA,DJI,146.58
TZA,EGY,0.053
TZA,ETH,1797.7800000000002
TZA,FRA,0.13
TZA,IND,132.8
TZA,ISL,111.994
TZA,KEN,18303.422
TZA,MLT,0.015
TZA,MOZ,41275.16499999999
TZA,MUS,12766.9
TZA,MWI,54747.309
TZA,NLD,0.057
TZA,RWA,12091.889000000001
TZA,SGP,21.761
TZA,SLE,1.824
TZA,SOM,50.0
TZA,SSD,1457.9
TZA,TUR,0.14
TZA,UGA,57202.872
TZA,ZAF,1717.545
TZA,ZMB,234633.003
TZA,ZWE,6.368
UGA,AGO,0.054
UGA,ARE,19547.1
UGA,BDI,181.057
UGA,BEL,38.988
UGA,CHE,11.002
UGA,CHN,1.37
UGA,COD,1879.447
UGA,COG,13.218
UGA,CZE,2.51
UGA,DEU,25613.523
UGA,DZA,26207.4
UGA,ESP,0.01
UGA,ETH,16396.7
UGA,FRA,0.083
UGA,GAB,0.198
UGA,GBR,2108.64
UGA,HKG,1.767
UGA,ISL,1.543
UGA,ITA,0.001
UGA,KEN,570.233
UGA,KWT,137.44
UGA,MDG,0.05
UGA,MLT,30.771
UGA,NGA,1.37
UGA,POL,17.201
UGA,RWA,412.782
UGA,SDN,47.16
UGA,SOM,2.234
UGA,SSD,1537.775
UGA,TUR,9487.19
UGA,TZA,33.818
UGA,UKR,16.518
UGA,USA,25439.412
UGA,ZAF,201.451
UGA,ZMB,21.195
UGA,ZWE,0.002
UKR,AGO,49.836
UKR,ALB,0.155
UKR,ARE,24.685
UKR,ARG,126.345
UKR,ARM,26.656
UKR,AUS,5.297
UKR,AZE,175.056
UKR,BEL,0.001
UKR,BGR,107.236
UKR,BRN,0.09
UKR,CAF,0.558
UKR,CAN,56.931
UKR,CHL,447.478
UKR,CHN,31.181
UKR,CIV,9.882
UKR,CMR,51.275
UKR,COD,0.436
UKR,COM,15.48
UKR,CYP,7.288
UKR,CZE,10.948
UKR,DEU,43.316
UKR,DOM,201.823
UKR,DZA,45.548
UKR,ECU,173.066
UKR,EGY,167.111
UKR,ESP,58.33
UKR,EST,16.917
UKR,FIN,19.188
UKR,FRA,11.598
UKR,GBR,37.629
UKR,GEO,228.401
UKR,GHA,830.082
UKR,GIB,16.4
UKR,GNQ,0.525
UKR,HRV,0.046
UKR,HUN,15384.805
UKR,IND,2.331
UKR,IRL,209.762
UKR,IRQ,408.058
UKR,ISL,0.002
UKR,ISR,271.233
UKR,ITA,129.859
UKR,JOR,36.648
UKR,JPN,1.228
UKR,KAZ,3.201
UKR,KEN,43.834
UKR,KGZ,0.572
UKR,KHM,13.704
UKR,KNA,111.718
UKR,KOR,41.669
UKR,KWT,48.0
UKR,LBN,291.91
UKR,LBR,51.035
UKR,LBY,772.918
UKR,LTU,707.021
UKR,LVA,0.036
UKR,MDA,297530.65300000005
UKR,MEX,0.111
UKR,MHL,208.489
UKR,MKD,11.145
UKR,MMR,148.061
UKR,MRT,12.616
UKR,MUS,29.982
UKR,MYS,43269.338
UKR,NAM,0.016
UKR,NGA,217.11
UKR,NLD,176.96
UKR,NOR,0.001
UKR,NZL,88.644
UKR,PAK,1.23
UKR,PAN,334.212
UKR,PER,10.315
UKR,PHL,17.378
UKR,PLW,72.384
UKR,POL,133.907
UKR,PRT,24.98
UKR,QAT,20.7
UKR,ROU,230.298
UKR,S19,82.291
UKR,SAU,0.211
UKR,SEN,15.68
UKR,SGP,106.99
UKR,SLE,25.78
UKR,SLV,3.249
UKR,SOM,1.016
UKR,SRB,0.291
UKR,SSD,0.972
UKR,SVK,125.751
UKR,SVN,0.123
UKR,SWE,37.292
UKR,TCD,2.355
UKR,TGO,16.464
UKR,THA,31.109
UKR,TJK,39.566
UKR,TUN,0.011
UKR,TUR,685.427
UKR,TUV,8.925
UKR,TZA,76.03
UKR,UGA,1.417
UKR,URY,20.097
UKR,USA,663.491
UKR,UZB,30.842000000000002
UKR,VEN,518.262
UKR,VNM,565.844
UKR,VUT,10.898
UKR,ZAF,7.785
URY,ARG,0.865
URY,BEL,0.031
URY,BOL,16139.343
URY,BRA,0.003
URY,CHE,0.002
URY,CHL,0.473
URY,DEU,0.18
URY,FRA,0.057
URY,GTM,0.017
URY,HND,0.752
URY,KOR,27431.819
URY,NLD,0.264
URY,PRY,86.823
URY,UGA,46.944
URY,USA,0.954
USA,ABW,312205.735
USA,AGO,1986.551
USA,AIA,14701.473
USA,ALB,54880.937000000005
USA,ARE,222163.77
USA,ARG,1553168.536
USA,ARM,63.064
USA,ATG,369816.672
USA,AUS,2245037.073
USA,AUT,78492.895
USA,AZE,673.128
USA,BEL,4800181.77
USA,BEN,22563.902000000002
USA,BFA,89961.0
USA,BGD,214301.069
USA,BGR,30152.77
USA,BHR,312.768
USA,BHS,3558072.351
USA,BIH,327.252
USA,BLZ,243347.811
USA,BMU,119831.845
USA,BOL,306870.181
USA,BRA,10938310.696
USA,BRB,73584.831
USA,BRN,154.245
USA,CAN,42783924.637
USA,CHE,1455831.914
USA,CHL,8748909.19
USA,CHN,32726094.171
USA,CIV,661424.6719999999
USA,CMR,932.604
USA,COD,2.59
USA,COG,83.191
USA,COL,6800722.01
USA,CRI,2607876.827
USA,CUB,5499.499
USA,CUW,659829.8309999999
USA,CXR,29.733
USA,CYM,289553.70499999996
USA,CYP,4565.916
USA,CZE,549.624
USA,DEU,17504670.386
USA,DJI,86.337
USA,DMA,2491.848
USA,DNK,3450804.6160000004
USA,DOM,6348754.414
USA,DZA,16270.311
USA,ECU,5430242.776
USA,EGY,3501601.497
USA,ESP,15565581.591
USA,EST,359651.479
USA,ETH,173.946
USA,FIN,1403368.392
USA,FJI,69.116
USA,FRA,19559278.798
USA,FSM,135.058
USA,GAB,33.836
USA,GBR,25576139.606
USA,GEO,629.45
USA,GHA,1624.443
USA,GIB,780978.566
USA,GIN,16.695
USA,GMB,8.763
USA,GNQ,453.541
USA,GRC,1240147.195
USA,GRD,37520.929
USA,GRL,1.113
USA,GTM,5264404.238
USA,GUY,111688.54000000001
USA,HKG,1925.7440000000001
USA,HND,2995065.1010000003
USA,HRV,1066940.1850000003
USA,HTI,771960.696
USA,HUN,2240.2
USA,IDN,4693238.342
USA,IND,12955096.364
USA,IOT,0.795
USA,IRL,1954010.111
USA,IRQ,11701.830999999998
USA,ISL,140187.43699999998
USA,ISR,187174.79499999998
USA,ITA,8621296.19
USA,JAM,1565031.141
USA,JOR,396536.894
USA,JPN,16154210.637
USA,KAZ,1648.817
USA,KEN,359404.174
USA,KGZ,465.436
USA,KHM,367.14
USA,KNA,18264.636
USA,KOR,35304671.263
USA,KWT,383305.605
USA,LAO,23.373
USA,LBN,1120.896
USA,LBR,149626.795
USA,LBY,1690.427
USA,LCA,1078528.6120000002
USA,LKA,38.364
USA,LTU,1536740.636
USA,LUX,18.444000000000003
USA,LVA,45109.638
USA,MAC,21.148
USA,MAR,5800162.009
USA,MDA,2479.7419999999997
USA,MDG,11870.815
USA,MDV,47.803
USA,MEX,57925642.879
USA,MHL,2.703
USA,MKD,2546.3469999999998
USA,MLI,67.838
USA,MLT,56395.183
USA,MMR,65.094
USA,MNE,209.116
USA,MNG,388.755
USA,MOZ,39.362
USA,MRT,509.94599999999997
USA,MSR,45.172
USA,MUS,5299.627
USA,MWI,192.684
USA,MYS,2010738.9309999999
USA,NAM,22987.432
USA,NCL,5.565
USA,NER,947.7049999999999
USA,NGA,3001834.9439999997
USA,NIC,1459169.929
USA,NLD,49059908.881
USA,NOR,1196056.9230000002
USA,NZL,912.098
USA,OMN,349.53999999999996
USA,PAK,168196.234
USA,PAN,5150162.552
USA,PER,5987411.585
USA,PHL,102145.216
USA,PLW,0.795
USA,PNG,78.58600000000001
USA,POL,5330314.862
USA,PRT,2051580.936
USA,PRY,537918.0
USA,PYF,91.54599999999999
USA,QAT,5988.168
USA,ROU,145335.71300000002
USA,RUS,156.297
USA,RWA,156.615
USA,S19,15492560.23
USA,SAU,37420.819
USA,SEN,180523.997
USA,SGP,15342390.572999999
USA,SLB,5.406
USA,SLE,6045.657
USA,SLV,2541744.79
USA,SOM,65.508
USA,SRB,8959.112
USA,SUR,57474.742
USA,SVK,37476.432
USA,SVN,50158.543
USA,SWE,2948345.53
USA,SXM,132238.55000000002
USA,SYC,6.04
USA,TCA,62687.224
USA,TCD,49.691
USA,TGO,103426.797
USA,THA,7053393.094
USA,TKM,141.939
USA,TTO,1793519.3150000002
USA,TUN,25463.915999999997
USA,TUR,2982695.391
USA,TZA,176652.161
USA,UGA,38095.078
USA,UKR,497482.301
USA,URY,215818.76499999998
USA,UZB,224.305
USA,VCT,21624.068
USA,VEN,3899538.035
USA,VGB,75392.506
USA,VNM,72860.581
USA,VUT,1.431
USA,WSM,24.578
USA,ZAF,1278108.582
USA,ZMB,4779.104
USA,ZWE,9525.569
UZB,AFG,299883.05
UZB,ARE,25258.1
UZB,AUT,805.501
UZB,AZE,1176.312
UZB,BEL,0.072
UZB,BHR,29.433
UZB,BLR,976.54
UZB,CHE,12.98
UZB,CHN,1445141.025
UZB,COL,156.86
UZB,DEU,162.473
UZB,DNK,26360.4
UZB,EGY,96.35
UZB,ESP,416.68
UZB,EST,18399.164
UZB,FIN,536.054
UZB,FRA,2332.783
UZB,GBR,1532.059
UZB,GEO,622.113
UZB,GRC,5045.31
UZB,HKG,119.85
UZB,HUN,267.38
UZB,IDN,1574.61
UZB,IND,440.608
UZB,IRL,132.48
UZB,IRN,50.81
UZB,ITA,2348.066
UZB,KAZ,4037.535
UZB,KGZ,9049.723
UZB,KOR,638.856
UZB,KWT,1766.7
UZB,LTU,2561.922
UZB,LUX,65.045
UZB,LVA,4776.874
UZB,MLT,94.74
UZB,MNG,20.196
UZB,NLD,181.743
UZB,PAK,2.0
UZB,PER,43.42
UZB,POL,707.295
UZB,QAT,218.407
UZB,ROU,2983.16
UZB,RUS,27939.5
UZB,SAU,3856.8
UZB,SGP,7918.22
UZB,SMR,11.81
UZB,SRB,48.0
UZB,SVK,1.61
UZB,SWE,8.5
UZB,TJK,68886.825
UZB,TKM,22.34
UZB,TUR,45966.69
UZB,UKR,24.8
UZB,USA,204860.0
UZB,VGB,7033.8
UZB,ZAF,157.134
VCT,IND,95.2
VCT,NAM,4.2
VEN,BRA,16528.0
VEN,CAN,0.001
VEN,CHN,1781196.0
VEN,DOM,8257.29
VEN,ESP,3105419.3
VEN,FRA,0.111
VEN,IND,3729070.8
VEN,ITA,352086.0
VEN,NLD,7942.03
VEN,POL,18426.8
VEN,SLV,7.024
VEN,USA,13248624.12
VGB,BOL,24034.332
VGB,SWE,0.657
VGB,ZMB,1344.01
VGB,ZWE,31.168
VNM,AUS,1027339.672
VNM,AUT,9.5
VNM,AZE,0.097
VNM,BEL,0.05
VNM,BGR,0.051
VNM,BIH,0.07100000000000001
VNM,BRN,236500.08
VNM,CAN,0.257
VNM,CHE,0.24
VNM,CHL,0.08
VNM,CHN,32095.641
VNM,CIV,1.612
VNM,CZE,2.811
VNM,DEU,0.028
VNM,DNK,0.166
VNM,FJI,5.04
VNM,FRA,0.029
VNM,GTM,36.619
VNM,HKG,4984.0
VNM,IDN,13419.177
VNM,IND,244.311
VNM,IRL,0.016
VNM,ISL,21.355
VNM,JPN,229675.389
VNM,KAZ,91.953
VNM,KGZ,42.663
VNM,KHM,1165672.554
VNM,KOR,12265.403999999999
VNM,KWT,18.278
VNM,LKA,1.212
VNM,MKD,0.004
VNM,MMR,2586.951
VNM,MNE,0.004
VNM,MUS,0.009
VNM,MYS,139941.728
VNM,NAM,0.058
VNM,NIC,1.551
VNM,NLD,1.5
VNM,NOR,0.171
VNM,NZL,425.515
VNM,PER,35.814
VNM,PHL,35516.443
VNM,POL,0.885
VNM,S19,6994.935
VNM,SAU,1.468
VNM,SGP,463393.02
VNM,SRB,0.007
VNM,SVK,0.003
VNM,SVN,0.025
VNM,THA,768344.5610000001
VNM,TZA,917.874
VNM,UZB,22.0
VUT,AUS,7.75
VUT,KOR,49.641
VUT,NAM,14.14
WLF,NZL,14.697
WSM,ISL,50.743
ZAF,ABW,797.278
ZAF,AFG,0.093
ZAF,AGO,68205.781
ZAF,ARE,43877.167
ZAF,ATG,12361.601
ZAF,AUS,165.241
ZAF,AUT,1.249
ZAF,BDI,166.709
ZAF,BEL,1807.347
ZAF,BEN,17.818
ZAF,BFA,116.791
ZAF,BGD,3679.0
ZAF,BGR,0.279
ZAF,BHS,28210.836
ZAF,BLZ,1103.144
ZAF,BMU,4711.153
ZAF,BRA,8458.89
ZAF,BRB,2555.212
ZAF,BRN,0.743
ZAF,BWA,914891.511
ZAF,CAN,0.044
ZAF,CHE,9.941
ZAF,CHL,0.941
ZAF,CHN,27733.238
ZAF,CIV,26.106
ZAF,CMR,274.975
ZAF,COD,78876.533
ZAF,COG,1484.814
ZAF,COL,1.35
ZAF,CPV,0.027
ZAF,CUB,0.011
ZAF,CYM,8676.018
ZAF,CYP,13026.246
ZAF,CZE,0.052
ZAF,DEU,5999.569
ZAF,DJI,0.005
ZAF,DMA,331.746
ZAF,DNK,3914.938
ZAF,ECU,0.002
ZAF,EGY,0.047
ZAF,ERI,0.017
ZAF,ESP,2223.298
ZAF,ETH,7.704
ZAF,FIN,969.0
ZAF,FRA,252.552
ZAF,GAB,107.297
ZAF,GBR,986.495
ZAF,GHA,496.88399999999996
ZAF,GIB,1478.296
ZAF,GIN,61.285000000000004
ZAF,GMB,285.836
ZAF,GNQ,0.267
ZAF,GRC,1570.506
ZAF,HKG,20913.099
ZAF,HRV,456.0
ZAF,IDN,43.242
ZAF,IND,15795.922
ZAF,IRL,0.036
ZAF,ISL,45.777
ZAF,ISR,3.432
ZAF,ITA,4875.096
ZAF,JPN,5824.839
ZAF,KAZ,0.013
ZAF,KEN,138.35000000000002
ZAF,KNA,538.714
ZAF,KOR,80.81800000000001
ZAF,KWT,3319.99
ZAF,LBR,164876.639
ZAF,LBY,595.017
ZAF,LCA,0.485
ZAF,LKA,3380.012
ZAF,LSO,299538.27599999995
ZAF,LTU,0.045
ZAF,LUX,594.725
ZAF,MAR,1.093
ZAF,MDA,19.0
ZAF,MDG,1308.977
ZAF,MHL,87397.28
ZAF,MLI,18.416
ZAF,MLT,1243.107
ZAF,MMR,25549.869
ZAF,MOZ,83090.249
ZAF,MRT,7.651
ZAF,MUS,131857.901
ZAF,MWI,7083.87
ZAF,MYS,375.859
ZAF,NAM,38815.695999999996
ZAF,NER,0.082
ZAF,NGA,299.867
ZAF,NLD,8441.497
ZAF,NOR,5278.878
ZAF,NZL,0.001
ZAF,PAK,4.417
ZAF,PAN,58971.704
ZAF,PHL,1719.751
ZAF,PLW,149.966
ZAF,POL,0.022
ZAF,PRT,16992.32
ZAF,QAT,22797.9
ZAF,RUS,1375.322
ZAF,RWA,41.94
ZAF,S19,928.993
ZAF,SAU,345.959
ZAF,SDN,0.135
ZAF,SEN,6452.827
ZAF,SGP,57426.25
ZAF,SHN,422.02
ZAF,SLE,347.67
ZAF,SLV,0.003
ZAF,SOM,0.632
ZAF,SSD,0.148
ZAF,SVK,0.3
ZAF,SWE,1.466
ZAF,SWZ,328375.62399999995
ZAF,SYC,44.056999999999995
ZAF,TGO,32.166
ZAF,THA,79.013
ZAF,TUR,1.005
ZAF,TUV,85.0
ZAF,TZA,2216.733
ZAF,UGA,40.799
ZAF,URY,0.025
ZAF,USA,64048.07
ZAF,VCT,1742.842
ZAF,VGB,175.721
ZAF,VNM,478.03
ZAF,VUT,410.4
ZAF,ZMB,68500.11499999999
ZAF,ZWE,228672.948
ZMB,BWA,0.651
ZMB,COD,485.23199999999997
ZMB,DEU,0.032
ZMB,IND,35.86
ZMB,ISL,6.074
ZMB,MOZ,76.516
ZMB,MWI,256.222
ZMB,NAM,0.04
ZMB,RWA,79.342
ZMB,TZA,87.582
ZMB,UGA,0.026
ZMB,ZAF,63.144
ZMB,ZWE,53.76499999999999
ZWE,MOZ,0.137
ZWE,NLD,0.006
ZWE,SOM,0.061
ZWE,ZAF,30.544
ZWE,ZMB,389.043
